# Neuron 0: 116 entries
# Connections: [22, 28, 9, 123, 54, 153, 66, 17, 134, 34, 79, 98]
0 0
1 0
4 0
5 0
34 0
35 0
38 0
39 0
65 0
68 0
69 0
99 0
102 0
103 0
128 0
132 0
256 0
257 0
260 0
261 0
290 2
291 3
294 3
295 2
321 0
325 0
355 0
359 0
384 2
385 3
388 1
389 3
418 3
419 3
422 3
423 3
483 3
486 2
487 0
512 0
513 0
516 0
517 0
551 0
577 0
581 0
644 0
772 0
773 0
3088 0
3089 0
3092 0
3093 0
3122 0
3123 0
3126 0
3127 0
3153 0
3157 0
3187 0
3191 0
3344 0
3345 0
3348 0
3349 0
3379 1
3382 0
3383 0
3409 0
3413 0
3443 3
3446 2
3447 0
3472 1
3473 3
3476 2
3477 3
3506 3
3507 3
3510 0
3511 0
3571 3
3574 2
3575 1
3600 0
3601 0
3604 0
3605 0
3635 0
3638 0
3639 0
3665 0
3669 0
3699 0
3703 0
3732 0
3733 0
3856 1
3857 0
3860 0
3861 0
3894 3
3895 3
3921 0
3925 0
3955 3
3959 1
3984 3
3985 3
3988 3
3989 3
4019 3
4022 3
4023 3
4083 3
4087 3

# Neuron 1: 104 entries
# Connections: [86, 9, 69, 67, 110, 63, 32, 165, 160, 156, 49, 99]
32 0
40 0
48 0
49 0
52 0
53 0
56 0
57 0
98 0
106 3
107 3
114 3
115 3
122 3
161 0
177 0
181 0
816 0
817 0
820 0
821 0
882 3
883 2
887 2
945 0
1056 0
1064 0
1072 0
1073 0
1076 0
1077 0
1122 1
1123 0
1130 3
1131 3
1138 3
1139 3
1146 3
1147 0
1201 0
1205 0
1840 1
1841 0
1845 0
1906 3
1969 0
2080 0
2088 0
2096 0
2097 0
2100 0
2101 0
2146 2
2154 3
2155 3
2162 0
2163 3
2170 3
2225 0
2229 0
2283 3
2291 3
2864 3
2865 1
2868 0
2869 0
2930 3
2931 3
2934 3
2935 2
2993 0
2997 2
3059 3
3063 3
3104 0
3105 0
3112 0
3113 0
3120 0
3121 0
3124 0
3125 0
3170 1
3178 3
3179 3
3186 0
3187 0
3194 3
3249 0
3253 0
3307 3
3315 3
3888 1
3889 0
3892 1
3893 0
3954 3
3955 3
3958 0
3959 3
4017 0
4021 3
4083 3
4087 3

# Neuron 2: 210 entries
# Connections: [82, 154, 55, 173, 134, 7, 102, 163, 73, 40, 4, 141]
0 0
4 0
8 0
12 0
16 0
20 2
32 0
36 0
40 0
44 0
66 0
70 0
74 0
78 0
82 0
86 0
98 0
102 0
106 0
110 0
256 0
260 0
264 0
268 0
272 0
276 0
280 0
284 0
288 0
292 0
296 0
304 0
322 0
326 0
338 0
342 0
346 0
350 0
354 0
358 0
362 0
370 0
512 0
516 0
528 3
532 2
560 2
594 3
598 1
626 2
768 0
772 3
784 3
788 3
816 3
820 1
834 0
838 3
850 3
854 3
858 2
882 0
886 1
1036 0
1056 0
1060 0
1280 0
1284 0
1346 0
1350 0
1548 2
2048 0
2052 0
2056 0
2060 0
2064 0
2068 0
2080 0
2084 0
2088 0
2092 0
2096 0
2114 0
2118 0
2122 0
2126 0
2130 0
2134 0
2146 0
2150 0
2154 0
2158 0
2162 0
2166 0
2304 0
2308 0
2312 1
2316 0
2320 0
2324 0
2328 3
2332 0
2336 0
2340 0
2344 0
2348 0
2352 0
2356 0
2360 3
2370 0
2374 0
2378 2
2382 0
2386 0
2390 0
2394 3
2398 0
2402 0
2406 0
2410 0
2414 0
2418 0
2426 3
2560 0
2564 0
2568 3
2572 0
2576 3
2600 3
2604 3
2608 3
2630 0
2634 3
2638 1
2666 3
2670 0
2674 3
2678 3
2816 0
2824 2
2828 0
2832 3
2836 2
2840 3
2844 3
2856 2
2864 3
2868 2
2872 3
2876 2
2882 0
2886 3
2890 3
2894 2
2898 3
2902 3
2906 3
2910 3
2922 3
2930 3
2934 3
2938 3
3072 0
3076 0
3080 0
3084 0
3104 0
3108 0
3112 0
3116 0
3138 0
3142 0
3146 0
3150 0
3170 0
3174 0
3178 0
3182 0
3328 0
3332 0
3336 0
3340 0
3360 0
3364 0
3368 1
3372 0
3394 0
3398 0
3402 3
3406 0
3426 0
3430 0
3434 3
3438 0
3592 3
3596 2
3624 3
3628 0
3658 2
3662 1
3690 3
3694 3
3848 0
3852 0
3880 3
3884 1
3914 0
3918 0
3946 3
3950 0

# Neuron 3: 82 entries
# Connections: [151, 75, 69, 115, 30, 6, 55, 74, 145, 115, 71, 130]
0 0
1 0
9 0
32 0
64 0
65 0
73 0
96 0
128 0
129 0
137 0
192 0
193 0
201 0
224 3
260 0
261 0
269 0
292 3
293 0
324 0
325 0
333 0
356 3
357 0
388 0
389 0
397 0
420 1
452 0
453 0
461 0
484 3
485 0
1554 0
1555 0
1563 0
1618 0
1619 0
1627 0
1682 0
1683 0
1691 0
1746 0
1747 0
1755 0
1814 3
1815 0
1823 0
1846 3
1847 3
1878 3
1879 1
1910 3
1911 2
1943 0
1951 0
1974 3
1975 0
2006 3
2038 3
2039 1
2057 0
2121 0
2185 0
2249 0
2317 0
2381 0
2445 0
2509 0
3611 0
3675 0
3739 0
3803 0
3871 0
3903 3
3935 2
3967 3
3999 0
4031 0
4063 0
4095 3

# Neuron 4: 240 entries
# Connections: [67, 1, 152, 101, 162, 19, 128, 168, 83, 89, 62, 129]
32 0
33 0
34 3
35 0
40 0
41 0
42 2
44 0
45 0
46 3
47 0
49 0
50 3
57 0
61 0
96 0
97 0
98 3
104 0
105 0
108 0
109 0
110 2
113 0
121 0
125 0
160 0
162 1
172 0
174 3
224 0
232 0
236 0
288 3
289 0
290 3
297 0
298 3
300 0
301 0
302 3
305 0
306 3
313 0
317 0
318 3
352 3
353 0
354 3
361 0
365 0
366 2
377 0
381 0
416 0
424 0
428 0
430 3
545 0
553 0
557 0
561 0
569 0
573 0
609 0
617 0
621 0
633 0
637 0
801 0
809 0
813 0
817 0
825 0
829 0
873 0
877 0
889 0
893 0
1056 0
1057 0
1064 0
1120 0
1121 0
1122 3
1128 0
1129 0
1130 3
1132 0
1133 0
1134 3
1135 0
1136 0
1137 0
1138 3
1145 0
1149 0
1184 0
1186 0
1196 0
1248 0
1250 2
1260 0
1262 1
1321 0
1325 0
1341 0
1376 0
1377 0
1378 3
1385 0
1388 0
1389 0
1390 3
1393 0
1394 3
1401 0
1405 0
1406 3
1440 0
1452 0
1504 0
1516 0
1518 3
1581 0
1633 0
1641 0
1645 0
1657 0
1661 0
1833 0
1837 0
1853 0
1897 0
1901 0
1913 0
1917 0
2080 0
2081 0
2088 1
2089 0
2090 3
2092 3
2093 0
2094 3
2095 3
2109 0
2111 3
2144 0
2145 0
2153 0
2156 3
2157 0
2158 2
2159 0
2169 0
2208 0
2272 0
2337 0
2344 3
2345 0
2346 3
2348 3
2349 0
2350 3
2351 3
2361 0
2364 3
2365 0
2366 3
2367 3
2408 2
2409 0
2412 0
2413 0
2415 3
2425 0
2429 0
2431 2
2593 0
2601 0
2605 0
2607 1
2617 0
2621 0
2623 3
2665 0
2669 0
2671 0
2681 0
2685 0
2687 2
2851 2
2857 0
2861 0
2863 1
2873 0
2877 0
2879 3
2921 0
2925 0
2927 2
2941 0
2943 3
3105 0
3113 0
3168 0
3170 2
3176 3
3177 0
3178 3
3180 2
3181 0
3182 3
3183 2
3199 3
3296 0
3361 0
3369 0
3373 0
3425 0
3433 0
3436 3
3437 0
3438 3
3439 2
3452 3
3453 0
3454 3
3681 0
3689 0
3693 0
3695 1
3709 3
3711 3
3945 0
3949 0
3951 3
3965 0
3967 3

# Neuron 5: 513 entries
# Connections: [131, 56, 95, 157, 28, 118, 155, 11, 174, 101, 33, 89]
0 0
1 0
2 0
3 0
8 0
9 0
10 0
16 0
18 0
26 0
64 0
65 3
66 0
67 3
68 3
69 3
70 3
71 3
72 0
73 0
74 0
76 0
78 0
82 0
86 0
90 0
91 0
128 0
129 0
130 0
131 0
136 0
138 0
144 0
146 0
147 0
152 0
154 0
192 0
194 0
195 2
196 2
198 2
199 0
200 0
202 0
204 2
206 2
208 0
210 0
211 3
214 0
215 3
216 1
218 0
222 0
513 0
515 0
531 0
539 0
577 2
581 1
583 3
585 0
589 0
591 0
599 0
641 0
643 0
659 0
663 0
667 0
727 0
731 0
735 0
1032 0
1034 0
1050 0
1088 3
1089 3
1090 3
1091 3
1092 3
1093 3
1094 3
1095 3
1096 3
1097 3
1098 3
1099 3
1100 3
1101 3
1102 3
1103 3
1178 0
1217 3
1218 2
1224 3
1226 3
1227 0
1228 3
1230 3
1234 3
1235 3
1237 3
1238 3
1239 3
1240 3
1242 3
1243 3
1244 3
1246 3
1247 3
1545 0
1601 3
1603 2
1605 3
1607 3
1609 3
1611 3
1613 3
1615 3
1691 0
1739 2
1743 2
1751 3
1755 3
1759 3
2048 0
2049 0
2050 0
2051 0
2052 0
2053 0
2054 0
2055 0
2056 0
2057 0
2058 0
2059 0
2060 0
2061 0
2062 0
2063 0
2066 0
2070 0
2074 0
2075 0
2076 0
2078 0
2079 0
2080 0
2081 0
2082 0
2083 0
2084 0
2085 0
2086 0
2087 0
2088 0
2089 0
2090 0
2091 0
2092 0
2093 0
2094 0
2095 0
2109 0
2111 0
2112 0
2113 0
2114 0
2115 0
2116 0
2117 0
2118 0
2119 0
2120 0
2121 0
2122 0
2123 0
2124 0
2125 0
2126 0
2127 0
2146 0
2148 0
2149 0
2150 0
2151 0
2154 0
2155 0
2157 0
2158 0
2159 0
2176 0
2177 0
2178 0
2179 0
2180 0
2181 0
2182 0
2183 0
2184 0
2185 0
2186 0
2187 0
2188 0
2189 0
2190 0
2191 0
2192 0
2193 0
2194 0
2195 0
2196 0
2197 0
2198 0
2199 0
2200 0
2201 0
2202 0
2203 0
2204 0
2205 0
2206 0
2207 0
2208 0
2210 0
2211 0
2212 0
2213 0
2214 0
2215 0
2216 0
2217 0
2218 0
2219 0
2220 0
2221 0
2222 0
2223 0
2224 0
2226 0
2227 0
2228 0
2229 0
2230 0
2231 0
2232 0
2233 0
2234 0
2235 0
2236 0
2237 0
2238 0
2239 0
2240 0
2242 0
2243 0
2244 0
2245 0
2246 0
2247 0
2250 0
2251 0
2253 0
2254 0
2255 0
2256 0
2258 0
2259 0
2261 0
2262 0
2263 0
2270 0
2271 0
2292 0
2294 0
2299 0
2302 0
2336 0
2337 0
2338 0
2339 0
2340 0
2341 0
2342 0
2343 0
2344 0
2345 0
2346 0
2347 0
2348 0
2349 0
2350 0
2351 0
2366 0
2367 0
2400 0
2401 0
2402 0
2403 0
2404 0
2405 0
2406 0
2407 0
2409 0
2410 0
2411 0
2413 0
2414 0
2415 0
2465 0
2466 0
2467 0
2468 0
2469 0
2470 0
2471 0
2472 0
2473 0
2474 0
2475 0
2476 0
2477 0
2478 0
2479 0
2482 0
2483 0
2484 0
2485 0
2486 0
2487 0
2488 0
2489 0
2490 0
2491 0
2492 0
2493 0
2494 0
2495 0
2530 0
2531 0
2535 0
2539 0
2541 0
2545 3
2547 1
2549 0
2550 0
2551 0
2555 0
2556 0
2558 0
2561 0
2563 0
2565 0
2567 0
2569 0
2571 0
2573 0
2575 0
2589 0
2591 0
2597 0
2599 0
2601 0
2603 0
2605 0
2607 0
2617 0
2627 0
2629 0
2631 0
2637 0
2639 0
2661 0
2663 0
2669 0
2671 0
2691 0
2693 0
2695 0
2697 0
2699 0
2701 0
2703 0
2707 0
2709 0
2711 0
2713 0
2715 0
2717 0
2719 0
2721 0
2725 0
2727 0
2731 0
2733 0
2735 0
2741 0
2743 0
2745 0
2747 0
2749 0
2751 0
2759 0
2767 0
2771 0
2775 0
2791 0
2807 0
2851 0
2853 0
2855 0
2857 0
2859 0
2861 0
2863 0
2913 0
2915 0
2917 3
2919 1
2921 0
2923 0
2927 0
2979 0
2981 0
2983 0
2985 0
2987 0
2989 0
2991 0
2995 0
2997 0
2999 0
3001 0
3003 0
3005 0
3007 0
3043 0
3045 3
3047 0
3051 0
3055 0
3059 0
3063 3
3136 0
3137 3
3138 0
3145 3
3147 2
3149 3
3151 3
3267 0
3273 2
3275 0
3277 2
3279 3
3289 3
3291 2
3295 1
3425 2
3427 0
3429 2
3431 0
3433 3
3435 0
3437 3
3438 2
3439 0
3555 0
3559 0
3561 3
3563 0
3565 3
3567 2
3569 3
3571 0
3575 0
3577 3
3579 2
3581 3
3583 3
3651 0
3655 2
3657 2
3659 3
3661 3
3663 2
3789 2
3795 0
3803 3
3807 2
3939 0
3941 3
3943 0
3945 3
3947 2
3949 3
3951 3
4071 0
4073 3
4075 1
4077 3
4079 3
4083 0
4085 3
4087 1
4091 1
4093 3
4095 3

# Neuron 6: 116 entries
# Connections: [22, 28, 9, 123, 54, 153, 66, 17, 134, 34, 79, 98]
0 0
1 0
4 0
5 0
34 0
35 0
38 0
39 0
65 0
68 0
69 0
99 0
102 0
103 0
128 0
132 0
256 0
257 0
260 0
261 0
290 2
291 3
294 3
295 2
321 0
325 0
355 0
359 0
384 2
385 3
388 1
389 3
418 3
419 3
422 3
423 3
483 3
486 2
487 0
512 0
513 0
516 0
517 0
551 0
577 0
581 0
644 0
772 0
773 0
3088 0
3089 0
3092 0
3093 0
3122 0
3123 0
3126 0
3127 0
3153 0
3157 0
3187 0
3191 0
3344 0
3345 0
3348 0
3349 0
3379 1
3382 0
3383 0
3409 0
3413 0
3443 3
3446 2
3447 0
3472 1
3473 3
3476 2
3477 3
3506 3
3507 3
3510 0
3511 0
3571 3
3574 2
3575 1
3600 0
3601 0
3604 0
3605 0
3635 0
3638 0
3639 0
3665 0
3669 0
3699 0
3703 0
3732 0
3733 0
3856 1
3857 0
3860 0
3861 0
3894 3
3895 3
3921 0
3925 0
3955 3
3959 1
3984 3
3985 3
3988 3
3989 3
4019 3
4022 3
4023 3
4083 3
4087 3

# Neuron 7: 116 entries
# Connections: [3, 117, 32, 44, 63, 147, 174, 73, 153, 68, 65, 125]
512 0
534 0
544 0
566 0
576 0
584 0
598 0
606 0
608 0
616 0
630 0
638 0
672 0
768 0
790 0
800 0
822 0
832 0
840 0
854 0
862 0
864 0
872 0
886 0
894 0
928 0
1537 0
1559 3
1569 0
1591 0
1601 0
1609 0
1623 0
1631 0
1633 0
1641 0
1655 0
1663 0
1665 0
1687 3
1697 3
1719 3
1759 0
1791 3
1793 0
1815 0
1825 0
1847 0
1857 0
1865 0
1879 0
1887 0
1889 0
1897 0
1911 0
1919 0
1921 0
1943 1
1953 2
1975 1
2015 0
2047 1
2560 0
2582 0
2592 0
2614 0
2624 0
2632 0
2646 0
2654 0
2656 0
2664 0
2678 0
2686 0
2720 0
2816 0
2838 0
2848 0
2880 0
2888 0
2902 0
2910 0
2912 0
2920 0
2934 0
2942 0
2976 3
3585 0
3607 3
3617 0
3649 0
3657 0
3671 0
3679 3
3681 0
3689 0
3713 3
3735 3
3745 3
3767 2
3807 1
3839 3
3841 0
3863 0
3873 0
3905 0
3913 0
3935 0
3937 0
3945 0
3967 0
3969 0
3991 2
4001 3
4063 0
4095 1

# Neuron 8: 179 entries
# Connections: [43, 115, 96, 164, 153, 106, 174, 34, 128, 160, 78, 66]
8 0
24 0
28 0
40 0
43 0
56 0
59 0
60 3
264 0
267 0
280 0
283 0
296 0
299 0
312 1
315 0
408 0
520 0
524 0
536 0
540 0
556 0
568 0
572 0
604 0
776 0
779 0
780 0
792 0
795 0
796 0
808 0
811 0
824 0
827 0
840 0
843 0
856 0
859 0
872 0
875 0
888 0
891 0
904 0
907 0
920 0
923 0
936 0
939 0
952 0
955 0
968 0
971 0
984 0
987 0
1000 0
1003 0
1016 0
1019 0
1032 0
1048 0
1064 2
1068 2
1080 0
1084 0
1288 0
1291 3
1304 0
1307 3
1320 2
1323 2
1324 3
1336 3
1340 3
1435 3
1467 2
1544 0
1547 3
1548 3
1560 0
1563 3
1576 3
1580 3
1592 2
1596 3
1611 3
1612 3
1627 3
1628 3
1644 3
1660 3
1800 0
1803 3
1816 0
1819 3
1832 3
1835 3
1836 3
1848 3
1851 3
1852 3
1864 0
1867 3
1880 0
1883 0
1896 3
1899 3
1912 3
1915 1
1928 0
1931 1
1944 0
1947 0
1960 0
1963 3
1976 0
1979 0
1992 0
1995 3
2008 0
2011 1
2024 0
2027 3
2040 0
2043 3
2072 0
2104 1
2108 3
2328 0
2331 0
2332 0
2360 1
2363 0
2459 0
2584 0
2588 0
2840 0
2843 0
2844 0
2872 0
2875 0
2904 0
2907 0
2936 0
2939 0
2968 0
2971 0
3000 0
3003 0
3032 0
3035 0
3064 0
3067 0
3132 3
3352 0
3355 0
3384 3
3387 0
3611 2
3640 3
3644 3
3676 3
3864 0
3867 0
3896 0
3899 0
3900 3
3928 0
3931 0
3960 0
3963 0
3992 0
3995 0
4024 0
4027 1
4056 0
4059 1
4088 0
4091 2

# Neuron 9: 176 entries
# Connections: [157, 6, 65, 134, 33, 56, 82, 75, 90, 51, 174, 122]
0 0
1 0
2 0
3 0
32 0
33 0
34 0
35 0
40 0
41 0
42 0
43 0
69 0
70 0
71 3
103 1
109 3
110 0
111 3
128 0
129 0
130 0
131 0
160 0
161 0
162 0
163 0
168 0
169 0
170 0
171 0
197 0
198 0
199 3
231 3
237 0
239 2
528 0
529 0
530 0
560 0
561 1
562 0
563 0
568 0
569 3
570 0
571 0
629 3
637 3
639 3
656 0
657 0
658 0
688 0
689 1
690 0
691 0
696 0
697 1
698 0
699 0
757 3
765 3
767 3
1024 0
1025 0
1026 0
1027 1
1056 0
1057 0
1058 0
1064 0
1065 0
1066 0
1095 3
1127 3
1152 0
1153 0
1154 0
1155 0
1184 0
1185 0
1186 0
1187 0
1192 0
1193 0
1194 0
1195 0
1221 3
1222 0
1223 3
1261 0
1262 0
1263 3
1592 0
1594 0
1653 3
1661 2
1663 3
1680 0
1682 0
1712 0
1713 3
1714 0
1715 0
1720 0
1721 3
1722 0
1749 2
1781 3
1789 3
1791 2
2048 0
2080 0
2081 0
2082 0
2088 0
2089 0
2090 0
2091 0
2176 0
2177 0
2208 0
2209 0
2210 0
2211 0
2216 0
2217 0
2218 0
2219 0
2608 0
2609 0
2610 0
2616 0
2617 3
2618 0
2619 0
2685 3
2687 3
2736 0
2737 0
2738 0
2739 0
2744 0
2745 0
2746 0
2747 0
2775 2
2805 0
2813 0
2815 0
3104 0
3106 0
3107 0
3112 0
3113 0
3114 0
3232 0
3233 0
3234 0
3235 0
3240 0
3241 0
3242 0
3641 3
3709 3
3711 3
3760 0
3761 0
3762 0
3769 3
3770 0
3771 0
3837 1
3839 3

# Neuron 10: 198 entries
# Connections: [174, 156, 55, 85, 141, 34, 14, 165, 17, 111, 48, 164]
2 0
10 0
18 0
19 0
23 0
26 0
27 0
51 0
59 0
66 0
82 0
83 0
87 0
91 0
98 0
106 0
114 0
115 0
119 0
122 0
123 0
258 0
266 0
274 3
275 1
278 3
279 0
283 0
287 0
315 0
319 0
322 0
339 0
343 0
347 0
351 0
354 0
362 0
370 0
378 2
379 0
383 0
514 3
531 0
595 0
603 2
635 3
770 3
774 3
787 3
791 3
795 3
827 3
851 0
859 0
874 3
878 3
890 3
891 0
894 3
895 2
1043 0
1051 0
1083 0
1107 0
1115 0
1147 0
1299 0
1303 2
1307 0
1311 1
1339 0
1343 0
1363 0
1367 0
1371 0
1375 0
1403 0
1407 1
1811 1
1815 3
1851 3
1855 3
1875 0
1879 3
1883 0
1887 2
1915 1
2050 0
2051 0
2066 0
2067 0
2071 0
2075 0
2107 0
2111 0
2130 0
2131 0
2135 0
2138 0
2139 0
2143 0
2146 0
2154 0
2162 0
2163 0
2167 0
2170 0
2171 0
2175 0
2322 0
2323 0
2327 0
2331 0
2335 0
2355 0
2363 0
2367 0
2387 0
2391 0
2395 0
2399 0
2402 0
2410 0
2418 0
2419 0
2423 0
2427 0
2431 0
2562 0
2578 3
2579 3
2586 0
2587 3
2619 3
2626 3
2627 3
2635 0
2642 3
2643 3
2651 3
2658 0
2666 0
2667 3
2682 3
2683 3
2818 3
2819 3
2822 3
2834 3
2835 3
2839 3
2843 3
2875 3
2882 3
2883 3
2899 3
2903 3
2907 0
2922 3
2923 3
2926 3
2938 3
2939 3
2943 3
3091 0
3099 0
3131 0
3155 0
3163 0
3187 0
3195 0
3347 0
3351 0
3355 0
3359 0
3387 0
3391 0
3411 0
3415 0
3419 0
3423 0
3443 0
3451 0
3455 0
3667 2
3859 3
3863 3
3867 3
3871 3
3899 3
3903 3
3923 0
3927 3
3931 1
3935 3
3963 3
3967 3

# Neuron 11: 116 entries
# Connections: [22, 28, 9, 123, 54, 153, 66, 17, 134, 34, 79, 98]
0 0
1 0
4 0
5 0
34 0
35 0
38 0
39 0
65 0
68 0
69 0
99 0
102 0
103 0
128 0
132 0
256 0
257 0
260 0
261 0
290 2
291 3
294 3
295 2
321 0
325 0
355 0
359 0
384 2
385 3
388 1
389 3
418 3
419 3
422 3
423 3
483 3
486 2
487 0
512 0
513 0
516 0
517 0
551 0
577 0
581 0
644 0
772 0
773 0
3088 0
3089 0
3092 0
3093 0
3122 0
3123 0
3126 0
3127 0
3153 0
3157 0
3187 0
3191 0
3344 0
3345 0
3348 0
3349 0
3379 1
3382 0
3383 0
3409 0
3413 0
3443 3
3446 2
3447 0
3472 1
3473 3
3476 2
3477 3
3506 3
3507 3
3510 0
3511 0
3571 3
3574 2
3575 1
3600 0
3601 0
3604 0
3605 0
3635 0
3638 0
3639 0
3665 0
3669 0
3699 0
3703 0
3732 0
3733 0
3856 1
3857 0
3860 0
3861 0
3894 3
3895 3
3921 0
3925 0
3955 3
3959 1
3984 3
3985 3
3988 3
3989 3
4019 3
4022 3
4023 3
4083 3
4087 3

# Neuron 12: 116 entries
# Connections: [22, 28, 9, 123, 54, 153, 66, 17, 134, 34, 79, 98]
0 0
1 0
4 0
5 0
34 0
35 0
38 0
39 0
65 0
68 0
69 0
99 0
102 0
103 0
128 0
132 0
256 0
257 0
260 0
261 0
290 2
291 3
294 3
295 2
321 0
325 0
355 0
359 0
384 2
385 3
388 1
389 3
418 3
419 3
422 3
423 3
483 3
486 2
487 0
512 0
513 0
516 0
517 0
551 0
577 0
581 0
644 0
772 0
773 0
3088 0
3089 0
3092 0
3093 0
3122 0
3123 0
3126 0
3127 0
3153 0
3157 0
3187 0
3191 0
3344 0
3345 0
3348 0
3349 0
3379 1
3382 0
3383 0
3409 0
3413 0
3443 3
3446 2
3447 0
3472 1
3473 3
3476 2
3477 3
3506 3
3507 3
3510 0
3511 0
3571 3
3574 2
3575 1
3600 0
3601 0
3604 0
3605 0
3635 0
3638 0
3639 0
3665 0
3669 0
3699 0
3703 0
3732 0
3733 0
3856 1
3857 0
3860 0
3861 0
3894 3
3895 3
3921 0
3925 0
3955 3
3959 1
3984 3
3985 3
3988 3
3989 3
4019 3
4022 3
4023 3
4083 3
4087 3

# Neuron 13: 198 entries
# Connections: [174, 156, 55, 85, 141, 34, 14, 165, 17, 111, 48, 164]
2 0
10 0
18 0
19 0
23 0
26 0
27 0
51 0
59 0
66 0
82 0
83 0
87 0
91 0
98 0
106 0
114 0
115 0
119 0
122 0
123 0
258 0
266 0
274 3
275 1
278 3
279 0
283 0
287 0
315 0
319 0
322 0
339 0
343 0
347 0
351 0
354 0
362 0
370 0
378 2
379 0
383 0
514 3
531 0
595 0
603 2
635 3
770 3
774 3
787 3
791 3
795 3
827 3
851 0
859 0
874 3
878 3
890 3
891 0
894 3
895 2
1043 0
1051 0
1083 0
1107 0
1115 0
1147 0
1299 0
1303 2
1307 0
1311 1
1339 0
1343 0
1363 0
1367 0
1371 0
1375 0
1403 0
1407 1
1811 1
1815 3
1851 3
1855 3
1875 0
1879 3
1883 0
1887 2
1915 1
2050 0
2051 0
2066 0
2067 0
2071 0
2075 0
2107 0
2111 0
2130 0
2131 0
2135 0
2138 0
2139 0
2143 0
2146 0
2154 0
2162 0
2163 0
2167 0
2170 0
2171 0
2175 0
2322 0
2323 0
2327 0
2331 0
2335 0
2355 0
2363 0
2367 0
2387 0
2391 0
2395 0
2399 0
2402 0
2410 0
2418 0
2419 0
2423 0
2427 0
2431 0
2562 0
2578 3
2579 3
2586 0
2587 3
2619 3
2626 3
2627 3
2635 0
2642 3
2643 3
2651 3
2658 0
2666 0
2667 3
2682 3
2683 3
2818 3
2819 3
2822 3
2834 3
2835 3
2839 3
2843 3
2875 3
2882 3
2883 3
2899 3
2903 3
2907 0
2922 3
2923 3
2926 3
2938 3
2939 3
2943 3
3091 0
3099 0
3131 0
3155 0
3163 0
3187 0
3195 0
3347 0
3351 0
3355 0
3359 0
3387 0
3391 0
3411 0
3415 0
3419 0
3423 0
3443 0
3451 0
3455 0
3667 2
3859 3
3863 3
3867 3
3871 3
3899 3
3903 3
3923 0
3927 3
3931 1
3935 3
3963 3
3967 3

# Neuron 14: 116 entries
# Connections: [22, 28, 9, 123, 54, 153, 66, 17, 134, 34, 79, 98]
0 0
1 0
4 0
5 0
34 0
35 0
38 0
39 0
65 0
68 0
69 0
99 0
102 0
103 0
128 0
132 0
256 0
257 0
260 0
261 0
290 2
291 3
294 3
295 2
321 0
325 0
355 0
359 0
384 2
385 3
388 1
389 3
418 3
419 3
422 3
423 3
483 3
486 2
487 0
512 0
513 0
516 0
517 0
551 0
577 0
581 0
644 0
772 0
773 0
3088 0
3089 0
3092 0
3093 0
3122 0
3123 0
3126 0
3127 0
3153 0
3157 0
3187 0
3191 0
3344 0
3345 0
3348 0
3349 0
3379 1
3382 0
3383 0
3409 0
3413 0
3443 3
3446 2
3447 0
3472 1
3473 3
3476 2
3477 3
3506 3
3507 3
3510 0
3511 0
3571 3
3574 2
3575 1
3600 0
3601 0
3604 0
3605 0
3635 0
3638 0
3639 0
3665 0
3669 0
3699 0
3703 0
3732 0
3733 0
3856 1
3857 0
3860 0
3861 0
3894 3
3895 3
3921 0
3925 0
3955 3
3959 1
3984 3
3985 3
3988 3
3989 3
4019 3
4022 3
4023 3
4083 3
4087 3

# Neuron 15: 349 entries
# Connections: [153, 108, 175, 91, 125, 93, 169, 29, 12, 12, 60, 46]
0 0
1 0
2 0
3 0
12 0
13 0
14 0
16 0
17 0
28 0
29 0
30 0
32 0
33 0
44 0
48 0
49 0
60 0
61 0
128 1
129 0
130 3
131 0
140 0
144 0
145 0
146 3
147 2
156 0
157 0
158 3
159 3
160 0
161 0
162 3
163 3
176 0
177 0
178 3
179 3
188 0
189 0
190 3
191 3
256 0
257 0
268 0
272 0
273 0
284 0
285 0
288 0
304 0
316 0
320 0
321 0
322 0
332 0
336 0
337 0
348 0
349 0
350 0
352 0
368 0
380 0
381 0
384 3
385 0
386 3
400 0
401 0
402 0
403 0
412 3
414 2
416 2
418 3
434 2
444 0
446 3
448 1
449 0
450 3
451 3
464 0
466 3
467 0
476 0
477 0
478 3
479 3
480 0
482 3
498 2
508 0
510 2
512 0
513 0
524 0
528 0
529 0
540 0
640 0
641 0
642 0
643 0
652 0
656 0
658 2
668 0
670 3
671 1
832 0
833 0
844 0
845 0
849 0
860 0
861 0
960 0
962 3
963 0
972 0
988 0
990 0
991 0
994 2
1024 0
1025 0
1036 0
1040 0
1041 0
1052 0
1053 0
1056 0
1072 0
1084 0
1152 0
1153 0
1154 2
1168 0
1169 0
1184 0
1280 0
1281 0
1296 0
1297 0
1308 0
1309 0
1312 0
1328 0
1340 0
1344 0
1345 0
1356 0
1360 0
1361 0
1372 0
1373 0
1376 0
1392 0
1404 0
1408 0
1409 0
1410 3
1424 0
1425 0
1426 2
1436 0
1437 0
1438 3
1472 2
1473 0
1474 3
1488 0
1489 0
1500 0
1501 0
1502 3
1504 1
1506 3
1532 2
1534 3
1535 2
1884 0
1984 0
1986 3
2012 0
2014 3
2018 3
2046 3
2047 3
2048 0
2049 0
2060 0
2061 0
2064 0
2065 0
2076 0
2077 0
2080 0
2096 0
2108 0
2109 0
2176 0
2177 0
2178 3
2179 0
2192 0
2193 0
2194 0
2195 0
2204 0
2205 0
2206 2
2207 0
2208 0
2304 0
2305 0
2316 0
2320 0
2321 0
2332 0
2333 0
2336 0
2352 0
2364 0
2368 0
2369 0
2380 0
2384 0
2385 0
2396 0
2397 0
2400 0
2412 0
2416 0
2428 0
2429 0
2432 0
2433 0
2434 1
2435 2
2448 0
2449 0
2450 0
2451 1
2460 3
2462 1
2463 2
2464 0
2466 2
2467 2
2480 0
2482 3
2492 0
2494 2
2496 0
2497 0
2498 2
2499 3
2512 0
2513 0
2514 2
2515 3
2524 0
2525 0
2526 3
2527 2
2528 0
2530 2
2546 2
2558 3
2688 0
2689 0
2704 0
2705 0
2716 2
2717 2
2897 0
2944 0
2961 0
3008 0
3024 2
3036 0
3056 0
3057 0
3072 0
3073 0
3084 0
3085 0
3088 0
3089 0
3100 0
3101 0
3104 0
3120 0
3132 0
3200 0
3201 0
3202 3
3217 0
3228 0
3229 0
3232 0
3260 0
3328 0
3329 0
3340 0
3344 0
3345 0
3356 0
3357 0
3360 0
3376 0
3388 0
3392 0
3393 0
3408 0
3409 0
3420 0
3421 0
3424 0
3440 0
3452 0
3456 0
3458 2
3459 2
3472 0
3473 0
3474 3
3475 2
3486 3
3488 0
3490 3
3506 2
3520 3
3521 0
3522 3
3523 3
3536 1
3537 0
3538 3
3548 2
3549 0
3550 3
3552 0
3554 3

# Neuron 16: 52 entries
# Connections: [154, 31, 38, 35, 38, 141, 0, 45, 124, 56, 134, 139]
32 0
36 0
40 0
44 3
288 0
292 3
296 0
300 3
928 0
932 2
936 0
940 3
944 0
948 0
952 0
956 3
1056 0
1064 0
1068 3
1312 0
1324 3
1952 0
1956 3
1960 0
1964 3
1968 0
1976 0
1980 3
2080 0
2088 0
2092 3
2336 0
2344 0
2348 0
2976 0
2984 0
2988 0
2992 0
3000 0
3004 1
3104 0
3112 2
3116 3
3360 0
3368 0
3372 3
4000 0
4008 0
4012 0
4016 0
4024 0
4028 0

# Neuron 17: 179 entries
# Connections: [43, 115, 96, 164, 153, 106, 174, 34, 128, 160, 78, 66]
8 0
24 0
28 0
40 0
43 0
56 0
59 0
60 3
264 0
267 0
280 0
283 0
296 0
299 0
312 1
315 0
408 0
520 0
524 0
536 0
540 0
556 0
568 0
572 0
604 0
776 0
779 0
780 0
792 0
795 0
796 0
808 0
811 0
824 0
827 0
840 0
843 0
856 0
859 0
872 0
875 0
888 0
891 0
904 0
907 0
920 0
923 0
936 0
939 0
952 0
955 0
968 0
971 0
984 0
987 0
1000 0
1003 0
1016 0
1019 0
1032 0
1048 0
1064 2
1068 2
1080 0
1084 0
1288 0
1291 3
1304 0
1307 3
1320 2
1323 2
1324 3
1336 3
1340 3
1435 3
1467 2
1544 0
1547 3
1548 3
1560 0
1563 3
1576 3
1580 3
1592 2
1596 3
1611 3
1612 3
1627 3
1628 3
1644 3
1660 3
1800 0
1803 3
1816 0
1819 3
1832 3
1835 3
1836 3
1848 3
1851 3
1852 3
1864 0
1867 3
1880 0
1883 0
1896 3
1899 3
1912 3
1915 1
1928 0
1931 1
1944 0
1947 0
1960 0
1963 3
1976 0
1979 0
1992 0
1995 3
2008 0
2011 1
2024 0
2027 3
2040 0
2043 3
2072 0
2104 1
2108 3
2328 0
2331 0
2332 0
2360 1
2363 0
2459 0
2584 0
2588 0
2840 0
2843 0
2844 0
2872 0
2875 0
2904 0
2907 0
2936 0
2939 0
2968 0
2971 0
3000 0
3003 0
3032 0
3035 0
3064 0
3067 0
3132 3
3352 0
3355 0
3384 3
3387 0
3611 2
3640 3
3644 3
3676 3
3864 0
3867 0
3896 0
3899 0
3900 3
3928 0
3931 0
3960 0
3963 0
3992 0
3995 0
4024 0
4027 1
4056 0
4059 1
4088 0
4091 2

# Neuron 18: 262 entries
# Connections: [89, 105, 63, 160, 103, 108, 173, 143, 80, 124, 11, 39]
0 0
1 0
2 0
3 0
4 0
5 0
6 0
7 0
8 0
9 0
10 0
11 0
12 0
13 0
14 0
15 0
32 0
33 0
34 0
35 0
36 0
37 0
38 0
39 0
40 0
41 0
42 0
43 0
44 1
45 0
46 1
47 0
128 0
129 0
130 0
131 0
132 0
136 0
137 0
138 0
139 0
140 0
141 0
160 0
161 0
166 0
168 0
169 0
171 0
172 0
173 0
174 0
175 0
256 0
258 0
259 0
288 0
289 0
290 0
291 0
296 0
297 0
516 0
517 0
518 3
519 1
544 0
545 0
546 0
547 3
548 3
549 3
550 3
551 3
556 2
558 3
559 3
646 2
676 3
677 0
679 1
684 2
772 3
802 3
803 3
804 3
805 3
806 3
807 3
934 0
935 0
1152 0
1153 0
1154 0
1155 0
1156 0
1158 0
1160 0
1161 0
1162 0
1163 0
1164 0
1165 0
1167 0
1184 0
1185 0
1186 0
1192 0
1193 0
1194 0
1195 0
1196 0
1197 0
1199 0
1216 0
1217 0
1218 0
1219 0
1224 0
1225 0
1226 0
1227 0
1228 0
1229 0
1230 0
1231 0
1248 0
1249 0
1250 0
1251 0
1256 0
1257 0
1258 0
1259 0
1260 0
1261 0
1262 0
1263 0
1700 3
1701 3
1708 2
1772 2
2056 0
2057 0
2058 0
2059 0
2060 0
2061 0
2062 0
2063 0
2088 0
2089 0
2090 0
2091 0
2092 1
2093 0
2094 3
2095 0
2184 0
2185 0
2186 0
2187 0
2188 0
2189 0
2190 0
2216 0
2217 0
2218 0
2219 0
2220 3
2221 0
2222 2
2223 0
2312 0
2313 0
2314 0
2315 0
2346 0
2347 0
2572 3
2573 2
2574 2
2575 1
2600 0
2602 0
2603 0
2604 1
2605 0
2606 3
2607 0
2700 2
2701 0
2702 1
2703 1
2732 3
2733 2
2734 3
2735 0
2828 3
2860 3
2861 3
2862 3
2863 3
2956 3
2988 3
2990 3
3208 0
3209 0
3210 0
3211 0
3212 0
3213 0
3214 0
3215 0
3240 0
3241 0
3242 0
3243 0
3244 0
3245 0
3246 0
3247 0
3272 0
3273 0
3274 0
3275 0
3276 0
3277 0
3278 0
3279 0
3304 0
3305 0
3306 0
3307 0
3308 3
3309 0
3310 2
3311 0
3531 0
3724 3
3725 0
3726 3
3727 3
3756 2
3757 2
3759 0
3788 3
3789 2
3790 3
3791 3
3820 3
3821 2
3822 3
3823 3
4012 3
4014 3
4044 3
4046 3
4047 3
4076 3
4077 3
4078 3

# Neuron 19: 146 entries
# Connections: [6, 171, 102, 98, 75, 9, 134, 128, 119, 88, 46, 108]
16 0
18 0
20 0
22 0
24 1
26 2
28 0
30 0
144 0
146 0
148 0
152 0
156 3
158 0
272 0
274 0
276 0
278 0
280 3
282 0
284 1
286 0
400 0
402 0
404 0
406 0
408 1
410 0
412 2
414 0
784 0
785 0
786 0
787 0
788 0
789 0
790 0
791 0
792 2
793 0
794 3
795 0
796 2
797 1
798 0
799 0
912 0
913 0
914 0
916 0
917 0
918 0
919 0
920 1
921 0
922 0
924 2
925 3
926 2
927 0
1048 3
1296 0
1300 0
1304 3
1424 0
1432 0
1436 3
1438 0
1808 0
1809 0
1812 0
1813 0
1816 0
1817 0
1820 0
1821 0
1936 0
1937 0
1940 0
1941 0
1944 0
1945 0
1948 3
1949 3
2128 0
2130 0
2132 0
2134 0
2136 3
2138 3
2256 0
2264 3
2268 3
2384 0
2386 0
2388 0
2390 0
2392 3
2394 0
2396 3
2398 0
2512 0
2514 0
2516 0
2518 0
2524 3
2526 1
2896 0
2897 0
2898 0
2899 0
2900 0
2901 0
2902 0
2903 0
2904 0
2905 0
2906 0
2907 0
2908 2
2909 3
2910 0
2911 2
3024 0
3025 0
3026 0
3027 0
3028 0
3029 0
3030 0
3031 0
3032 0
3034 0
3036 2
3037 3
3038 2
3408 0
3420 0
3920 0
3921 0
3924 0
3925 0
3929 0
3932 0
3933 0
4061 3

# Neuron 20: 513 entries
# Connections: [131, 56, 95, 157, 28, 118, 155, 11, 174, 101, 33, 89]
0 0
1 0
2 0
3 0
8 0
9 0
10 0
16 0
18 0
26 0
64 0
65 3
66 0
67 3
68 3
69 3
70 3
71 3
72 0
73 0
74 0
76 0
78 0
82 0
86 0
90 0
91 0
128 0
129 0
130 0
131 0
136 0
138 0
144 0
146 0
147 0
152 0
154 0
192 0
194 0
195 2
196 2
198 2
199 0
200 0
202 0
204 2
206 2
208 0
210 0
211 3
214 0
215 3
216 1
218 0
222 0
513 0
515 0
531 0
539 0
577 2
581 1
583 3
585 0
589 0
591 0
599 0
641 0
643 0
659 0
663 0
667 0
727 0
731 0
735 0
1032 0
1034 0
1050 0
1088 3
1089 3
1090 3
1091 3
1092 3
1093 3
1094 3
1095 3
1096 3
1097 3
1098 3
1099 3
1100 3
1101 3
1102 3
1103 3
1178 0
1217 3
1218 2
1224 3
1226 3
1227 0
1228 3
1230 3
1234 3
1235 3
1237 3
1238 3
1239 3
1240 3
1242 3
1243 3
1244 3
1246 3
1247 3
1545 0
1601 3
1603 2
1605 3
1607 3
1609 3
1611 3
1613 3
1615 3
1691 0
1739 2
1743 2
1751 3
1755 3
1759 3
2048 0
2049 0
2050 0
2051 0
2052 0
2053 0
2054 0
2055 0
2056 0
2057 0
2058 0
2059 0
2060 0
2061 0
2062 0
2063 0
2066 0
2070 0
2074 0
2075 0
2076 0
2078 0
2079 0
2080 0
2081 0
2082 0
2083 0
2084 0
2085 0
2086 0
2087 0
2088 0
2089 0
2090 0
2091 0
2092 0
2093 0
2094 0
2095 0
2109 0
2111 0
2112 0
2113 0
2114 0
2115 0
2116 0
2117 0
2118 0
2119 0
2120 0
2121 0
2122 0
2123 0
2124 0
2125 0
2126 0
2127 0
2146 0
2148 0
2149 0
2150 0
2151 0
2154 0
2155 0
2157 0
2158 0
2159 0
2176 0
2177 0
2178 0
2179 0
2180 0
2181 0
2182 0
2183 0
2184 0
2185 0
2186 0
2187 0
2188 0
2189 0
2190 0
2191 0
2192 0
2193 0
2194 0
2195 0
2196 0
2197 0
2198 0
2199 0
2200 0
2201 0
2202 0
2203 0
2204 0
2205 0
2206 0
2207 0
2208 0
2210 0
2211 0
2212 0
2213 0
2214 0
2215 0
2216 0
2217 0
2218 0
2219 0
2220 0
2221 0
2222 0
2223 0
2224 0
2226 0
2227 0
2228 0
2229 0
2230 0
2231 0
2232 0
2233 0
2234 0
2235 0
2236 0
2237 0
2238 0
2239 0
2240 0
2242 0
2243 0
2244 0
2245 0
2246 0
2247 0
2250 0
2251 0
2253 0
2254 0
2255 0
2256 0
2258 0
2259 0
2261 0
2262 0
2263 0
2270 0
2271 0
2292 0
2294 0
2299 0
2302 0
2336 0
2337 0
2338 0
2339 0
2340 0
2341 0
2342 0
2343 0
2344 0
2345 0
2346 0
2347 0
2348 0
2349 0
2350 0
2351 0
2366 0
2367 0
2400 0
2401 0
2402 0
2403 0
2404 0
2405 0
2406 0
2407 0
2409 0
2410 0
2411 0
2413 0
2414 0
2415 0
2465 0
2466 0
2467 0
2468 0
2469 0
2470 0
2471 0
2472 0
2473 0
2474 0
2475 0
2476 0
2477 0
2478 0
2479 0
2482 0
2483 0
2484 0
2485 0
2486 0
2487 0
2488 0
2489 0
2490 0
2491 0
2492 0
2493 0
2494 0
2495 0
2530 0
2531 0
2535 0
2539 0
2541 0
2545 3
2547 1
2549 0
2550 0
2551 0
2555 0
2556 0
2558 0
2561 0
2563 0
2565 0
2567 0
2569 0
2571 0
2573 0
2575 0
2589 0
2591 0
2597 0
2599 0
2601 0
2603 0
2605 0
2607 0
2617 0
2627 0
2629 0
2631 0
2637 0
2639 0
2661 0
2663 0
2669 0
2671 0
2691 0
2693 0
2695 0
2697 0
2699 0
2701 0
2703 0
2707 0
2709 0
2711 0
2713 0
2715 0
2717 0
2719 0
2721 0
2725 0
2727 0
2731 0
2733 0
2735 0
2741 0
2743 0
2745 0
2747 0
2749 0
2751 0
2759 0
2767 0
2771 0
2775 0
2791 0
2807 0
2851 0
2853 0
2855 0
2857 0
2859 0
2861 0
2863 0
2913 0
2915 0
2917 3
2919 1
2921 0
2923 0
2927 0
2979 0
2981 0
2983 0
2985 0
2987 0
2989 0
2991 0
2995 0
2997 0
2999 0
3001 0
3003 0
3005 0
3007 0
3043 0
3045 3
3047 0
3051 0
3055 0
3059 0
3063 3
3136 0
3137 3
3138 0
3145 3
3147 2
3149 3
3151 3
3267 0
3273 2
3275 0
3277 2
3279 3
3289 3
3291 2
3295 1
3425 2
3427 0
3429 2
3431 0
3433 3
3435 0
3437 3
3438 2
3439 0
3555 0
3559 0
3561 3
3563 0
3565 3
3567 2
3569 3
3571 0
3575 0
3577 3
3579 2
3581 3
3583 3
3651 0
3655 2
3657 2
3659 3
3661 3
3663 2
3789 2
3795 0
3803 3
3807 2
3939 0
3941 3
3943 0
3945 3
3947 2
3949 3
3951 3
4071 0
4073 3
4075 1
4077 3
4079 3
4083 0
4085 3
4087 1
4091 1
4093 3
4095 3

# Neuron 21: 349 entries
# Connections: [153, 108, 175, 91, 125, 93, 169, 29, 12, 12, 60, 46]
0 0
1 0
2 0
3 0
12 0
13 0
14 0
16 0
17 0
28 0
29 0
30 0
32 0
33 0
44 0
48 0
49 0
60 0
61 0
128 1
129 0
130 3
131 0
140 0
144 0
145 0
146 3
147 2
156 0
157 0
158 3
159 3
160 0
161 0
162 3
163 3
176 0
177 0
178 3
179 3
188 0
189 0
190 3
191 3
256 0
257 0
268 0
272 0
273 0
284 0
285 0
288 0
304 0
316 0
320 0
321 0
322 0
332 0
336 0
337 0
348 0
349 0
350 0
352 0
368 0
380 0
381 0
384 3
385 0
386 3
400 0
401 0
402 0
403 0
412 3
414 2
416 2
418 3
434 2
444 0
446 3
448 1
449 0
450 3
451 3
464 0
466 3
467 0
476 0
477 0
478 3
479 3
480 0
482 3
498 2
508 0
510 2
512 0
513 0
524 0
528 0
529 0
540 0
640 0
641 0
642 0
643 0
652 0
656 0
658 2
668 0
670 3
671 1
832 0
833 0
844 0
845 0
849 0
860 0
861 0
960 0
962 3
963 0
972 0
988 0
990 0
991 0
994 2
1024 0
1025 0
1036 0
1040 0
1041 0
1052 0
1053 0
1056 0
1072 0
1084 0
1152 0
1153 0
1154 2
1168 0
1169 0
1184 0
1280 0
1281 0
1296 0
1297 0
1308 0
1309 0
1312 0
1328 0
1340 0
1344 0
1345 0
1356 0
1360 0
1361 0
1372 0
1373 0
1376 0
1392 0
1404 0
1408 0
1409 0
1410 3
1424 0
1425 0
1426 2
1436 0
1437 0
1438 3
1472 2
1473 0
1474 3
1488 0
1489 0
1500 0
1501 0
1502 3
1504 1
1506 3
1532 2
1534 3
1535 2
1884 0
1984 0
1986 3
2012 0
2014 3
2018 3
2046 3
2047 3
2048 0
2049 0
2060 0
2061 0
2064 0
2065 0
2076 0
2077 0
2080 0
2096 0
2108 0
2109 0
2176 0
2177 0
2178 3
2179 0
2192 0
2193 0
2194 0
2195 0
2204 0
2205 0
2206 2
2207 0
2208 0
2304 0
2305 0
2316 0
2320 0
2321 0
2332 0
2333 0
2336 0
2352 0
2364 0
2368 0
2369 0
2380 0
2384 0
2385 0
2396 0
2397 0
2400 0
2412 0
2416 0
2428 0
2429 0
2432 0
2433 0
2434 1
2435 2
2448 0
2449 0
2450 0
2451 1
2460 3
2462 1
2463 2
2464 0
2466 2
2467 2
2480 0
2482 3
2492 0
2494 2
2496 0
2497 0
2498 2
2499 3
2512 0
2513 0
2514 2
2515 3
2524 0
2525 0
2526 3
2527 2
2528 0
2530 2
2546 2
2558 3
2688 0
2689 0
2704 0
2705 0
2716 2
2717 2
2897 0
2944 0
2961 0
3008 0
3024 2
3036 0
3056 0
3057 0
3072 0
3073 0
3084 0
3085 0
3088 0
3089 0
3100 0
3101 0
3104 0
3120 0
3132 0
3200 0
3201 0
3202 3
3217 0
3228 0
3229 0
3232 0
3260 0
3328 0
3329 0
3340 0
3344 0
3345 0
3356 0
3357 0
3360 0
3376 0
3388 0
3392 0
3393 0
3408 0
3409 0
3420 0
3421 0
3424 0
3440 0
3452 0
3456 0
3458 2
3459 2
3472 0
3473 0
3474 3
3475 2
3486 3
3488 0
3490 3
3506 2
3520 3
3521 0
3522 3
3523 3
3536 1
3537 0
3538 3
3548 2
3549 0
3550 3
3552 0
3554 3

# Neuron 22: 190 entries
# Connections: [129, 173, 141, 116, 90, 22, 157, 116, 2, 101, 60, 62]
0 0
8 0
64 0
72 0
128 0
136 0
200 0
204 0
272 0
275 3
276 0
279 3
280 0
284 0
336 0
339 2
340 2
344 0
347 2
351 3
400 0
403 3
404 0
407 3
408 0
412 0
467 0
472 0
476 0
479 3
1024 0
1027 0
1032 0
1035 0
1088 0
1096 0
1099 0
1152 0
1155 0
1160 0
1216 0
1224 0
1227 0
1228 0
1296 0
1299 3
1300 3
1303 3
1304 0
1360 0
1363 3
1364 3
1367 3
1368 0
1371 3
1372 0
1375 3
1424 1
1427 3
1428 3
1431 3
1488 2
1491 2
1495 2
1496 1
1499 3
1500 3
1503 3
2048 0
2052 0
2056 0
2060 0
2080 0
2084 0
2092 0
2112 0
2116 0
2120 0
2124 0
2144 0
2148 0
2152 0
2156 0
2176 0
2180 0
2184 0
2188 0
2208 0
2212 0
2220 0
2240 0
2244 0
2248 0
2252 0
2272 0
2276 0
2280 0
2284 0
2320 0
2323 0
2324 0
2352 0
2356 0
2359 2
2384 0
2387 0
2388 0
2396 0
2428 0
2448 0
2451 1
2452 0
2455 3
2480 0
2483 2
2484 0
2487 2
2512 0
2515 0
2516 0
2519 3
2520 0
2523 0
2524 0
2527 2
2544 0
2547 1
2548 0
2551 2
2552 0
2555 2
2559 3
3072 0
3076 0
3080 0
3084 0
3104 0
3108 0
3136 0
3140 0
3144 0
3148 0
3168 0
3172 0
3176 0
3180 0
3200 0
3204 0
3232 0
3236 0
3264 0
3268 0
3272 0
3276 0
3296 0
3300 0
3304 0
3308 0
3344 0
3348 0
3376 0
3380 0
3408 0
3412 0
3416 0
3420 0
3440 0
3443 0
3452 0
3472 0
3475 2
3476 0
3479 2
3504 0
3507 0
3508 2
3511 2
3536 0
3539 0
3540 0
3544 0
3548 0
3568 0
3571 0
3572 0
3575 0
3576 3
3579 0
3580 1
3583 1

# Neuron 23: 52 entries
# Connections: [154, 31, 38, 35, 38, 141, 0, 45, 124, 56, 134, 139]
32 0
36 0
40 0
44 3
288 0
292 3
296 0
300 3
928 0
932 2
936 0
940 3
944 0
948 0
952 0
956 3
1056 0
1064 0
1068 3
1312 0
1324 3
1952 0
1956 3
1960 0
1964 3
1968 0
1976 0
1980 3
2080 0
2088 0
2092 3
2336 0
2344 0
2348 0
2976 0
2984 0
2988 0
2992 0
3000 0
3004 1
3104 0
3112 2
3116 3
3360 0
3368 0
3372 3
4000 0
4008 0
4012 0
4016 0
4024 0
4028 0

# Neuron 24: 240 entries
# Connections: [67, 1, 152, 101, 162, 19, 128, 168, 83, 89, 62, 129]
32 0
33 0
34 3
35 0
40 0
41 0
42 2
44 0
45 0
46 3
47 0
49 0
50 3
57 0
61 0
96 0
97 0
98 3
104 0
105 0
108 0
109 0
110 2
113 0
121 0
125 0
160 0
162 1
172 0
174 3
224 0
232 0
236 0
288 3
289 0
290 3
297 0
298 3
300 0
301 0
302 3
305 0
306 3
313 0
317 0
318 3
352 3
353 0
354 3
361 0
365 0
366 2
377 0
381 0
416 0
424 0
428 0
430 3
545 0
553 0
557 0
561 0
569 0
573 0
609 0
617 0
621 0
633 0
637 0
801 0
809 0
813 0
817 0
825 0
829 0
873 0
877 0
889 0
893 0
1056 0
1057 0
1064 0
1120 0
1121 0
1122 3
1128 0
1129 0
1130 3
1132 0
1133 0
1134 3
1135 0
1136 0
1137 0
1138 3
1145 0
1149 0
1184 0
1186 0
1196 0
1248 0
1250 2
1260 0
1262 1
1321 0
1325 0
1341 0
1376 0
1377 0
1378 3
1385 0
1388 0
1389 0
1390 3
1393 0
1394 3
1401 0
1405 0
1406 3
1440 0
1452 0
1504 0
1516 0
1518 3
1581 0
1633 0
1641 0
1645 0
1657 0
1661 0
1833 0
1837 0
1853 0
1897 0
1901 0
1913 0
1917 0
2080 0
2081 0
2088 1
2089 0
2090 3
2092 3
2093 0
2094 3
2095 3
2109 0
2111 3
2144 0
2145 0
2153 0
2156 3
2157 0
2158 2
2159 0
2169 0
2208 0
2272 0
2337 0
2344 3
2345 0
2346 3
2348 3
2349 0
2350 3
2351 3
2361 0
2364 3
2365 0
2366 3
2367 3
2408 2
2409 0
2412 0
2413 0
2415 3
2425 0
2429 0
2431 2
2593 0
2601 0
2605 0
2607 1
2617 0
2621 0
2623 3
2665 0
2669 0
2671 0
2681 0
2685 0
2687 2
2851 2
2857 0
2861 0
2863 1
2873 0
2877 0
2879 3
2921 0
2925 0
2927 2
2941 0
2943 3
3105 0
3113 0
3168 0
3170 2
3176 3
3177 0
3178 3
3180 2
3181 0
3182 3
3183 2
3199 3
3296 0
3361 0
3369 0
3373 0
3425 0
3433 0
3436 3
3437 0
3438 3
3439 2
3452 3
3453 0
3454 3
3681 0
3689 0
3693 0
3695 1
3709 3
3711 3
3945 0
3949 0
3951 3
3965 0
3967 3

# Neuron 25: 513 entries
# Connections: [131, 56, 95, 157, 28, 118, 155, 11, 174, 101, 33, 89]
0 0
1 0
2 0
3 0
8 0
9 0
10 0
16 0
18 0
26 0
64 0
65 3
66 0
67 3
68 3
69 3
70 3
71 3
72 0
73 0
74 0
76 0
78 0
82 0
86 0
90 0
91 0
128 0
129 0
130 0
131 0
136 0
138 0
144 0
146 0
147 0
152 0
154 0
192 0
194 0
195 2
196 2
198 2
199 0
200 0
202 0
204 2
206 2
208 0
210 0
211 3
214 0
215 3
216 1
218 0
222 0
513 0
515 0
531 0
539 0
577 2
581 1
583 3
585 0
589 0
591 0
599 0
641 0
643 0
659 0
663 0
667 0
727 0
731 0
735 0
1032 0
1034 0
1050 0
1088 3
1089 3
1090 3
1091 3
1092 3
1093 3
1094 3
1095 3
1096 3
1097 3
1098 3
1099 3
1100 3
1101 3
1102 3
1103 3
1178 0
1217 3
1218 2
1224 3
1226 3
1227 0
1228 3
1230 3
1234 3
1235 3
1237 3
1238 3
1239 3
1240 3
1242 3
1243 3
1244 3
1246 3
1247 3
1545 0
1601 3
1603 2
1605 3
1607 3
1609 3
1611 3
1613 3
1615 3
1691 0
1739 2
1743 2
1751 3
1755 3
1759 3
2048 0
2049 0
2050 0
2051 0
2052 0
2053 0
2054 0
2055 0
2056 0
2057 0
2058 0
2059 0
2060 0
2061 0
2062 0
2063 0
2066 0
2070 0
2074 0
2075 0
2076 0
2078 0
2079 0
2080 0
2081 0
2082 0
2083 0
2084 0
2085 0
2086 0
2087 0
2088 0
2089 0
2090 0
2091 0
2092 0
2093 0
2094 0
2095 0
2109 0
2111 0
2112 0
2113 0
2114 0
2115 0
2116 0
2117 0
2118 0
2119 0
2120 0
2121 0
2122 0
2123 0
2124 0
2125 0
2126 0
2127 0
2146 0
2148 0
2149 0
2150 0
2151 0
2154 0
2155 0
2157 0
2158 0
2159 0
2176 0
2177 0
2178 0
2179 0
2180 0
2181 0
2182 0
2183 0
2184 0
2185 0
2186 0
2187 0
2188 0
2189 0
2190 0
2191 0
2192 0
2193 0
2194 0
2195 0
2196 0
2197 0
2198 0
2199 0
2200 0
2201 0
2202 0
2203 0
2204 0
2205 0
2206 0
2207 0
2208 0
2210 0
2211 0
2212 0
2213 0
2214 0
2215 0
2216 0
2217 0
2218 0
2219 0
2220 0
2221 0
2222 0
2223 0
2224 0
2226 0
2227 0
2228 0
2229 0
2230 0
2231 0
2232 0
2233 0
2234 0
2235 0
2236 0
2237 0
2238 0
2239 0
2240 0
2242 0
2243 0
2244 0
2245 0
2246 0
2247 0
2250 0
2251 0
2253 0
2254 0
2255 0
2256 0
2258 0
2259 0
2261 0
2262 0
2263 0
2270 0
2271 0
2292 0
2294 0
2299 0
2302 0
2336 0
2337 0
2338 0
2339 0
2340 0
2341 0
2342 0
2343 0
2344 0
2345 0
2346 0
2347 0
2348 0
2349 0
2350 0
2351 0
2366 0
2367 0
2400 0
2401 0
2402 0
2403 0
2404 0
2405 0
2406 0
2407 0
2409 0
2410 0
2411 0
2413 0
2414 0
2415 0
2465 0
2466 0
2467 0
2468 0
2469 0
2470 0
2471 0
2472 0
2473 0
2474 0
2475 0
2476 0
2477 0
2478 0
2479 0
2482 0
2483 0
2484 0
2485 0
2486 0
2487 0
2488 0
2489 0
2490 0
2491 0
2492 0
2493 0
2494 0
2495 0
2530 0
2531 0
2535 0
2539 0
2541 0
2545 3
2547 1
2549 0
2550 0
2551 0
2555 0
2556 0
2558 0
2561 0
2563 0
2565 0
2567 0
2569 0
2571 0
2573 0
2575 0
2589 0
2591 0
2597 0
2599 0
2601 0
2603 0
2605 0
2607 0
2617 0
2627 0
2629 0
2631 0
2637 0
2639 0
2661 0
2663 0
2669 0
2671 0
2691 0
2693 0
2695 0
2697 0
2699 0
2701 0
2703 0
2707 0
2709 0
2711 0
2713 0
2715 0
2717 0
2719 0
2721 0
2725 0
2727 0
2731 0
2733 0
2735 0
2741 0
2743 0
2745 0
2747 0
2749 0
2751 0
2759 0
2767 0
2771 0
2775 0
2791 0
2807 0
2851 0
2853 0
2855 0
2857 0
2859 0
2861 0
2863 0
2913 0
2915 0
2917 3
2919 1
2921 0
2923 0
2927 0
2979 0
2981 0
2983 0
2985 0
2987 0
2989 0
2991 0
2995 0
2997 0
2999 0
3001 0
3003 0
3005 0
3007 0
3043 0
3045 3
3047 0
3051 0
3055 0
3059 0
3063 3
3136 0
3137 3
3138 0
3145 3
3147 2
3149 3
3151 3
3267 0
3273 2
3275 0
3277 2
3279 3
3289 3
3291 2
3295 1
3425 2
3427 0
3429 2
3431 0
3433 3
3435 0
3437 3
3438 2
3439 0
3555 0
3559 0
3561 3
3563 0
3565 3
3567 2
3569 3
3571 0
3575 0
3577 3
3579 2
3581 3
3583 3
3651 0
3655 2
3657 2
3659 3
3661 3
3663 2
3789 2
3795 0
3803 3
3807 2
3939 0
3941 3
3943 0
3945 3
3947 2
3949 3
3951 3
4071 0
4073 3
4075 1
4077 3
4079 3
4083 0
4085 3
4087 1
4091 1
4093 3
4095 3

# Neuron 26: 138 entries
# Connections: [163, 118, 24, 109, 157, 17, 96, 43, 141, 160, 139, 79]
0 0
1 0
16 0
17 0
32 0
33 0
48 0
49 0
128 0
160 0
161 0
176 0
177 0
288 0
289 0
304 0
305 0
416 0
417 0
432 0
433 0
576 0
577 0
592 0
593 0
608 0
609 0
624 0
625 0
736 0
737 0
752 0
753 0
864 0
865 0
880 0
881 0
992 0
993 0
1008 0
1009 0
1024 0
1025 1
1028 3
1040 0
1056 0
1057 3
1060 3
1072 0
1073 0
1076 3
1153 2
1184 0
1185 3
1200 0
1201 0
1312 0
1313 2
1328 0
1329 0
1440 0
1441 3
1456 0
1457 3
1600 0
1604 3
1616 0
1617 0
1620 3
1632 3
1633 0
1636 3
1648 0
1649 0
1652 3
1729 3
1760 0
1761 0
1776 0
1777 0
1888 0
1889 2
1904 0
1905 0
2016 0
2017 3
2032 0
2033 3
2048 0
2049 0
2052 0
2064 0
2065 0
2080 0
2081 0
2084 0
2096 0
2097 0
2100 0
2624 0
2625 0
2628 2
2640 0
2644 3
2656 0
2657 0
2660 0
2672 0
2673 0
2676 0
2916 0
3072 1
3073 3
3076 0
3088 3
3104 3
3105 3
3108 3
3120 0
3121 1
3124 3
3360 0
3361 3
3364 3
3648 3
3649 3
3652 0
3664 3
3680 3
3681 3
3684 3
3696 0
3700 3
3936 1
3937 3
3940 3
3952 3
3956 3

# Neuron 27: 109 entries
# Connections: [53, 65, 134, 106, 38, 76, 32, 23, 35, 26, 31, 129]
32 0
33 0
40 0
41 0
52 0
53 0
54 0
55 0
60 0
61 0
62 0
63 0
168 0
169 0
188 0
189 0
190 0
191 0
288 0
289 0
297 0
308 0
309 0
311 0
316 0
317 0
319 0
425 0
444 0
445 0
446 0
447 0
1120 3
1121 0
1128 0
1129 0
1140 3
1141 0
1143 1
1148 0
1149 0
1256 1
1257 0
1276 0
1277 0
1279 0
1376 3
1377 0
1384 2
1385 0
1396 2
1397 0
1399 0
1405 0
1512 2
1513 0
1533 0
1535 0
2080 3
2081 0
2088 2
2089 0
2100 1
2102 3
2108 3
2110 3
2216 3
2217 0
2236 3
2237 0
2238 3
2336 3
2344 3
2356 3
2364 3
2472 3
2492 3
2494 3
3168 3
3169 3
3176 2
3177 0
3188 3
3189 3
3190 3
3191 3
3196 3
3197 0
3198 3
3199 3
3304 3
3305 2
3324 3
3325 0
3326 3
3327 0
3424 3
3425 3
3433 1
3444 3
3445 3
3447 2
3452 2
3453 3
3455 3
3560 2
3561 0
3581 3
3583 2

# Neuron 28: 212 entries
# Connections: [81, 175, 172, 26, 90, 118, 138, 141, 129, 5, 54, 44]
0 0
1 0
2 0
3 0
4 0
5 0
6 0
8 0
9 0
12 0
64 0
65 0
66 3
67 3
72 0
73 0
256 0
257 0
260 0
261 0
262 0
263 3
264 0
265 0
268 0
269 0
320 0
321 0
322 3
323 2
324 0
325 0
326 3
327 3
329 0
333 0
512 0
520 0
521 0
524 0
576 0
580 0
584 0
585 0
586 2
776 0
777 0
780 0
781 0
836 0
841 0
1088 0
1092 0
1096 0
1344 0
1348 0
1536 0
1540 0
1544 0
1545 0
1600 0
1601 0
1602 3
1604 0
1608 0
1609 0
1610 0
1611 0
1792 0
1796 0
1797 0
1800 0
1801 0
1856 0
1858 2
1860 0
1862 3
1863 1
1864 0
2048 0
2049 0
2052 0
2053 0
2056 0
2057 0
2112 3
2113 0
2114 3
2120 0
2121 0
2176 0
2177 0
2178 0
2180 0
2181 0
2184 0
2185 0
2240 3
2241 0
2242 3
2243 3
2248 0
2249 0
2250 0
2251 0
2304 0
2305 0
2308 0
2309 0
2312 0
2313 0
2316 0
2317 0
2368 0
2372 3
2373 0
2374 3
2376 0
2377 0
2379 0
2380 0
2381 0
2432 0
2433 0
2436 0
2437 0
2438 0
2440 0
2441 0
2444 0
2445 0
2496 3
2497 0
2498 3
2499 0
2500 3
2502 3
2503 3
2504 0
2505 0
2506 0
2507 0
2508 0
2509 0
2510 1
2511 0
2568 0
2569 0
2572 0
2573 0
2624 0
2632 0
2633 0
2696 0
2697 0
2700 0
2701 0
2752 0
2760 0
2761 0
2762 3
2763 1
2824 0
2825 0
2828 0
2829 0
2888 0
2889 0
2891 0
2892 0
2893 0
2952 0
2953 0
2956 0
2957 0
3011 0
3012 0
3016 0
3017 0
3018 1
3019 1
3020 0
3021 0
3022 3
3023 1
3264 0
3268 0
3272 0
3273 0
3392 0
3401 0
3465 0
3469 0
3528 1
3529 0
3532 1
3533 2
3712 0
3713 0
3716 0
3717 0
3776 0
3778 3
3786 0
3787 0
3972 0
4036 0
4038 3
4039 3
4044 0
4046 0
4047 0

# Neuron 29: 168 entries
# Connections: [131, 78, 165, 145, 80, 109, 54, 141, 149, 87, 117, 7]
0 0
1 0
32 0
33 0
34 3
35 3
128 0
129 0
132 0
133 0
164 0
165 0
166 3
167 3
194 0
197 0
230 3
231 3
512 0
513 0
514 0
515 0
545 3
546 3
547 3
640 0
641 0
642 0
643 0
644 0
645 0
646 0
647 0
674 1
678 2
679 3
710 0
711 0
738 2
742 3
743 3
1536 0
1537 0
1571 2
1664 0
1665 0
1666 2
1667 2
1668 0
1669 0
1670 3
1671 3
1698 3
1699 3
1702 3
1703 3
1734 3
1735 2
1766 3
1767 3
2560 0
2561 0
2562 0
2563 0
2594 0
2624 0
2625 0
2688 0
2689 0
2690 0
2691 0
2692 0
2693 0
2694 0
2695 0
2726 0
2727 0
2752 0
2754 0
2756 0
2757 0
2758 0
2816 0
2817 0
2818 0
2824 0
2825 0
2826 0
2888 0
2944 0
2945 0
2946 0
2948 0
2949 0
2950 0
2952 0
2953 0
2954 0
2955 0
2956 0
2957 0
2958 0
2959 0
3008 0
3009 0
3010 0
3012 0
3013 0
3014 0
3015 0
3016 0
3017 0
3018 0
3019 0
3020 0
3021 0
3022 0
3023 0
3584 0
3585 0
3586 0
3648 0
3649 0
3712 0
3713 0
3714 0
3716 0
3717 0
3718 0
3719 0
3750 3
3751 2
3776 0
3777 0
3780 0
3781 0
3782 0
3783 2
3814 3
3815 3
3840 0
3848 0
3882 2
3968 0
3970 0
3972 0
3973 0
3974 0
3976 0
3977 0
3978 0
3979 0
3980 0
3981 0
3982 0
3983 1
4014 2
4015 3
4036 0
4038 0
4040 0
4042 0
4044 0
4045 0
4046 2
4047 3
4078 3
4079 3

# Neuron 30: 82 entries
# Connections: [151, 75, 69, 115, 30, 6, 55, 74, 145, 115, 71, 130]
0 0
1 0
9 0
32 0
64 0
65 0
73 0
96 0
128 0
129 0
137 0
192 0
193 0
201 0
224 3
260 0
261 0
269 0
292 3
293 0
324 0
325 0
333 0
356 3
357 0
388 0
389 0
397 0
420 1
452 0
453 0
461 0
484 3
485 0
1554 0
1555 0
1563 0
1618 0
1619 0
1627 0
1682 0
1683 0
1691 0
1746 0
1747 0
1755 0
1814 3
1815 0
1823 0
1846 3
1847 3
1878 3
1879 1
1910 3
1911 2
1943 0
1951 0
1974 3
1975 0
2006 3
2038 3
2039 1
2057 0
2121 0
2185 0
2249 0
2317 0
2381 0
2445 0
2509 0
3611 0
3675 0
3739 0
3803 0
3871 0
3903 3
3935 2
3967 3
3999 0
4031 0
4063 0
4095 3

# Neuron 31: 46 entries
# Connections: [1, 48, 128, 53, 46, 118, 128, 133, 121, 105, 9, 20]
1568 0
1569 0
1572 0
1573 0
1640 0
1641 0
1644 0
1645 0
1696 0
1697 0
1700 0
1701 0
1768 0
1769 0
1772 0
1773 0
1824 0
1896 3
1897 3
1900 2
1901 3
1952 0
2024 3
2025 1
2028 3
2029 3
3618 0
3619 0
3622 0
3623 0
3690 0
3691 0
3694 0
3695 0
3746 0
3747 0
3750 0
3751 0
3819 0
3823 0
3874 0
3875 0
3947 3
3951 3
4075 3
4079 3

# Neuron 32: 240 entries
# Connections: [67, 1, 152, 101, 162, 19, 128, 168, 83, 89, 62, 129]
32 0
33 0
34 3
35 0
40 0
41 0
42 2
44 0
45 0
46 3
47 0
49 0
50 3
57 0
61 0
96 0
97 0
98 3
104 0
105 0
108 0
109 0
110 2
113 0
121 0
125 0
160 0
162 1
172 0
174 3
224 0
232 0
236 0
288 3
289 0
290 3
297 0
298 3
300 0
301 0
302 3
305 0
306 3
313 0
317 0
318 3
352 3
353 0
354 3
361 0
365 0
366 2
377 0
381 0
416 0
424 0
428 0
430 3
545 0
553 0
557 0
561 0
569 0
573 0
609 0
617 0
621 0
633 0
637 0
801 0
809 0
813 0
817 0
825 0
829 0
873 0
877 0
889 0
893 0
1056 0
1057 0
1064 0
1120 0
1121 0
1122 3
1128 0
1129 0
1130 3
1132 0
1133 0
1134 3
1135 0
1136 0
1137 0
1138 3
1145 0
1149 0
1184 0
1186 0
1196 0
1248 0
1250 2
1260 0
1262 1
1321 0
1325 0
1341 0
1376 0
1377 0
1378 3
1385 0
1388 0
1389 0
1390 3
1393 0
1394 3
1401 0
1405 0
1406 3
1440 0
1452 0
1504 0
1516 0
1518 3
1581 0
1633 0
1641 0
1645 0
1657 0
1661 0
1833 0
1837 0
1853 0
1897 0
1901 0
1913 0
1917 0
2080 0
2081 0
2088 1
2089 0
2090 3
2092 3
2093 0
2094 3
2095 3
2109 0
2111 3
2144 0
2145 0
2153 0
2156 3
2157 0
2158 2
2159 0
2169 0
2208 0
2272 0
2337 0
2344 3
2345 0
2346 3
2348 3
2349 0
2350 3
2351 3
2361 0
2364 3
2365 0
2366 3
2367 3
2408 2
2409 0
2412 0
2413 0
2415 3
2425 0
2429 0
2431 2
2593 0
2601 0
2605 0
2607 1
2617 0
2621 0
2623 3
2665 0
2669 0
2671 0
2681 0
2685 0
2687 2
2851 2
2857 0
2861 0
2863 1
2873 0
2877 0
2879 3
2921 0
2925 0
2927 2
2941 0
2943 3
3105 0
3113 0
3168 0
3170 2
3176 3
3177 0
3178 3
3180 2
3181 0
3182 3
3183 2
3199 3
3296 0
3361 0
3369 0
3373 0
3425 0
3433 0
3436 3
3437 0
3438 3
3439 2
3452 3
3453 0
3454 3
3681 0
3689 0
3693 0
3695 1
3709 3
3711 3
3945 0
3949 0
3951 3
3965 0
3967 3

# Neuron 33: 240 entries
# Connections: [67, 1, 152, 101, 162, 19, 128, 168, 83, 89, 62, 129]
32 0
33 0
34 3
35 0
40 0
41 0
42 2
44 0
45 0
46 3
47 0
49 0
50 3
57 0
61 0
96 0
97 0
98 3
104 0
105 0
108 0
109 0
110 2
113 0
121 0
125 0
160 0
162 1
172 0
174 3
224 0
232 0
236 0
288 3
289 0
290 3
297 0
298 3
300 0
301 0
302 3
305 0
306 3
313 0
317 0
318 3
352 3
353 0
354 3
361 0
365 0
366 2
377 0
381 0
416 0
424 0
428 0
430 3
545 0
553 0
557 0
561 0
569 0
573 0
609 0
617 0
621 0
633 0
637 0
801 0
809 0
813 0
817 0
825 0
829 0
873 0
877 0
889 0
893 0
1056 0
1057 0
1064 0
1120 0
1121 0
1122 3
1128 0
1129 0
1130 3
1132 0
1133 0
1134 3
1135 0
1136 0
1137 0
1138 3
1145 0
1149 0
1184 0
1186 0
1196 0
1248 0
1250 2
1260 0
1262 1
1321 0
1325 0
1341 0
1376 0
1377 0
1378 3
1385 0
1388 0
1389 0
1390 3
1393 0
1394 3
1401 0
1405 0
1406 3
1440 0
1452 0
1504 0
1516 0
1518 3
1581 0
1633 0
1641 0
1645 0
1657 0
1661 0
1833 0
1837 0
1853 0
1897 0
1901 0
1913 0
1917 0
2080 0
2081 0
2088 1
2089 0
2090 3
2092 3
2093 0
2094 3
2095 3
2109 0
2111 3
2144 0
2145 0
2153 0
2156 3
2157 0
2158 2
2159 0
2169 0
2208 0
2272 0
2337 0
2344 3
2345 0
2346 3
2348 3
2349 0
2350 3
2351 3
2361 0
2364 3
2365 0
2366 3
2367 3
2408 2
2409 0
2412 0
2413 0
2415 3
2425 0
2429 0
2431 2
2593 0
2601 0
2605 0
2607 1
2617 0
2621 0
2623 3
2665 0
2669 0
2671 0
2681 0
2685 0
2687 2
2851 2
2857 0
2861 0
2863 1
2873 0
2877 0
2879 3
2921 0
2925 0
2927 2
2941 0
2943 3
3105 0
3113 0
3168 0
3170 2
3176 3
3177 0
3178 3
3180 2
3181 0
3182 3
3183 2
3199 3
3296 0
3361 0
3369 0
3373 0
3425 0
3433 0
3436 3
3437 0
3438 3
3439 2
3452 3
3453 0
3454 3
3681 0
3689 0
3693 0
3695 1
3709 3
3711 3
3945 0
3949 0
3951 3
3965 0
3967 3

# Neuron 34: 72 entries
# Connections: [67, 149, 51, 62, 39, 50, 32, 139, 174, 93, 48, 82]
34 0
35 0
39 0
42 0
43 0
47 0
162 0
163 0
167 0
170 0
171 0
175 0
866 0
871 3
874 3
875 2
879 3
994 0
999 0
1002 3
1007 2
1058 0
1059 0
1063 0
1066 0
1067 0
1071 0
1186 0
1187 0
1191 0
1194 0
1195 0
1199 0
2082 0
2083 1
2087 3
2090 0
2091 0
2095 0
2210 0
2211 0
2215 0
2218 0
2219 0
2223 0
2915 3
2919 3
2923 3
2927 3
3042 2
3043 3
3047 2
3051 0
3055 3
3107 0
3111 1
3115 0
3119 0
3234 0
3235 0
3239 0
3243 0
3247 0
3939 1
3943 2
3947 3
3951 3
4067 0
4071 0
4074 2
4075 1
4079 0

# Neuron 35: 176 entries
# Connections: [157, 6, 65, 134, 33, 56, 82, 75, 90, 51, 174, 122]
0 0
1 0
2 0
3 0
32 0
33 0
34 0
35 0
40 0
41 0
42 0
43 0
69 0
70 0
71 3
103 1
109 3
110 0
111 3
128 0
129 0
130 0
131 0
160 0
161 0
162 0
163 0
168 0
169 0
170 0
171 0
197 0
198 0
199 3
231 3
237 0
239 2
528 0
529 0
530 0
560 0
561 1
562 0
563 0
568 0
569 3
570 0
571 0
629 3
637 3
639 3
656 0
657 0
658 0
688 0
689 1
690 0
691 0
696 0
697 1
698 0
699 0
757 3
765 3
767 3
1024 0
1025 0
1026 0
1027 1
1056 0
1057 0
1058 0
1064 0
1065 0
1066 0
1095 3
1127 3
1152 0
1153 0
1154 0
1155 0
1184 0
1185 0
1186 0
1187 0
1192 0
1193 0
1194 0
1195 0
1221 3
1222 0
1223 3
1261 0
1262 0
1263 3
1592 0
1594 0
1653 3
1661 2
1663 3
1680 0
1682 0
1712 0
1713 3
1714 0
1715 0
1720 0
1721 3
1722 0
1749 2
1781 3
1789 3
1791 2
2048 0
2080 0
2081 0
2082 0
2088 0
2089 0
2090 0
2091 0
2176 0
2177 0
2208 0
2209 0
2210 0
2211 0
2216 0
2217 0
2218 0
2219 0
2608 0
2609 0
2610 0
2616 0
2617 3
2618 0
2619 0
2685 3
2687 3
2736 0
2737 0
2738 0
2739 0
2744 0
2745 0
2746 0
2747 0
2775 2
2805 0
2813 0
2815 0
3104 0
3106 0
3107 0
3112 0
3113 0
3114 0
3232 0
3233 0
3234 0
3235 0
3240 0
3241 0
3242 0
3641 3
3709 3
3711 3
3760 0
3761 0
3762 0
3769 3
3770 0
3771 0
3837 1
3839 3

# Neuron 36: 80 entries
# Connections: [111, 24, 93, 61, 18, 58, 130, 57, 134, 137, 173, 126]
0 0
1 0
2 0
3 0
32 0
33 0
34 0
35 0
337 3
338 0
339 3
369 2
371 0
512 0
513 0
514 0
515 0
544 0
545 0
546 0
547 0
849 3
850 0
851 3
881 3
883 0
1152 0
1153 0
1154 0
1155 0
1184 0
1185 0
1186 0
1187 0
1489 3
1490 0
1491 3
1521 1
1523 0
1664 0
1665 0
1666 0
1667 0
1696 0
1697 0
1698 0
1699 0
2001 3
2002 0
2003 2
2033 1
2035 1
2080 0
2081 0
2082 0
2083 0
2417 2
2561 0
2563 3
2592 0
2593 0
2594 0
2595 3
2897 3
2899 3
2929 3
2931 3
3232 0
3234 0
3235 0
3569 3
3715 0
3744 0
3745 0
3746 0
3747 1
4049 3
4051 3
4081 3
4083 3

# Neuron 37: 513 entries
# Connections: [131, 56, 95, 157, 28, 118, 155, 11, 174, 101, 33, 89]
0 0
1 0
2 0
3 0
8 0
9 0
10 0
16 0
18 0
26 0
64 0
65 3
66 0
67 3
68 3
69 3
70 3
71 3
72 0
73 0
74 0
76 0
78 0
82 0
86 0
90 0
91 0
128 0
129 0
130 0
131 0
136 0
138 0
144 0
146 0
147 0
152 0
154 0
192 0
194 0
195 2
196 2
198 2
199 0
200 0
202 0
204 2
206 2
208 0
210 0
211 3
214 0
215 3
216 1
218 0
222 0
513 0
515 0
531 0
539 0
577 2
581 1
583 3
585 0
589 0
591 0
599 0
641 0
643 0
659 0
663 0
667 0
727 0
731 0
735 0
1032 0
1034 0
1050 0
1088 3
1089 3
1090 3
1091 3
1092 3
1093 3
1094 3
1095 3
1096 3
1097 3
1098 3
1099 3
1100 3
1101 3
1102 3
1103 3
1178 0
1217 3
1218 2
1224 3
1226 3
1227 0
1228 3
1230 3
1234 3
1235 3
1237 3
1238 3
1239 3
1240 3
1242 3
1243 3
1244 3
1246 3
1247 3
1545 0
1601 3
1603 2
1605 3
1607 3
1609 3
1611 3
1613 3
1615 3
1691 0
1739 2
1743 2
1751 3
1755 3
1759 3
2048 0
2049 0
2050 0
2051 0
2052 0
2053 0
2054 0
2055 0
2056 0
2057 0
2058 0
2059 0
2060 0
2061 0
2062 0
2063 0
2066 0
2070 0
2074 0
2075 0
2076 0
2078 0
2079 0
2080 0
2081 0
2082 0
2083 0
2084 0
2085 0
2086 0
2087 0
2088 0
2089 0
2090 0
2091 0
2092 0
2093 0
2094 0
2095 0
2109 0
2111 0
2112 0
2113 0
2114 0
2115 0
2116 0
2117 0
2118 0
2119 0
2120 0
2121 0
2122 0
2123 0
2124 0
2125 0
2126 0
2127 0
2146 0
2148 0
2149 0
2150 0
2151 0
2154 0
2155 0
2157 0
2158 0
2159 0
2176 0
2177 0
2178 0
2179 0
2180 0
2181 0
2182 0
2183 0
2184 0
2185 0
2186 0
2187 0
2188 0
2189 0
2190 0
2191 0
2192 0
2193 0
2194 0
2195 0
2196 0
2197 0
2198 0
2199 0
2200 0
2201 0
2202 0
2203 0
2204 0
2205 0
2206 0
2207 0
2208 0
2210 0
2211 0
2212 0
2213 0
2214 0
2215 0
2216 0
2217 0
2218 0
2219 0
2220 0
2221 0
2222 0
2223 0
2224 0
2226 0
2227 0
2228 0
2229 0
2230 0
2231 0
2232 0
2233 0
2234 0
2235 0
2236 0
2237 0
2238 0
2239 0
2240 0
2242 0
2243 0
2244 0
2245 0
2246 0
2247 0
2250 0
2251 0
2253 0
2254 0
2255 0
2256 0
2258 0
2259 0
2261 0
2262 0
2263 0
2270 0
2271 0
2292 0
2294 0
2299 0
2302 0
2336 0
2337 0
2338 0
2339 0
2340 0
2341 0
2342 0
2343 0
2344 0
2345 0
2346 0
2347 0
2348 0
2349 0
2350 0
2351 0
2366 0
2367 0
2400 0
2401 0
2402 0
2403 0
2404 0
2405 0
2406 0
2407 0
2409 0
2410 0
2411 0
2413 0
2414 0
2415 0
2465 0
2466 0
2467 0
2468 0
2469 0
2470 0
2471 0
2472 0
2473 0
2474 0
2475 0
2476 0
2477 0
2478 0
2479 0
2482 0
2483 0
2484 0
2485 0
2486 0
2487 0
2488 0
2489 0
2490 0
2491 0
2492 0
2493 0
2494 0
2495 0
2530 0
2531 0
2535 0
2539 0
2541 0
2545 3
2547 1
2549 0
2550 0
2551 0
2555 0
2556 0
2558 0
2561 0
2563 0
2565 0
2567 0
2569 0
2571 0
2573 0
2575 0
2589 0
2591 0
2597 0
2599 0
2601 0
2603 0
2605 0
2607 0
2617 0
2627 0
2629 0
2631 0
2637 0
2639 0
2661 0
2663 0
2669 0
2671 0
2691 0
2693 0
2695 0
2697 0
2699 0
2701 0
2703 0
2707 0
2709 0
2711 0
2713 0
2715 0
2717 0
2719 0
2721 0
2725 0
2727 0
2731 0
2733 0
2735 0
2741 0
2743 0
2745 0
2747 0
2749 0
2751 0
2759 0
2767 0
2771 0
2775 0
2791 0
2807 0
2851 0
2853 0
2855 0
2857 0
2859 0
2861 0
2863 0
2913 0
2915 0
2917 3
2919 1
2921 0
2923 0
2927 0
2979 0
2981 0
2983 0
2985 0
2987 0
2989 0
2991 0
2995 0
2997 0
2999 0
3001 0
3003 0
3005 0
3007 0
3043 0
3045 3
3047 0
3051 0
3055 0
3059 0
3063 3
3136 0
3137 3
3138 0
3145 3
3147 2
3149 3
3151 3
3267 0
3273 2
3275 0
3277 2
3279 3
3289 3
3291 2
3295 1
3425 2
3427 0
3429 2
3431 0
3433 3
3435 0
3437 3
3438 2
3439 0
3555 0
3559 0
3561 3
3563 0
3565 3
3567 2
3569 3
3571 0
3575 0
3577 3
3579 2
3581 3
3583 3
3651 0
3655 2
3657 2
3659 3
3661 3
3663 2
3789 2
3795 0
3803 3
3807 2
3939 0
3941 3
3943 0
3945 3
3947 2
3949 3
3951 3
4071 0
4073 3
4075 1
4077 3
4079 3
4083 0
4085 3
4087 1
4091 1
4093 3
4095 3

# Neuron 38: 176 entries
# Connections: [157, 6, 65, 134, 33, 56, 82, 75, 90, 51, 174, 122]
0 0
1 0
2 0
3 0
32 0
33 0
34 0
35 0
40 0
41 0
42 0
43 0
69 0
70 0
71 3
103 1
109 3
110 0
111 3
128 0
129 0
130 0
131 0
160 0
161 0
162 0
163 0
168 0
169 0
170 0
171 0
197 0
198 0
199 3
231 3
237 0
239 2
528 0
529 0
530 0
560 0
561 1
562 0
563 0
568 0
569 3
570 0
571 0
629 3
637 3
639 3
656 0
657 0
658 0
688 0
689 1
690 0
691 0
696 0
697 1
698 0
699 0
757 3
765 3
767 3
1024 0
1025 0
1026 0
1027 1
1056 0
1057 0
1058 0
1064 0
1065 0
1066 0
1095 3
1127 3
1152 0
1153 0
1154 0
1155 0
1184 0
1185 0
1186 0
1187 0
1192 0
1193 0
1194 0
1195 0
1221 3
1222 0
1223 3
1261 0
1262 0
1263 3
1592 0
1594 0
1653 3
1661 2
1663 3
1680 0
1682 0
1712 0
1713 3
1714 0
1715 0
1720 0
1721 3
1722 0
1749 2
1781 3
1789 3
1791 2
2048 0
2080 0
2081 0
2082 0
2088 0
2089 0
2090 0
2091 0
2176 0
2177 0
2208 0
2209 0
2210 0
2211 0
2216 0
2217 0
2218 0
2219 0
2608 0
2609 0
2610 0
2616 0
2617 3
2618 0
2619 0
2685 3
2687 3
2736 0
2737 0
2738 0
2739 0
2744 0
2745 0
2746 0
2747 0
2775 2
2805 0
2813 0
2815 0
3104 0
3106 0
3107 0
3112 0
3113 0
3114 0
3232 0
3233 0
3234 0
3235 0
3240 0
3241 0
3242 0
3641 3
3709 3
3711 3
3760 0
3761 0
3762 0
3769 3
3770 0
3771 0
3837 1
3839 3

# Neuron 39: 231 entries
# Connections: [14, 44, 54, 172, 31, 74, 4, 22, 152, 15, 150, 96]
0 0
1 0
3 0
10 0
11 0
16 0
17 0
19 0
27 0
64 1
65 1
66 0
67 0
75 0
80 0
81 0
83 0
90 2
91 0
144 0
145 0
147 0
155 0
209 0
211 0
219 0
256 0
257 0
259 0
267 0
272 0
273 0
275 0
283 0
320 0
321 0
323 0
331 0
337 0
339 0
347 0
400 0
401 0
403 0
411 0
465 0
475 0
512 0
513 3
528 2
529 3
576 3
577 3
586 2
587 0
603 0
656 3
657 0
720 2
721 2
731 0
768 0
769 3
784 2
832 3
833 3
843 3
849 0
858 2
859 1
987 3
1024 0
1025 0
1026 0
1027 0
1035 0
1040 0
1041 0
1043 0
1051 0
1088 0
1089 0
1091 0
1098 0
1099 0
1104 0
1105 0
1107 0
1115 0
1168 0
1169 0
1171 0
1179 0
1232 0
1233 0
1235 0
1243 0
1280 0
1281 0
1283 0
1291 0
1296 0
1297 0
1299 0
1307 0
1344 0
1345 0
1347 0
1355 0
1361 0
1363 0
1371 0
1424 0
1425 0
1427 0
1435 0
1489 0
1491 0
1499 0
1536 3
1537 2
1552 0
1553 0
1601 2
1611 0
1617 0
1627 0
1680 0
1681 1
1755 0
1792 0
1793 0
1857 2
1867 1
1872 0
1873 1
1883 1
2011 0
2084 0
2085 0
2100 0
2101 0
2103 0
2111 0
2149 0
2164 3
2165 3
2167 0
2175 3
2228 0
2229 0
2231 0
2239 0
2303 1
2340 0
2341 0
2343 0
2351 0
2356 0
2357 0
2359 0
2367 0
2405 0
2420 0
2421 0
2431 0
2484 0
2485 0
2487 0
2495 0
2549 0
2559 0
2596 0
2612 0
2613 3
2676 3
2677 3
2687 1
2740 3
2741 3
2804 3
2805 3
2815 0
2868 3
2869 3
2933 2
2943 3
3061 0
3071 3
3108 0
3109 0
3124 0
3125 0
3127 0
3135 0
3189 0
3191 0
3199 0
3252 0
3253 0
3255 0
3263 0
3319 0
3327 0
3365 0
3367 0
3375 0
3381 0
3383 0
3391 0
3445 0
3447 0
3455 0
3509 0
3511 0
3519 0
3575 0
3583 0
3636 3
3637 3
3701 2
3711 0
3764 3
3765 3
3839 0
3892 2
3893 0
3967 3
4020 0
4021 3
4095 1

# Neuron 40: 513 entries
# Connections: [131, 56, 95, 157, 28, 118, 155, 11, 174, 101, 33, 89]
0 0
1 0
2 0
3 0
8 0
9 0
10 0
16 0
18 0
26 0
64 0
65 3
66 0
67 3
68 3
69 3
70 3
71 3
72 0
73 0
74 0
76 0
78 0
82 0
86 0
90 0
91 0
128 0
129 0
130 0
131 0
136 0
138 0
144 0
146 0
147 0
152 0
154 0
192 0
194 0
195 2
196 2
198 2
199 0
200 0
202 0
204 2
206 2
208 0
210 0
211 3
214 0
215 3
216 1
218 0
222 0
513 0
515 0
531 0
539 0
577 2
581 1
583 3
585 0
589 0
591 0
599 0
641 0
643 0
659 0
663 0
667 0
727 0
731 0
735 0
1032 0
1034 0
1050 0
1088 3
1089 3
1090 3
1091 3
1092 3
1093 3
1094 3
1095 3
1096 3
1097 3
1098 3
1099 3
1100 3
1101 3
1102 3
1103 3
1178 0
1217 3
1218 2
1224 3
1226 3
1227 0
1228 3
1230 3
1234 3
1235 3
1237 3
1238 3
1239 3
1240 3
1242 3
1243 3
1244 3
1246 3
1247 3
1545 0
1601 3
1603 2
1605 3
1607 3
1609 3
1611 3
1613 3
1615 3
1691 0
1739 2
1743 2
1751 3
1755 3
1759 3
2048 0
2049 0
2050 0
2051 0
2052 0
2053 0
2054 0
2055 0
2056 0
2057 0
2058 0
2059 0
2060 0
2061 0
2062 0
2063 0
2066 0
2070 0
2074 0
2075 0
2076 0
2078 0
2079 0
2080 0
2081 0
2082 0
2083 0
2084 0
2085 0
2086 0
2087 0
2088 0
2089 0
2090 0
2091 0
2092 0
2093 0
2094 0
2095 0
2109 0
2111 0
2112 0
2113 0
2114 0
2115 0
2116 0
2117 0
2118 0
2119 0
2120 0
2121 0
2122 0
2123 0
2124 0
2125 0
2126 0
2127 0
2146 0
2148 0
2149 0
2150 0
2151 0
2154 0
2155 0
2157 0
2158 0
2159 0
2176 0
2177 0
2178 0
2179 0
2180 0
2181 0
2182 0
2183 0
2184 0
2185 0
2186 0
2187 0
2188 0
2189 0
2190 0
2191 0
2192 0
2193 0
2194 0
2195 0
2196 0
2197 0
2198 0
2199 0
2200 0
2201 0
2202 0
2203 0
2204 0
2205 0
2206 0
2207 0
2208 0
2210 0
2211 0
2212 0
2213 0
2214 0
2215 0
2216 0
2217 0
2218 0
2219 0
2220 0
2221 0
2222 0
2223 0
2224 0
2226 0
2227 0
2228 0
2229 0
2230 0
2231 0
2232 0
2233 0
2234 0
2235 0
2236 0
2237 0
2238 0
2239 0
2240 0
2242 0
2243 0
2244 0
2245 0
2246 0
2247 0
2250 0
2251 0
2253 0
2254 0
2255 0
2256 0
2258 0
2259 0
2261 0
2262 0
2263 0
2270 0
2271 0
2292 0
2294 0
2299 0
2302 0
2336 0
2337 0
2338 0
2339 0
2340 0
2341 0
2342 0
2343 0
2344 0
2345 0
2346 0
2347 0
2348 0
2349 0
2350 0
2351 0
2366 0
2367 0
2400 0
2401 0
2402 0
2403 0
2404 0
2405 0
2406 0
2407 0
2409 0
2410 0
2411 0
2413 0
2414 0
2415 0
2465 0
2466 0
2467 0
2468 0
2469 0
2470 0
2471 0
2472 0
2473 0
2474 0
2475 0
2476 0
2477 0
2478 0
2479 0
2482 0
2483 0
2484 0
2485 0
2486 0
2487 0
2488 0
2489 0
2490 0
2491 0
2492 0
2493 0
2494 0
2495 0
2530 0
2531 0
2535 0
2539 0
2541 0
2545 3
2547 1
2549 0
2550 0
2551 0
2555 0
2556 0
2558 0
2561 0
2563 0
2565 0
2567 0
2569 0
2571 0
2573 0
2575 0
2589 0
2591 0
2597 0
2599 0
2601 0
2603 0
2605 0
2607 0
2617 0
2627 0
2629 0
2631 0
2637 0
2639 0
2661 0
2663 0
2669 0
2671 0
2691 0
2693 0
2695 0
2697 0
2699 0
2701 0
2703 0
2707 0
2709 0
2711 0
2713 0
2715 0
2717 0
2719 0
2721 0
2725 0
2727 0
2731 0
2733 0
2735 0
2741 0
2743 0
2745 0
2747 0
2749 0
2751 0
2759 0
2767 0
2771 0
2775 0
2791 0
2807 0
2851 0
2853 0
2855 0
2857 0
2859 0
2861 0
2863 0
2913 0
2915 0
2917 3
2919 1
2921 0
2923 0
2927 0
2979 0
2981 0
2983 0
2985 0
2987 0
2989 0
2991 0
2995 0
2997 0
2999 0
3001 0
3003 0
3005 0
3007 0
3043 0
3045 3
3047 0
3051 0
3055 0
3059 0
3063 3
3136 0
3137 3
3138 0
3145 3
3147 2
3149 3
3151 3
3267 0
3273 2
3275 0
3277 2
3279 3
3289 3
3291 2
3295 1
3425 2
3427 0
3429 2
3431 0
3433 3
3435 0
3437 3
3438 2
3439 0
3555 0
3559 0
3561 3
3563 0
3565 3
3567 2
3569 3
3571 0
3575 0
3577 3
3579 2
3581 3
3583 3
3651 0
3655 2
3657 2
3659 3
3661 3
3663 2
3789 2
3795 0
3803 3
3807 2
3939 0
3941 3
3943 0
3945 3
3947 2
3949 3
3951 3
4071 0
4073 3
4075 1
4077 3
4079 3
4083 0
4085 3
4087 1
4091 1
4093 3
4095 3

# Neuron 41: 138 entries
# Connections: [163, 118, 24, 109, 157, 17, 96, 43, 141, 160, 139, 79]
0 0
1 0
16 0
17 0
32 0
33 0
48 0
49 0
128 0
160 0
161 0
176 0
177 0
288 0
289 0
304 0
305 0
416 0
417 0
432 0
433 0
576 0
577 0
592 0
593 0
608 0
609 0
624 0
625 0
736 0
737 0
752 0
753 0
864 0
865 0
880 0
881 0
992 0
993 0
1008 0
1009 0
1024 0
1025 1
1028 3
1040 0
1056 0
1057 3
1060 3
1072 0
1073 0
1076 3
1153 2
1184 0
1185 3
1200 0
1201 0
1312 0
1313 2
1328 0
1329 0
1440 0
1441 3
1456 0
1457 3
1600 0
1604 3
1616 0
1617 0
1620 3
1632 3
1633 0
1636 3
1648 0
1649 0
1652 3
1729 3
1760 0
1761 0
1776 0
1777 0
1888 0
1889 2
1904 0
1905 0
2016 0
2017 3
2032 0
2033 3
2048 0
2049 0
2052 0
2064 0
2065 0
2080 0
2081 0
2084 0
2096 0
2097 0
2100 0
2624 0
2625 0
2628 2
2640 0
2644 3
2656 0
2657 0
2660 0
2672 0
2673 0
2676 0
2916 0
3072 1
3073 3
3076 0
3088 3
3104 3
3105 3
3108 3
3120 0
3121 1
3124 3
3360 0
3361 3
3364 3
3648 3
3649 3
3652 0
3664 3
3680 3
3681 3
3684 3
3696 0
3700 3
3936 1
3937 3
3940 3
3952 3
3956 3

# Neuron 42: 139 entries
# Connections: [144, 21, 7, 29, 23, 73, 152, 154, 108, 88, 154, 126]
2048 0
2049 3
2052 0
2053 3
2056 0
2057 0
2060 0
2061 3
2080 0
2081 0
2084 0
2085 0
2088 0
2089 0
2092 0
2093 0
2098 0
2099 0
2102 0
2103 0
2106 0
2107 0
2110 0
2111 0
2112 0
2113 1
2116 0
2117 3
2120 0
2121 0
2124 0
2125 3
2144 0
2145 0
2148 0
2149 0
2152 0
2153 0
2156 0
2157 0
2162 0
2163 0
2166 0
2167 2
2170 0
2171 0
2174 0
2175 3
2560 0
2561 0
2564 0
2565 0
2572 0
2592 0
2596 0
2604 0
2610 0
2614 0
2622 0
2624 0
2628 0
2632 0
2636 0
3456 0
3457 3
3460 0
3461 0
3464 0
3465 0
3468 0
3469 0
3488 0
3489 0
3492 0
3493 0
3496 0
3500 0
3501 0
3506 0
3507 0
3510 0
3511 0
3514 0
3518 0
3519 0
3520 0
3521 0
3524 0
3525 0
3528 0
3532 0
3533 0
3552 0
3556 0
3557 0
3564 0
3570 0
3574 0
3575 0
3582 0
3583 3
3968 0
3969 0
3972 0
3973 1
3976 0
3980 0
3981 3
4000 0
4001 0
4004 0
4005 0
4008 0
4012 0
4018 0
4019 0
4022 0
4023 0
4026 0
4027 0
4030 0
4031 0
4032 0
4033 3
4036 0
4037 3
4040 0
4044 0
4045 3
4064 0
4068 0
4076 0
4077 0
4082 0
4083 0
4086 0
4087 3
4094 0
4095 3

# Neuron 43: 292 entries
# Connections: [152, 147, 143, 122, 108, 111, 74, 91, 37, 44, 58, 149]
0 0
2 0
8 0
10 3
12 0
14 2
16 0
18 0
24 0
26 0
28 0
32 0
40 0
44 0
48 0
56 0
60 0
128 0
136 0
140 0
144 0
152 0
156 0
160 0
168 0
172 0
176 0
184 0
188 0
192 0
200 0
204 0
208 0
216 0
220 0
224 0
232 0
240 0
248 0
252 0
256 0
258 3
264 0
266 3
268 0
270 3
272 0
274 3
280 0
282 3
284 0
286 0
288 3
290 3
296 1
298 3
300 0
302 1
304 3
306 3
312 2
314 3
316 0
318 2
384 0
386 2
392 0
396 0
400 0
402 3
408 0
410 3
412 0
414 3
424 0
432 3
434 3
440 0
442 3
464 0
466 3
472 0
474 3
496 3
498 3
504 0
506 3
1024 0
1025 0
1032 0
1033 0
1036 0
1037 0
1040 0
1041 0
1048 0
1049 0
1052 0
1053 0
1056 0
1057 0
1064 0
1065 0
1068 0
1069 0
1072 0
1073 0
1080 0
1081 0
1084 0
1085 0
1152 0
1153 0
1160 0
1161 0
1164 0
1165 0
1168 0
1169 0
1176 0
1177 0
1180 0
1181 0
1184 0
1185 0
1192 0
1193 0
1196 0
1197 0
1200 0
1201 0
1208 0
1209 0
1212 0
1213 0
1216 0
1217 0
1224 0
1225 0
1228 0
1229 0
1232 0
1233 0
1240 0
1241 0
1244 0
1245 0
1248 0
1249 0
1257 0
1264 0
1265 0
1273 0
1276 0
1277 0
1280 0
1281 0
1288 0
1289 0
1292 0
1293 0
1296 0
1297 0
1304 0
1305 0
1308 0
1309 0
1312 0
1313 0
1320 0
1321 0
1324 0
1325 0
1329 0
1336 0
1337 0
1340 0
1341 0
1408 0
1409 0
1416 0
1417 0
1421 0
1424 0
1425 0
1432 0
1433 0
1436 0
1437 0
1440 0
1441 0
1449 0
1453 0
1464 0
1465 0
1468 0
1469 0
1472 0
1473 0
1489 0
1496 0
1497 0
1500 0
1501 0
1504 0
1505 0
1521 0
1532 0
1533 0
3073 0
3081 0
3085 0
3089 0
3097 0
3101 0
3105 0
3113 0
3117 0
3121 0
3129 0
3133 0
3201 0
3209 0
3213 0
3217 0
3225 0
3229 0
3233 0
3241 0
3245 0
3249 0
3257 0
3261 0
3265 0
3273 0
3277 0
3281 0
3289 0
3293 0
3297 0
3309 0
3313 0
3321 0
3325 0
3329 0
3337 0
3341 0
3345 0
3353 0
3357 0
3361 0
3363 3
3369 0
3371 0
3373 0
3375 0
3377 0
3379 3
3385 0
3387 0
3389 0
3391 1
3457 0
3465 0
3469 0
3473 0
3481 0
3485 0
3489 0
3491 3
3497 0
3499 3
3501 0
3505 0
3507 3
3513 0
3515 3
3517 0
3519 3
3521 0
3533 0
3537 0
3545 0
3549 0
3553 0
3555 3
3569 3
3571 3
3577 0
3579 2
3581 0
3583 3

# Neuron 44: 33 entries
# Connections: [48, 32, 164, 121, 165, 62, 20, 49, 153, 122, 59, 157]
3072 0
3104 0
3154 0
3186 0
3200 0
3232 0
3314 3
3414 3
3446 3
3460 1
3492 0
3542 3
3574 3
3712 0
3720 0
3721 0
3744 0
3752 0
3753 0
3826 3
3844 0
3926 3
3958 3
3972 0
3980 0
3981 0
4004 0
4012 0
4013 0
4054 3
4063 3
4086 3
4095 2

# Neuron 45: 513 entries
# Connections: [131, 56, 95, 157, 28, 118, 155, 11, 174, 101, 33, 89]
0 0
1 0
2 0
3 0
8 0
9 0
10 0
16 0
18 0
26 0
64 0
65 3
66 0
67 3
68 3
69 3
70 3
71 3
72 0
73 0
74 0
76 0
78 0
82 0
86 0
90 0
91 0
128 0
129 0
130 0
131 0
136 0
138 0
144 0
146 0
147 0
152 0
154 0
192 0
194 0
195 2
196 2
198 2
199 0
200 0
202 0
204 2
206 2
208 0
210 0
211 3
214 0
215 3
216 1
218 0
222 0
513 0
515 0
531 0
539 0
577 2
581 1
583 3
585 0
589 0
591 0
599 0
641 0
643 0
659 0
663 0
667 0
727 0
731 0
735 0
1032 0
1034 0
1050 0
1088 3
1089 3
1090 3
1091 3
1092 3
1093 3
1094 3
1095 3
1096 3
1097 3
1098 3
1099 3
1100 3
1101 3
1102 3
1103 3
1178 0
1217 3
1218 2
1224 3
1226 3
1227 0
1228 3
1230 3
1234 3
1235 3
1237 3
1238 3
1239 3
1240 3
1242 3
1243 3
1244 3
1246 3
1247 3
1545 0
1601 3
1603 2
1605 3
1607 3
1609 3
1611 3
1613 3
1615 3
1691 0
1739 2
1743 2
1751 3
1755 3
1759 3
2048 0
2049 0
2050 0
2051 0
2052 0
2053 0
2054 0
2055 0
2056 0
2057 0
2058 0
2059 0
2060 0
2061 0
2062 0
2063 0
2066 0
2070 0
2074 0
2075 0
2076 0
2078 0
2079 0
2080 0
2081 0
2082 0
2083 0
2084 0
2085 0
2086 0
2087 0
2088 0
2089 0
2090 0
2091 0
2092 0
2093 0
2094 0
2095 0
2109 0
2111 0
2112 0
2113 0
2114 0
2115 0
2116 0
2117 0
2118 0
2119 0
2120 0
2121 0
2122 0
2123 0
2124 0
2125 0
2126 0
2127 0
2146 0
2148 0
2149 0
2150 0
2151 0
2154 0
2155 0
2157 0
2158 0
2159 0
2176 0
2177 0
2178 0
2179 0
2180 0
2181 0
2182 0
2183 0
2184 0
2185 0
2186 0
2187 0
2188 0
2189 0
2190 0
2191 0
2192 0
2193 0
2194 0
2195 0
2196 0
2197 0
2198 0
2199 0
2200 0
2201 0
2202 0
2203 0
2204 0
2205 0
2206 0
2207 0
2208 0
2210 0
2211 0
2212 0
2213 0
2214 0
2215 0
2216 0
2217 0
2218 0
2219 0
2220 0
2221 0
2222 0
2223 0
2224 0
2226 0
2227 0
2228 0
2229 0
2230 0
2231 0
2232 0
2233 0
2234 0
2235 0
2236 0
2237 0
2238 0
2239 0
2240 0
2242 0
2243 0
2244 0
2245 0
2246 0
2247 0
2250 0
2251 0
2253 0
2254 0
2255 0
2256 0
2258 0
2259 0
2261 0
2262 0
2263 0
2270 0
2271 0
2292 0
2294 0
2299 0
2302 0
2336 0
2337 0
2338 0
2339 0
2340 0
2341 0
2342 0
2343 0
2344 0
2345 0
2346 0
2347 0
2348 0
2349 0
2350 0
2351 0
2366 0
2367 0
2400 0
2401 0
2402 0
2403 0
2404 0
2405 0
2406 0
2407 0
2409 0
2410 0
2411 0
2413 0
2414 0
2415 0
2465 0
2466 0
2467 0
2468 0
2469 0
2470 0
2471 0
2472 0
2473 0
2474 0
2475 0
2476 0
2477 0
2478 0
2479 0
2482 0
2483 0
2484 0
2485 0
2486 0
2487 0
2488 0
2489 0
2490 0
2491 0
2492 0
2493 0
2494 0
2495 0
2530 0
2531 0
2535 0
2539 0
2541 0
2545 3
2547 1
2549 0
2550 0
2551 0
2555 0
2556 0
2558 0
2561 0
2563 0
2565 0
2567 0
2569 0
2571 0
2573 0
2575 0
2589 0
2591 0
2597 0
2599 0
2601 0
2603 0
2605 0
2607 0
2617 0
2627 0
2629 0
2631 0
2637 0
2639 0
2661 0
2663 0
2669 0
2671 0
2691 0
2693 0
2695 0
2697 0
2699 0
2701 0
2703 0
2707 0
2709 0
2711 0
2713 0
2715 0
2717 0
2719 0
2721 0
2725 0
2727 0
2731 0
2733 0
2735 0
2741 0
2743 0
2745 0
2747 0
2749 0
2751 0
2759 0
2767 0
2771 0
2775 0
2791 0
2807 0
2851 0
2853 0
2855 0
2857 0
2859 0
2861 0
2863 0
2913 0
2915 0
2917 3
2919 1
2921 0
2923 0
2927 0
2979 0
2981 0
2983 0
2985 0
2987 0
2989 0
2991 0
2995 0
2997 0
2999 0
3001 0
3003 0
3005 0
3007 0
3043 0
3045 3
3047 0
3051 0
3055 0
3059 0
3063 3
3136 0
3137 3
3138 0
3145 3
3147 2
3149 3
3151 3
3267 0
3273 2
3275 0
3277 2
3279 3
3289 3
3291 2
3295 1
3425 2
3427 0
3429 2
3431 0
3433 3
3435 0
3437 3
3438 2
3439 0
3555 0
3559 0
3561 3
3563 0
3565 3
3567 2
3569 3
3571 0
3575 0
3577 3
3579 2
3581 3
3583 3
3651 0
3655 2
3657 2
3659 3
3661 3
3663 2
3789 2
3795 0
3803 3
3807 2
3939 0
3941 3
3943 0
3945 3
3947 2
3949 3
3951 3
4071 0
4073 3
4075 1
4077 3
4079 3
4083 0
4085 3
4087 1
4091 1
4093 3
4095 3

# Neuron 46: 210 entries
# Connections: [82, 154, 55, 173, 134, 7, 102, 163, 73, 40, 4, 141]
0 0
4 0
8 0
12 0
16 0
20 2
32 0
36 0
40 0
44 0
66 0
70 0
74 0
78 0
82 0
86 0
98 0
102 0
106 0
110 0
256 0
260 0
264 0
268 0
272 0
276 0
280 0
284 0
288 0
292 0
296 0
304 0
322 0
326 0
338 0
342 0
346 0
350 0
354 0
358 0
362 0
370 0
512 0
516 0
528 3
532 2
560 2
594 3
598 1
626 2
768 0
772 3
784 3
788 3
816 3
820 1
834 0
838 3
850 3
854 3
858 2
882 0
886 1
1036 0
1056 0
1060 0
1280 0
1284 0
1346 0
1350 0
1548 2
2048 0
2052 0
2056 0
2060 0
2064 0
2068 0
2080 0
2084 0
2088 0
2092 0
2096 0
2114 0
2118 0
2122 0
2126 0
2130 0
2134 0
2146 0
2150 0
2154 0
2158 0
2162 0
2166 0
2304 0
2308 0
2312 1
2316 0
2320 0
2324 0
2328 3
2332 0
2336 0
2340 0
2344 0
2348 0
2352 0
2356 0
2360 3
2370 0
2374 0
2378 2
2382 0
2386 0
2390 0
2394 3
2398 0
2402 0
2406 0
2410 0
2414 0
2418 0
2426 3
2560 0
2564 0
2568 3
2572 0
2576 3
2600 3
2604 3
2608 3
2630 0
2634 3
2638 1
2666 3
2670 0
2674 3
2678 3
2816 0
2824 2
2828 0
2832 3
2836 2
2840 3
2844 3
2856 2
2864 3
2868 2
2872 3
2876 2
2882 0
2886 3
2890 3
2894 2
2898 3
2902 3
2906 3
2910 3
2922 3
2930 3
2934 3
2938 3
3072 0
3076 0
3080 0
3084 0
3104 0
3108 0
3112 0
3116 0
3138 0
3142 0
3146 0
3150 0
3170 0
3174 0
3178 0
3182 0
3328 0
3332 0
3336 0
3340 0
3360 0
3364 0
3368 1
3372 0
3394 0
3398 0
3402 3
3406 0
3426 0
3430 0
3434 3
3438 0
3592 3
3596 2
3624 3
3628 0
3658 2
3662 1
3690 3
3694 3
3848 0
3852 0
3880 3
3884 1
3914 0
3918 0
3946 3
3950 0

# Neuron 47: 72 entries
# Connections: [67, 149, 51, 62, 39, 50, 32, 139, 174, 93, 48, 82]
34 0
35 0
39 0
42 0
43 0
47 0
162 0
163 0
167 0
170 0
171 0
175 0
866 0
871 3
874 3
875 2
879 3
994 0
999 0
1002 3
1007 2
1058 0
1059 0
1063 0
1066 0
1067 0
1071 0
1186 0
1187 0
1191 0
1194 0
1195 0
1199 0
2082 0
2083 1
2087 3
2090 0
2091 0
2095 0
2210 0
2211 0
2215 0
2218 0
2219 0
2223 0
2915 3
2919 3
2923 3
2927 3
3042 2
3043 3
3047 2
3051 0
3055 3
3107 0
3111 1
3115 0
3119 0
3234 0
3235 0
3239 0
3243 0
3247 0
3939 1
3943 2
3947 3
3951 3
4067 0
4071 0
4074 2
4075 1
4079 0

# Neuron 48: 513 entries
# Connections: [131, 56, 95, 157, 28, 118, 155, 11, 174, 101, 33, 89]
0 0
1 0
2 0
3 0
8 0
9 0
10 0
16 0
18 0
26 0
64 0
65 3
66 0
67 3
68 3
69 3
70 3
71 3
72 0
73 0
74 0
76 0
78 0
82 0
86 0
90 0
91 0
128 0
129 0
130 0
131 0
136 0
138 0
144 0
146 0
147 0
152 0
154 0
192 0
194 0
195 2
196 2
198 2
199 0
200 0
202 0
204 2
206 2
208 0
210 0
211 3
214 0
215 3
216 1
218 0
222 0
513 0
515 0
531 0
539 0
577 2
581 1
583 3
585 0
589 0
591 0
599 0
641 0
643 0
659 0
663 0
667 0
727 0
731 0
735 0
1032 0
1034 0
1050 0
1088 3
1089 3
1090 3
1091 3
1092 3
1093 3
1094 3
1095 3
1096 3
1097 3
1098 3
1099 3
1100 3
1101 3
1102 3
1103 3
1178 0
1217 3
1218 2
1224 3
1226 3
1227 0
1228 3
1230 3
1234 3
1235 3
1237 3
1238 3
1239 3
1240 3
1242 3
1243 3
1244 3
1246 3
1247 3
1545 0
1601 3
1603 2
1605 3
1607 3
1609 3
1611 3
1613 3
1615 3
1691 0
1739 2
1743 2
1751 3
1755 3
1759 3
2048 0
2049 0
2050 0
2051 0
2052 0
2053 0
2054 0
2055 0
2056 0
2057 0
2058 0
2059 0
2060 0
2061 0
2062 0
2063 0
2066 0
2070 0
2074 0
2075 0
2076 0
2078 0
2079 0
2080 0
2081 0
2082 0
2083 0
2084 0
2085 0
2086 0
2087 0
2088 0
2089 0
2090 0
2091 0
2092 0
2093 0
2094 0
2095 0
2109 0
2111 0
2112 0
2113 0
2114 0
2115 0
2116 0
2117 0
2118 0
2119 0
2120 0
2121 0
2122 0
2123 0
2124 0
2125 0
2126 0
2127 0
2146 0
2148 0
2149 0
2150 0
2151 0
2154 0
2155 0
2157 0
2158 0
2159 0
2176 0
2177 0
2178 0
2179 0
2180 0
2181 0
2182 0
2183 0
2184 0
2185 0
2186 0
2187 0
2188 0
2189 0
2190 0
2191 0
2192 0
2193 0
2194 0
2195 0
2196 0
2197 0
2198 0
2199 0
2200 0
2201 0
2202 0
2203 0
2204 0
2205 0
2206 0
2207 0
2208 0
2210 0
2211 0
2212 0
2213 0
2214 0
2215 0
2216 0
2217 0
2218 0
2219 0
2220 0
2221 0
2222 0
2223 0
2224 0
2226 0
2227 0
2228 0
2229 0
2230 0
2231 0
2232 0
2233 0
2234 0
2235 0
2236 0
2237 0
2238 0
2239 0
2240 0
2242 0
2243 0
2244 0
2245 0
2246 0
2247 0
2250 0
2251 0
2253 0
2254 0
2255 0
2256 0
2258 0
2259 0
2261 0
2262 0
2263 0
2270 0
2271 0
2292 0
2294 0
2299 0
2302 0
2336 0
2337 0
2338 0
2339 0
2340 0
2341 0
2342 0
2343 0
2344 0
2345 0
2346 0
2347 0
2348 0
2349 0
2350 0
2351 0
2366 0
2367 0
2400 0
2401 0
2402 0
2403 0
2404 0
2405 0
2406 0
2407 0
2409 0
2410 0
2411 0
2413 0
2414 0
2415 0
2465 0
2466 0
2467 0
2468 0
2469 0
2470 0
2471 0
2472 0
2473 0
2474 0
2475 0
2476 0
2477 0
2478 0
2479 0
2482 0
2483 0
2484 0
2485 0
2486 0
2487 0
2488 0
2489 0
2490 0
2491 0
2492 0
2493 0
2494 0
2495 0
2530 0
2531 0
2535 0
2539 0
2541 0
2545 3
2547 1
2549 0
2550 0
2551 0
2555 0
2556 0
2558 0
2561 0
2563 0
2565 0
2567 0
2569 0
2571 0
2573 0
2575 0
2589 0
2591 0
2597 0
2599 0
2601 0
2603 0
2605 0
2607 0
2617 0
2627 0
2629 0
2631 0
2637 0
2639 0
2661 0
2663 0
2669 0
2671 0
2691 0
2693 0
2695 0
2697 0
2699 0
2701 0
2703 0
2707 0
2709 0
2711 0
2713 0
2715 0
2717 0
2719 0
2721 0
2725 0
2727 0
2731 0
2733 0
2735 0
2741 0
2743 0
2745 0
2747 0
2749 0
2751 0
2759 0
2767 0
2771 0
2775 0
2791 0
2807 0
2851 0
2853 0
2855 0
2857 0
2859 0
2861 0
2863 0
2913 0
2915 0
2917 3
2919 1
2921 0
2923 0
2927 0
2979 0
2981 0
2983 0
2985 0
2987 0
2989 0
2991 0
2995 0
2997 0
2999 0
3001 0
3003 0
3005 0
3007 0
3043 0
3045 3
3047 0
3051 0
3055 0
3059 0
3063 3
3136 0
3137 3
3138 0
3145 3
3147 2
3149 3
3151 3
3267 0
3273 2
3275 0
3277 2
3279 3
3289 3
3291 2
3295 1
3425 2
3427 0
3429 2
3431 0
3433 3
3435 0
3437 3
3438 2
3439 0
3555 0
3559 0
3561 3
3563 0
3565 3
3567 2
3569 3
3571 0
3575 0
3577 3
3579 2
3581 3
3583 3
3651 0
3655 2
3657 2
3659 3
3661 3
3663 2
3789 2
3795 0
3803 3
3807 2
3939 0
3941 3
3943 0
3945 3
3947 2
3949 3
3951 3
4071 0
4073 3
4075 1
4077 3
4079 3
4083 0
4085 3
4087 1
4091 1
4093 3
4095 3

# Neuron 49: 82 entries
# Connections: [151, 75, 69, 115, 30, 6, 55, 74, 145, 115, 71, 130]
0 0
1 0
9 0
32 0
64 0
65 0
73 0
96 0
128 0
129 0
137 0
192 0
193 0
201 0
224 3
260 0
261 0
269 0
292 3
293 0
324 0
325 0
333 0
356 3
357 0
388 0
389 0
397 0
420 1
452 0
453 0
461 0
484 3
485 0
1554 0
1555 0
1563 0
1618 0
1619 0
1627 0
1682 0
1683 0
1691 0
1746 0
1747 0
1755 0
1814 3
1815 0
1823 0
1846 3
1847 3
1878 3
1879 1
1910 3
1911 2
1943 0
1951 0
1974 3
1975 0
2006 3
2038 3
2039 1
2057 0
2121 0
2185 0
2249 0
2317 0
2381 0
2445 0
2509 0
3611 0
3675 0
3739 0
3803 0
3871 0
3903 3
3935 2
3967 3
3999 0
4031 0
4063 0
4095 3

# Neuron 50: 72 entries
# Connections: [67, 149, 51, 62, 39, 50, 32, 139, 174, 93, 48, 82]
34 0
35 0
39 0
42 0
43 0
47 0
162 0
163 0
167 0
170 0
171 0
175 0
866 0
871 3
874 3
875 2
879 3
994 0
999 0
1002 3
1007 2
1058 0
1059 0
1063 0
1066 0
1067 0
1071 0
1186 0
1187 0
1191 0
1194 0
1195 0
1199 0
2082 0
2083 1
2087 3
2090 0
2091 0
2095 0
2210 0
2211 0
2215 0
2218 0
2219 0
2223 0
2915 3
2919 3
2923 3
2927 3
3042 2
3043 3
3047 2
3051 0
3055 3
3107 0
3111 1
3115 0
3119 0
3234 0
3235 0
3239 0
3243 0
3247 0
3939 1
3943 2
3947 3
3951 3
4067 0
4071 0
4074 2
4075 1
4079 0

# Neuron 51: 130 entries
# Connections: [53, 42, 19, 30, 45, 6, 161, 57, 7, 56, 157, 160]
0 0
1 0
32 0
33 0
34 0
72 0
104 0
105 0
106 0
512 0
544 0
545 0
546 0
584 0
616 0
617 0
618 0
768 0
800 0
802 0
840 0
872 0
873 0
874 0
1024 0
1056 0
1058 0
1096 0
1128 0
1130 0
1152 0
1153 0
1184 0
1185 0
1186 0
1224 0
1256 0
1257 0
1258 0
1536 0
1537 0
1568 0
1570 0
1608 0
1640 0
1642 0
1664 0
1696 0
1698 0
1736 0
1768 0
1770 0
1792 0
1824 0
1826 0
1864 0
1896 0
1897 0
1898 0
1920 0
1952 0
1954 0
1992 0
2024 0
2026 0
2068 3
2069 3
2100 0
2101 3
2102 3
2172 0
2580 3
2612 2
2614 2
2652 3
2653 3
2684 2
2685 3
2686 3
2836 1
2868 1
2869 0
2870 0
2908 3
2909 3
2940 3
2941 3
2942 3
3092 3
3093 3
3124 0
3125 3
3126 0
3220 3
3221 3
3252 0
3254 1
3604 2
3636 2
3638 2
3676 3
3677 3
3708 3
3709 3
3710 3
3732 0
3764 0
3765 0
3766 0
3804 3
3805 3
3836 0
3837 3
3838 3
3860 1
3892 0
3894 0
3932 3
3933 3
3964 3
3965 3
3966 3
3988 1
4020 0
4022 0
4060 3
4061 3
4092 3
4093 3
4094 1

# Neuron 52: 176 entries
# Connections: [157, 6, 65, 134, 33, 56, 82, 75, 90, 51, 174, 122]
0 0
1 0
2 0
3 0
32 0
33 0
34 0
35 0
40 0
41 0
42 0
43 0
69 0
70 0
71 3
103 1
109 3
110 0
111 3
128 0
129 0
130 0
131 0
160 0
161 0
162 0
163 0
168 0
169 0
170 0
171 0
197 0
198 0
199 3
231 3
237 0
239 2
528 0
529 0
530 0
560 0
561 1
562 0
563 0
568 0
569 3
570 0
571 0
629 3
637 3
639 3
656 0
657 0
658 0
688 0
689 1
690 0
691 0
696 0
697 1
698 0
699 0
757 3
765 3
767 3
1024 0
1025 0
1026 0
1027 1
1056 0
1057 0
1058 0
1064 0
1065 0
1066 0
1095 3
1127 3
1152 0
1153 0
1154 0
1155 0
1184 0
1185 0
1186 0
1187 0
1192 0
1193 0
1194 0
1195 0
1221 3
1222 0
1223 3
1261 0
1262 0
1263 3
1592 0
1594 0
1653 3
1661 2
1663 3
1680 0
1682 0
1712 0
1713 3
1714 0
1715 0
1720 0
1721 3
1722 0
1749 2
1781 3
1789 3
1791 2
2048 0
2080 0
2081 0
2082 0
2088 0
2089 0
2090 0
2091 0
2176 0
2177 0
2208 0
2209 0
2210 0
2211 0
2216 0
2217 0
2218 0
2219 0
2608 0
2609 0
2610 0
2616 0
2617 3
2618 0
2619 0
2685 3
2687 3
2736 0
2737 0
2738 0
2739 0
2744 0
2745 0
2746 0
2747 0
2775 2
2805 0
2813 0
2815 0
3104 0
3106 0
3107 0
3112 0
3113 0
3114 0
3232 0
3233 0
3234 0
3235 0
3240 0
3241 0
3242 0
3641 3
3709 3
3711 3
3760 0
3761 0
3762 0
3769 3
3770 0
3771 0
3837 1
3839 3

# Neuron 53: 116 entries
# Connections: [22, 28, 9, 123, 54, 153, 66, 17, 134, 34, 79, 98]
0 0
1 0
4 0
5 0
34 0
35 0
38 0
39 0
65 0
68 0
69 0
99 0
102 0
103 0
128 0
132 0
256 0
257 0
260 0
261 0
290 2
291 3
294 3
295 2
321 0
325 0
355 0
359 0
384 2
385 3
388 1
389 3
418 3
419 3
422 3
423 3
483 3
486 2
487 0
512 0
513 0
516 0
517 0
551 0
577 0
581 0
644 0
772 0
773 0
3088 0
3089 0
3092 0
3093 0
3122 0
3123 0
3126 0
3127 0
3153 0
3157 0
3187 0
3191 0
3344 0
3345 0
3348 0
3349 0
3379 1
3382 0
3383 0
3409 0
3413 0
3443 3
3446 2
3447 0
3472 1
3473 3
3476 2
3477 3
3506 3
3507 3
3510 0
3511 0
3571 3
3574 2
3575 1
3600 0
3601 0
3604 0
3605 0
3635 0
3638 0
3639 0
3665 0
3669 0
3699 0
3703 0
3732 0
3733 0
3856 1
3857 0
3860 0
3861 0
3894 3
3895 3
3921 0
3925 0
3955 3
3959 1
3984 3
3985 3
3988 3
3989 3
4019 3
4022 3
4023 3
4083 3
4087 3

# Neuron 54: 509 entries
# Connections: [57, 95, 38, 116, 132, 168, 105, 154, 157, 12, 68, 170]
0 0
2 0
4 0
6 0
128 0
129 0
130 0
131 0
132 0
133 0
134 0
144 0
145 0
146 0
147 0
148 0
149 0
151 0
152 0
153 0
154 0
155 0
156 0
157 0
160 0
161 0
162 0
163 0
164 0
165 0
166 0
176 0
177 0
178 0
180 0
181 0
184 0
185 0
186 0
188 0
189 0
192 0
193 0
194 0
195 0
196 0
197 0
199 0
208 0
209 0
210 0
211 0
213 0
216 0
217 0
219 0
221 0
223 0
224 0
225 0
226 0
227 0
228 0
229 0
240 0
241 0
242 0
243 0
244 0
245 0
248 0
249 0
250 0
252 0
253 0
256 0
258 3
260 0
262 3
282 0
288 0
290 3
292 0
322 3
325 0
326 3
384 0
385 0
386 0
388 0
389 0
400 0
402 0
404 0
405 0
408 0
409 0
410 0
411 0
414 3
416 0
417 0
418 0
419 0
432 0
433 0
434 0
440 0
441 0
442 0
446 2
448 0
449 0
450 0
451 0
452 0
464 0
465 0
467 0
469 0
472 0
473 0
475 0
479 3
480 0
481 0
482 0
484 0
487 0
496 0
498 0
500 0
504 0
506 0
508 0
512 0
514 0
516 0
518 0
640 0
641 0
642 0
643 0
644 0
645 0
646 0
656 0
657 0
658 0
659 0
660 0
661 0
662 0
664 0
665 0
666 0
667 0
668 0
669 0
670 0
672 0
673 0
674 0
675 0
676 0
677 0
678 0
688 0
689 0
690 0
692 0
694 0
696 0
697 0
698 0
700 0
702 0
704 0
705 0
707 0
708 0
709 0
721 0
723 0
725 0
729 0
731 0
732 0
733 0
736 0
737 0
740 0
741 0
742 0
752 0
753 0
755 0
756 0
757 0
760 0
761 0
764 0
765 0
768 0
770 1
772 0
774 3
896 0
897 0
898 0
900 0
902 0
912 0
914 0
916 0
918 0
920 0
922 0
924 0
926 1
928 0
929 0
930 0
932 0
944 0
946 0
948 0
950 0
952 0
954 0
956 0
958 0
961 0
965 0
993 0
1024 0
1028 0
1152 0
1153 0
1154 0
1156 0
1157 0
1168 0
1169 0
1172 0
1173 0
1176 0
1177 0
1180 0
1181 0
1184 0
1185 0
1186 0
1188 0
1189 0
1190 0
1200 0
1201 0
1202 0
1204 0
1208 0
1209 0
1212 0
1213 0
1216 0
1217 0
1219 0
1220 0
1221 0
1232 0
1233 0
1236 0
1237 0
1240 0
1241 0
1245 0
1248 0
1249 0
1250 0
1251 0
1252 0
1253 0
1255 0
1264 0
1265 0
1266 0
1267 0
1268 0
1269 0
1272 0
1273 0
1274 0
1275 0
1276 0
1277 0
1280 0
1282 3
1284 0
1286 3
1306 0
1312 0
1314 3
1316 0
1318 2
1408 0
1412 0
1434 0
1440 0
1446 2
1464 0
1466 3
1470 3
1475 0
1498 0
1499 1
1504 0
1505 0
1506 0
1507 0
1509 0
1520 0
1523 0
1528 0
1529 0
1530 3
1531 0
1536 0
1540 0
1572 0
1664 0
1665 0
1666 0
1668 0
1680 0
1681 0
1684 0
1688 0
1689 0
1692 0
1696 0
1697 0
1698 0
1700 0
1702 0
1712 0
1713 0
1714 0
1716 0
1718 0
1720 0
1721 0
1722 0
1724 0
1729 0
1732 0
1733 0
1744 0
1745 0
1749 0
1753 0
1757 0
1760 0
1761 0
1764 0
1765 0
1776 0
1777 0
1780 0
1781 0
1784 0
1785 0
1788 0
1789 0
1792 0
1826 2
1828 0
1936 0
1944 0
1946 0
1950 0
1952 0
1954 0
1956 0
1968 0
1970 0
1972 0
1976 0
1978 0
1980 0
1982 0
2010 0
2017 0
2048 0
2052 0
2304 3
2306 3
2308 3
2310 3
2330 0
2336 3
2338 2
2340 3
2368 3
2370 3
2372 3
2374 3
2400 3
2404 3
2432 0
2434 3
2438 3
2439 2
2458 1
2459 3
2462 3
2466 3
2470 2
2490 3
2491 3
2494 3
2498 2
2499 3
2502 2
2503 2
2522 1
2523 3
2526 3
2527 2
2554 3
2555 2
2559 3
2560 0
2564 3
2816 3
2818 3
2820 3
2822 3
2842 0
2848 3
2850 2
2944 0
2946 1
2950 1
2970 0
2974 1
2982 0
3002 1
3006 2
3034 3
3035 3
3038 2
3039 3
3066 2
3067 2
3071 2
3072 0
3076 0
3328 3
3330 3
3332 3
3360 3
3362 3
3364 3
3366 3
3456 0
3458 3
3462 3
3482 3
3483 3
3486 2
3490 3
3494 2
3514 3
3515 3
3518 3
3522 3
3523 2
3546 2
3547 3
3550 3
3551 2
3578 3
3579 3
3582 3
3583 3
3588 0
3840 2
3842 2
3844 3
3872 3
3876 3
3968 0
3970 0
3972 0
3994 2
3995 2
3998 3
4002 2
4026 3
4027 3
4030 3
4058 1
4059 2
4062 3
4063 1
4090 0
4091 3
4094 2
4095 3

# Neuron 55: 190 entries
# Connections: [129, 173, 141, 116, 90, 22, 157, 116, 2, 101, 60, 62]
0 0
8 0
64 0
72 0
128 0
136 0
200 0
204 0
272 0
275 3
276 0
279 3
280 0
284 0
336 0
339 2
340 2
344 0
347 2
351 3
400 0
403 3
404 0
407 3
408 0
412 0
467 0
472 0
476 0
479 3
1024 0
1027 0
1032 0
1035 0
1088 0
1096 0
1099 0
1152 0
1155 0
1160 0
1216 0
1224 0
1227 0
1228 0
1296 0
1299 3
1300 3
1303 3
1304 0
1360 0
1363 3
1364 3
1367 3
1368 0
1371 3
1372 0
1375 3
1424 1
1427 3
1428 3
1431 3
1488 2
1491 2
1495 2
1496 1
1499 3
1500 3
1503 3
2048 0
2052 0
2056 0
2060 0
2080 0
2084 0
2092 0
2112 0
2116 0
2120 0
2124 0
2144 0
2148 0
2152 0
2156 0
2176 0
2180 0
2184 0
2188 0
2208 0
2212 0
2220 0
2240 0
2244 0
2248 0
2252 0
2272 0
2276 0
2280 0
2284 0
2320 0
2323 0
2324 0
2352 0
2356 0
2359 2
2384 0
2387 0
2388 0
2396 0
2428 0
2448 0
2451 1
2452 0
2455 3
2480 0
2483 2
2484 0
2487 2
2512 0
2515 0
2516 0
2519 3
2520 0
2523 0
2524 0
2527 2
2544 0
2547 1
2548 0
2551 2
2552 0
2555 2
2559 3
3072 0
3076 0
3080 0
3084 0
3104 0
3108 0
3136 0
3140 0
3144 0
3148 0
3168 0
3172 0
3176 0
3180 0
3200 0
3204 0
3232 0
3236 0
3264 0
3268 0
3272 0
3276 0
3296 0
3300 0
3304 0
3308 0
3344 0
3348 0
3376 0
3380 0
3408 0
3412 0
3416 0
3420 0
3440 0
3443 0
3452 0
3472 0
3475 2
3476 0
3479 2
3504 0
3507 0
3508 2
3511 2
3536 0
3539 0
3540 0
3544 0
3548 0
3568 0
3571 0
3572 0
3575 0
3576 3
3579 0
3580 1
3583 1

# Neuron 56: 122 entries
# Connections: [63, 44, 172, 75, 23, 121, 61, 38, 65, 10, 62, 13]
0 0
5 0
16 0
21 0
64 0
69 0
80 0
128 0
133 0
144 0
149 0
192 0
197 0
208 0
213 0
264 0
269 0
280 0
328 3
344 0
392 0
397 0
408 0
413 0
456 2
461 3
472 0
477 1
512 0
517 0
528 0
533 0
576 0
581 0
592 0
640 0
645 0
656 0
661 0
704 0
709 0
720 0
725 0
776 0
781 0
792 0
797 0
840 0
856 0
904 0
909 0
920 0
925 0
968 0
984 0
1040 0
1045 0
1104 0
1168 0
1173 0
1232 0
1237 0
1304 0
1368 0
1432 0
1437 0
1496 0
1501 0
1552 0
1557 0
1616 0
1680 0
1685 0
1744 0
1749 0
1816 0
1880 0
1944 0
1949 0
2008 0
2013 0
2082 0
2087 0
2098 0
2146 3
2162 3
2215 0
2231 3
2274 3
2279 3
2290 3
2295 3
2410 3
2426 0
2538 0
2543 3
2554 0
2559 1
2658 0
2674 0
2791 3
2802 2
2807 3
2922 3
2938 1
3050 1
3055 3
3066 1
3071 3
3122 0
3186 3
3255 3
3314 1
3319 3
3450 0
3578 0
3583 0
3698 0
3831 0
3962 1
4090 1
4095 1

# Neuron 57: 109 entries
# Connections: [53, 65, 134, 106, 38, 76, 32, 23, 35, 26, 31, 129]
32 0
33 0
40 0
41 0
52 0
53 0
54 0
55 0
60 0
61 0
62 0
63 0
168 0
169 0
188 0
189 0
190 0
191 0
288 0
289 0
297 0
308 0
309 0
311 0
316 0
317 0
319 0
425 0
444 0
445 0
446 0
447 0
1120 3
1121 0
1128 0
1129 0
1140 3
1141 0
1143 1
1148 0
1149 0
1256 1
1257 0
1276 0
1277 0
1279 0
1376 3
1377 0
1384 2
1385 0
1396 2
1397 0
1399 0
1405 0
1512 2
1513 0
1533 0
1535 0
2080 3
2081 0
2088 2
2089 0
2100 1
2102 3
2108 3
2110 3
2216 3
2217 0
2236 3
2237 0
2238 3
2336 3
2344 3
2356 3
2364 3
2472 3
2492 3
2494 3
3168 3
3169 3
3176 2
3177 0
3188 3
3189 3
3190 3
3191 3
3196 3
3197 0
3198 3
3199 3
3304 3
3305 2
3324 3
3325 0
3326 3
3327 0
3424 3
3425 3
3433 1
3444 3
3445 3
3447 2
3452 2
3453 3
3455 3
3560 2
3561 0
3581 3
3583 2

# Neuron 58: 72 entries
# Connections: [67, 149, 51, 62, 39, 50, 32, 139, 174, 93, 48, 82]
34 0
35 0
39 0
42 0
43 0
47 0
162 0
163 0
167 0
170 0
171 0
175 0
866 0
871 3
874 3
875 2
879 3
994 0
999 0
1002 3
1007 2
1058 0
1059 0
1063 0
1066 0
1067 0
1071 0
1186 0
1187 0
1191 0
1194 0
1195 0
1199 0
2082 0
2083 1
2087 3
2090 0
2091 0
2095 0
2210 0
2211 0
2215 0
2218 0
2219 0
2223 0
2915 3
2919 3
2923 3
2927 3
3042 2
3043 3
3047 2
3051 0
3055 3
3107 0
3111 1
3115 0
3119 0
3234 0
3235 0
3239 0
3243 0
3247 0
3939 1
3943 2
3947 3
3951 3
4067 0
4071 0
4074 2
4075 1
4079 0

# Neuron 59: 146 entries
# Connections: [6, 171, 102, 98, 75, 9, 134, 128, 119, 88, 46, 108]
16 0
18 0
20 0
22 0
24 1
26 2
28 0
30 0
144 0
146 0
148 0
152 0
156 3
158 0
272 0
274 0
276 0
278 0
280 3
282 0
284 1
286 0
400 0
402 0
404 0
406 0
408 1
410 0
412 2
414 0
784 0
785 0
786 0
787 0
788 0
789 0
790 0
791 0
792 2
793 0
794 3
795 0
796 2
797 1
798 0
799 0
912 0
913 0
914 0
916 0
917 0
918 0
919 0
920 1
921 0
922 0
924 2
925 3
926 2
927 0
1048 3
1296 0
1300 0
1304 3
1424 0
1432 0
1436 3
1438 0
1808 0
1809 0
1812 0
1813 0
1816 0
1817 0
1820 0
1821 0
1936 0
1937 0
1940 0
1941 0
1944 0
1945 0
1948 3
1949 3
2128 0
2130 0
2132 0
2134 0
2136 3
2138 3
2256 0
2264 3
2268 3
2384 0
2386 0
2388 0
2390 0
2392 3
2394 0
2396 3
2398 0
2512 0
2514 0
2516 0
2518 0
2524 3
2526 1
2896 0
2897 0
2898 0
2899 0
2900 0
2901 0
2902 0
2903 0
2904 0
2905 0
2906 0
2907 0
2908 2
2909 3
2910 0
2911 2
3024 0
3025 0
3026 0
3027 0
3028 0
3029 0
3030 0
3031 0
3032 0
3034 0
3036 2
3037 3
3038 2
3408 0
3420 0
3920 0
3921 0
3924 0
3925 0
3929 0
3932 0
3933 0
4061 3

# Neuron 60: 109 entries
# Connections: [53, 65, 134, 106, 38, 76, 32, 23, 35, 26, 31, 129]
32 0
33 0
40 0
41 0
52 0
53 0
54 0
55 0
60 0
61 0
62 0
63 0
168 0
169 0
188 0
189 0
190 0
191 0
288 0
289 0
297 0
308 0
309 0
311 0
316 0
317 0
319 0
425 0
444 0
445 0
446 0
447 0
1120 3
1121 0
1128 0
1129 0
1140 3
1141 0
1143 1
1148 0
1149 0
1256 1
1257 0
1276 0
1277 0
1279 0
1376 3
1377 0
1384 2
1385 0
1396 2
1397 0
1399 0
1405 0
1512 2
1513 0
1533 0
1535 0
2080 3
2081 0
2088 2
2089 0
2100 1
2102 3
2108 3
2110 3
2216 3
2217 0
2236 3
2237 0
2238 3
2336 3
2344 3
2356 3
2364 3
2472 3
2492 3
2494 3
3168 3
3169 3
3176 2
3177 0
3188 3
3189 3
3190 3
3191 3
3196 3
3197 0
3198 3
3199 3
3304 3
3305 2
3324 3
3325 0
3326 3
3327 0
3424 3
3425 3
3433 1
3444 3
3445 3
3447 2
3452 2
3453 3
3455 3
3560 2
3561 0
3581 3
3583 2

# Neuron 61: 513 entries
# Connections: [131, 56, 95, 157, 28, 118, 155, 11, 174, 101, 33, 89]
0 0
1 0
2 0
3 0
8 0
9 0
10 0
16 0
18 0
26 0
64 0
65 3
66 0
67 3
68 3
69 3
70 3
71 3
72 0
73 0
74 0
76 0
78 0
82 0
86 0
90 0
91 0
128 0
129 0
130 0
131 0
136 0
138 0
144 0
146 0
147 0
152 0
154 0
192 0
194 0
195 2
196 2
198 2
199 0
200 0
202 0
204 2
206 2
208 0
210 0
211 3
214 0
215 3
216 1
218 0
222 0
513 0
515 0
531 0
539 0
577 2
581 1
583 3
585 0
589 0
591 0
599 0
641 0
643 0
659 0
663 0
667 0
727 0
731 0
735 0
1032 0
1034 0
1050 0
1088 3
1089 3
1090 3
1091 3
1092 3
1093 3
1094 3
1095 3
1096 3
1097 3
1098 3
1099 3
1100 3
1101 3
1102 3
1103 3
1178 0
1217 3
1218 2
1224 3
1226 3
1227 0
1228 3
1230 3
1234 3
1235 3
1237 3
1238 3
1239 3
1240 3
1242 3
1243 3
1244 3
1246 3
1247 3
1545 0
1601 3
1603 2
1605 3
1607 3
1609 3
1611 3
1613 3
1615 3
1691 0
1739 2
1743 2
1751 3
1755 3
1759 3
2048 0
2049 0
2050 0
2051 0
2052 0
2053 0
2054 0
2055 0
2056 0
2057 0
2058 0
2059 0
2060 0
2061 0
2062 0
2063 0
2066 0
2070 0
2074 0
2075 0
2076 0
2078 0
2079 0
2080 0
2081 0
2082 0
2083 0
2084 0
2085 0
2086 0
2087 0
2088 0
2089 0
2090 0
2091 0
2092 0
2093 0
2094 0
2095 0
2109 0
2111 0
2112 0
2113 0
2114 0
2115 0
2116 0
2117 0
2118 0
2119 0
2120 0
2121 0
2122 0
2123 0
2124 0
2125 0
2126 0
2127 0
2146 0
2148 0
2149 0
2150 0
2151 0
2154 0
2155 0
2157 0
2158 0
2159 0
2176 0
2177 0
2178 0
2179 0
2180 0
2181 0
2182 0
2183 0
2184 0
2185 0
2186 0
2187 0
2188 0
2189 0
2190 0
2191 0
2192 0
2193 0
2194 0
2195 0
2196 0
2197 0
2198 0
2199 0
2200 0
2201 0
2202 0
2203 0
2204 0
2205 0
2206 0
2207 0
2208 0
2210 0
2211 0
2212 0
2213 0
2214 0
2215 0
2216 0
2217 0
2218 0
2219 0
2220 0
2221 0
2222 0
2223 0
2224 0
2226 0
2227 0
2228 0
2229 0
2230 0
2231 0
2232 0
2233 0
2234 0
2235 0
2236 0
2237 0
2238 0
2239 0
2240 0
2242 0
2243 0
2244 0
2245 0
2246 0
2247 0
2250 0
2251 0
2253 0
2254 0
2255 0
2256 0
2258 0
2259 0
2261 0
2262 0
2263 0
2270 0
2271 0
2292 0
2294 0
2299 0
2302 0
2336 0
2337 0
2338 0
2339 0
2340 0
2341 0
2342 0
2343 0
2344 0
2345 0
2346 0
2347 0
2348 0
2349 0
2350 0
2351 0
2366 0
2367 0
2400 0
2401 0
2402 0
2403 0
2404 0
2405 0
2406 0
2407 0
2409 0
2410 0
2411 0
2413 0
2414 0
2415 0
2465 0
2466 0
2467 0
2468 0
2469 0
2470 0
2471 0
2472 0
2473 0
2474 0
2475 0
2476 0
2477 0
2478 0
2479 0
2482 0
2483 0
2484 0
2485 0
2486 0
2487 0
2488 0
2489 0
2490 0
2491 0
2492 0
2493 0
2494 0
2495 0
2530 0
2531 0
2535 0
2539 0
2541 0
2545 3
2547 1
2549 0
2550 0
2551 0
2555 0
2556 0
2558 0
2561 0
2563 0
2565 0
2567 0
2569 0
2571 0
2573 0
2575 0
2589 0
2591 0
2597 0
2599 0
2601 0
2603 0
2605 0
2607 0
2617 0
2627 0
2629 0
2631 0
2637 0
2639 0
2661 0
2663 0
2669 0
2671 0
2691 0
2693 0
2695 0
2697 0
2699 0
2701 0
2703 0
2707 0
2709 0
2711 0
2713 0
2715 0
2717 0
2719 0
2721 0
2725 0
2727 0
2731 0
2733 0
2735 0
2741 0
2743 0
2745 0
2747 0
2749 0
2751 0
2759 0
2767 0
2771 0
2775 0
2791 0
2807 0
2851 0
2853 0
2855 0
2857 0
2859 0
2861 0
2863 0
2913 0
2915 0
2917 3
2919 1
2921 0
2923 0
2927 0
2979 0
2981 0
2983 0
2985 0
2987 0
2989 0
2991 0
2995 0
2997 0
2999 0
3001 0
3003 0
3005 0
3007 0
3043 0
3045 3
3047 0
3051 0
3055 0
3059 0
3063 3
3136 0
3137 3
3138 0
3145 3
3147 2
3149 3
3151 3
3267 0
3273 2
3275 0
3277 2
3279 3
3289 3
3291 2
3295 1
3425 2
3427 0
3429 2
3431 0
3433 3
3435 0
3437 3
3438 2
3439 0
3555 0
3559 0
3561 3
3563 0
3565 3
3567 2
3569 3
3571 0
3575 0
3577 3
3579 2
3581 3
3583 3
3651 0
3655 2
3657 2
3659 3
3661 3
3663 2
3789 2
3795 0
3803 3
3807 2
3939 0
3941 3
3943 0
3945 3
3947 2
3949 3
3951 3
4071 0
4073 3
4075 1
4077 3
4079 3
4083 0
4085 3
4087 1
4091 1
4093 3
4095 3

# Neuron 62: 165 entries
# Connections: [81, 162, 38, 174, 73, 147, 27, 152, 143, 62, 54, 175]
0 0
1 0
7 0
32 0
33 0
39 3
64 0
80 0
96 0
112 0
128 0
129 0
160 0
192 0
256 0
262 3
288 0
294 3
336 0
384 0
416 0
512 0
513 0
519 0
544 0
545 0
551 2
576 0
592 0
608 0
624 0
640 0
672 0
678 2
704 0
720 0
736 0
768 0
774 3
800 0
806 3
848 0
896 0
928 0
982 2
1024 0
1025 0
1031 3
1056 0
1057 0
1280 0
1281 0
1286 0
1312 0
1313 0
1318 0
1408 0
1440 0
1536 0
1568 0
1569 0
1798 3
1824 0
1825 0
1830 3
2048 0
2049 0
2055 2
2080 0
2081 0
2087 3
2112 0
2128 0
2144 0
2160 0
2176 1
2182 3
2208 3
2214 3
2240 0
2256 0
2257 0
2262 2
2272 0
2288 0
2289 1
2294 1
2304 0
2310 3
2336 0
2342 3
2368 0
2384 0
2400 0
2416 0
2432 0
2438 3
2464 0
2470 2
2496 0
2512 0
2518 3
2528 0
2544 0
2550 2
2560 0
2567 0
2592 0
2593 0
2599 0
2624 0
2640 0
2656 0
2657 0
2672 0
2673 0
2688 0
2694 3
2720 0
2726 3
2752 0
2768 0
2769 0
2774 0
2784 0
2800 0
2801 0
2806 0
2816 0
2822 3
2848 0
2854 2
2880 0
2896 0
2912 0
2928 0
2944 0
2950 3
2976 0
2982 0
3008 0
3024 0
3030 1
3040 0
3056 0
3062 1
3072 0
3073 0
3079 3
3104 0
3105 0
3111 3
3328 0
3329 0
3334 3
3361 0
3366 1
3584 0
3585 0
3616 0
3617 0
3623 3
3846 3
3872 0
3878 3

# Neuron 63: 130 entries
# Connections: [53, 42, 19, 30, 45, 6, 161, 57, 7, 56, 157, 160]
0 0
1 0
32 0
33 0
34 0
72 0
104 0
105 0
106 0
512 0
544 0
545 0
546 0
584 0
616 0
617 0
618 0
768 0
800 0
802 0
840 0
872 0
873 0
874 0
1024 0
1056 0
1058 0
1096 0
1128 0
1130 0
1152 0
1153 0
1184 0
1185 0
1186 0
1224 0
1256 0
1257 0
1258 0
1536 0
1537 0
1568 0
1570 0
1608 0
1640 0
1642 0
1664 0
1696 0
1698 0
1736 0
1768 0
1770 0
1792 0
1824 0
1826 0
1864 0
1896 0
1897 0
1898 0
1920 0
1952 0
1954 0
1992 0
2024 0
2026 0
2068 3
2069 3
2100 0
2101 3
2102 3
2172 0
2580 3
2612 2
2614 2
2652 3
2653 3
2684 2
2685 3
2686 3
2836 1
2868 1
2869 0
2870 0
2908 3
2909 3
2940 3
2941 3
2942 3
3092 3
3093 3
3124 0
3125 3
3126 0
3220 3
3221 3
3252 0
3254 1
3604 2
3636 2
3638 2
3676 3
3677 3
3708 3
3709 3
3710 3
3732 0
3764 0
3765 0
3766 0
3804 3
3805 3
3836 0
3837 3
3838 3
3860 1
3892 0
3894 0
3932 3
3933 3
3964 3
3965 3
3966 3
3988 1
4020 0
4022 0
4060 3
4061 3
4092 3
4093 3
4094 1

# Neuron 64: 292 entries
# Connections: [152, 147, 143, 122, 108, 111, 74, 91, 37, 44, 58, 149]
0 0
2 0
8 0
10 3
12 0
14 2
16 0
18 0
24 0
26 0
28 0
32 0
40 0
44 0
48 0
56 0
60 0
128 0
136 0
140 0
144 0
152 0
156 0
160 0
168 0
172 0
176 0
184 0
188 0
192 0
200 0
204 0
208 0
216 0
220 0
224 0
232 0
240 0
248 0
252 0
256 0
258 3
264 0
266 3
268 0
270 3
272 0
274 3
280 0
282 3
284 0
286 0
288 3
290 3
296 1
298 3
300 0
302 1
304 3
306 3
312 2
314 3
316 0
318 2
384 0
386 2
392 0
396 0
400 0
402 3
408 0
410 3
412 0
414 3
424 0
432 3
434 3
440 0
442 3
464 0
466 3
472 0
474 3
496 3
498 3
504 0
506 3
1024 0
1025 0
1032 0
1033 0
1036 0
1037 0
1040 0
1041 0
1048 0
1049 0
1052 0
1053 0
1056 0
1057 0
1064 0
1065 0
1068 0
1069 0
1072 0
1073 0
1080 0
1081 0
1084 0
1085 0
1152 0
1153 0
1160 0
1161 0
1164 0
1165 0
1168 0
1169 0
1176 0
1177 0
1180 0
1181 0
1184 0
1185 0
1192 0
1193 0
1196 0
1197 0
1200 0
1201 0
1208 0
1209 0
1212 0
1213 0
1216 0
1217 0
1224 0
1225 0
1228 0
1229 0
1232 0
1233 0
1240 0
1241 0
1244 0
1245 0
1248 0
1249 0
1257 0
1264 0
1265 0
1273 0
1276 0
1277 0
1280 0
1281 0
1288 0
1289 0
1292 0
1293 0
1296 0
1297 0
1304 0
1305 0
1308 0
1309 0
1312 0
1313 0
1320 0
1321 0
1324 0
1325 0
1329 0
1336 0
1337 0
1340 0
1341 0
1408 0
1409 0
1416 0
1417 0
1421 0
1424 0
1425 0
1432 0
1433 0
1436 0
1437 0
1440 0
1441 0
1449 0
1453 0
1464 0
1465 0
1468 0
1469 0
1472 0
1473 0
1489 0
1496 0
1497 0
1500 0
1501 0
1504 0
1505 0
1521 0
1532 0
1533 0
3073 0
3081 0
3085 0
3089 0
3097 0
3101 0
3105 0
3113 0
3117 0
3121 0
3129 0
3133 0
3201 0
3209 0
3213 0
3217 0
3225 0
3229 0
3233 0
3241 0
3245 0
3249 0
3257 0
3261 0
3265 0
3273 0
3277 0
3281 0
3289 0
3293 0
3297 0
3309 0
3313 0
3321 0
3325 0
3329 0
3337 0
3341 0
3345 0
3353 0
3357 0
3361 0
3363 3
3369 0
3371 0
3373 0
3375 0
3377 0
3379 3
3385 0
3387 0
3389 0
3391 1
3457 0
3465 0
3469 0
3473 0
3481 0
3485 0
3489 0
3491 3
3497 0
3499 3
3501 0
3505 0
3507 3
3513 0
3515 3
3517 0
3519 3
3521 0
3533 0
3537 0
3545 0
3549 0
3553 0
3555 3
3569 3
3571 3
3577 0
3579 2
3581 0
3583 3

# Neuron 65: 116 entries
# Connections: [22, 28, 9, 123, 54, 153, 66, 17, 134, 34, 79, 98]
0 0
1 0
4 0
5 0
34 0
35 0
38 0
39 0
65 0
68 0
69 0
99 0
102 0
103 0
128 0
132 0
256 0
257 0
260 0
261 0
290 2
291 3
294 3
295 2
321 0
325 0
355 0
359 0
384 2
385 3
388 1
389 3
418 3
419 3
422 3
423 3
483 3
486 2
487 0
512 0
513 0
516 0
517 0
551 0
577 0
581 0
644 0
772 0
773 0
3088 0
3089 0
3092 0
3093 0
3122 0
3123 0
3126 0
3127 0
3153 0
3157 0
3187 0
3191 0
3344 0
3345 0
3348 0
3349 0
3379 1
3382 0
3383 0
3409 0
3413 0
3443 3
3446 2
3447 0
3472 1
3473 3
3476 2
3477 3
3506 3
3507 3
3510 0
3511 0
3571 3
3574 2
3575 1
3600 0
3601 0
3604 0
3605 0
3635 0
3638 0
3639 0
3665 0
3669 0
3699 0
3703 0
3732 0
3733 0
3856 1
3857 0
3860 0
3861 0
3894 3
3895 3
3921 0
3925 0
3955 3
3959 1
3984 3
3985 3
3988 3
3989 3
4019 3
4022 3
4023 3
4083 3
4087 3

# Neuron 66: 72 entries
# Connections: [67, 149, 51, 62, 39, 50, 32, 139, 174, 93, 48, 82]
34 0
35 0
39 0
42 0
43 0
47 0
162 0
163 0
167 0
170 0
171 0
175 0
866 0
871 3
874 3
875 2
879 3
994 0
999 0
1002 3
1007 2
1058 0
1059 0
1063 0
1066 0
1067 0
1071 0
1186 0
1187 0
1191 0
1194 0
1195 0
1199 0
2082 0
2083 1
2087 3
2090 0
2091 0
2095 0
2210 0
2211 0
2215 0
2218 0
2219 0
2223 0
2915 3
2919 3
2923 3
2927 3
3042 2
3043 3
3047 2
3051 0
3055 3
3107 0
3111 1
3115 0
3119 0
3234 0
3235 0
3239 0
3243 0
3247 0
3939 1
3943 2
3947 3
3951 3
4067 0
4071 0
4074 2
4075 1
4079 0

# Neuron 67: 326 entries
# Connections: [128, 44, 24, 49, 64, 145, 77, 2, 102, 76, 91, 172]
2048 0
2049 0
2050 0
2051 0
2056 0
2057 0
2058 0
2059 0
2064 0
2065 0
2066 0
2067 0
2072 0
2074 0
2176 0
2177 0
2178 0
2179 0
2184 0
2185 0
2186 0
2187 0
2192 0
2212 0
2213 0
2214 3
2215 0
2220 0
2221 0
2222 3
2223 0
2229 0
2231 0
2236 0
2237 0
2239 0
2240 0
2241 0
2242 0
2243 0
2248 0
2249 0
2250 0
2251 0
2257 0
2259 0
2265 0
2267 0
2276 0
2277 0
2278 0
2279 0
2284 0
2285 0
2286 1
2287 0
2304 3
2305 0
2306 3
2307 2
2312 3
2313 2
2314 3
2315 3
2320 0
2468 3
2469 3
2470 3
2471 3
2476 3
2478 3
2479 3
2532 0
2533 3
2534 0
2535 3
2541 3
2542 3
2543 2
2560 0
2561 0
2562 0
2576 0
2577 0
2578 0
2579 0
2584 0
2585 0
2586 0
2587 0
2688 0
2689 0
2690 0
2691 0
2697 0
2698 0
2699 0
2704 0
2705 0
2706 0
2707 0
2712 0
2713 0
2714 0
2715 0
2724 0
2725 0
2727 0
2735 0
2740 3
2741 0
2742 3
2743 0
2748 1
2749 0
2750 3
2751 0
2752 0
2753 0
2754 0
2755 0
2760 0
2761 0
2762 0
2763 0
2768 0
2769 0
2770 0
2771 0
2776 0
2777 0
2778 0
2779 0
2788 0
2789 0
2790 0
2791 0
2796 0
2797 0
2798 0
2799 0
2804 1
2805 0
2806 2
2812 0
2813 0
2814 3
2815 0
2816 3
2817 2
2818 3
2824 3
2826 3
2832 3
2833 3
2834 2
2835 0
2840 1
2841 2
2842 3
2843 3
2982 3
2983 0
2991 3
2996 3
2998 3
2999 2
3004 3
3005 0
3006 3
3007 3
3044 0
3045 3
3046 0
3047 1
3053 3
3054 2
3055 2
3061 3
3062 0
3063 3
3070 2
3071 3
3072 0
3073 0
3074 0
3075 0
3080 0
3081 0
3088 0
3090 0
3091 0
3200 0
3201 0
3202 0
3203 0
3208 0
3209 0
3210 0
3211 0
3216 0
3236 0
3237 0
3238 0
3239 0
3244 0
3245 0
3246 0
3247 0
3264 0
3265 0
3266 0
3267 0
3272 0
3273 0
3274 0
3275 0
3289 0
3300 0
3301 0
3302 0
3303 0
3308 0
3309 0
3310 0
3311 0
3328 3
3329 0
3330 1
3331 0
3336 3
3338 3
3494 2
3503 2
3556 0
3557 3
3558 0
3559 2
3565 0
3566 1
3567 2
3584 0
3585 0
3586 0
3592 0
3600 0
3601 0
3712 0
3713 0
3714 0
3715 0
3720 0
3721 0
3722 0
3723 0
3728 0
3729 0
3730 0
3731 0
3736 0
3737 0
3738 0
3739 0
3748 0
3749 0
3764 0
3776 0
3777 0
3778 0
3779 0
3784 0
3785 0
3786 0
3787 0
3792 0
3793 0
3794 0
3795 0
3800 0
3801 0
3802 0
3803 0
3812 0
3813 0
3814 0
3815 0
3820 0
3821 0
3822 0
3823 0
3828 0
3829 0
3830 0
3831 0
3836 0
3837 0
3838 0
3839 0
3840 1
3842 0
3848 1
3850 1
3856 3
3857 1
3858 3
3859 0
3864 1
3866 3
3867 3
4005 0
4006 0
4007 1
4020 2
4068 0
4069 3
4070 0
4071 1
4077 0
4078 0
4079 2
4084 0
4085 2
4086 0
4087 1
4094 0
4095 3

# Neuron 68: 115 entries
# Connections: [9, 128, 39, 117, 103, 47, 107, 162, 118, 98, 3, 29]
1024 0
1025 0
1028 0
1029 0
1040 0
1041 0
1044 0
1045 0
1156 0
1157 0
1188 0
1189 0
1288 0
1289 2
1292 3
1293 1
1304 3
1305 0
1308 3
1420 3
1421 3
1436 2
1452 3
1453 3
1468 3
1536 0
1537 0
1540 0
1541 0
1552 0
1556 0
1600 0
1601 0
1604 0
1605 0
1620 0
1668 0
1669 0
1700 0
1701 0
1732 0
1733 0
1764 0
1765 0
1800 1
1801 2
1804 0
1805 1
1820 3
1864 1
1865 1
1868 0
1869 0
1932 2
1933 0
1964 0
1965 3
1980 3
1996 1
1997 0
2028 0
2029 0
3074 0
3075 0
3078 0
3079 0
3090 0
3091 0
3094 0
3095 0
3206 0
3207 0
3223 0
3238 0
3239 0
3339 3
3343 2
3354 0
3355 0
3358 0
3359 3
3471 0
3486 0
3487 2
3503 3
3519 3
3587 0
3590 0
3591 0
3602 0
3603 0
3606 0
3607 0
3651 0
3655 0
3670 0
3718 0
3719 0
3750 0
3751 0
3767 0
3783 0
3815 0
3851 3
3855 1
3867 1
3871 3
3915 3
3919 0
3935 3
3983 1
4015 3
4031 3
4047 0
4079 0

# Neuron 69: 116 entries
# Connections: [22, 28, 9, 123, 54, 153, 66, 17, 134, 34, 79, 98]
0 0
1 0
4 0
5 0
34 0
35 0
38 0
39 0
65 0
68 0
69 0
99 0
102 0
103 0
128 0
132 0
256 0
257 0
260 0
261 0
290 2
291 3
294 3
295 2
321 0
325 0
355 0
359 0
384 2
385 3
388 1
389 3
418 3
419 3
422 3
423 3
483 3
486 2
487 0
512 0
513 0
516 0
517 0
551 0
577 0
581 0
644 0
772 0
773 0
3088 0
3089 0
3092 0
3093 0
3122 0
3123 0
3126 0
3127 0
3153 0
3157 0
3187 0
3191 0
3344 0
3345 0
3348 0
3349 0
3379 1
3382 0
3383 0
3409 0
3413 0
3443 3
3446 2
3447 0
3472 1
3473 3
3476 2
3477 3
3506 3
3507 3
3510 0
3511 0
3571 3
3574 2
3575 1
3600 0
3601 0
3604 0
3605 0
3635 0
3638 0
3639 0
3665 0
3669 0
3699 0
3703 0
3732 0
3733 0
3856 1
3857 0
3860 0
3861 0
3894 3
3895 3
3921 0
3925 0
3955 3
3959 1
3984 3
3985 3
3988 3
3989 3
4019 3
4022 3
4023 3
4083 3
4087 3

# Neuron 70: 116 entries
# Connections: [3, 117, 32, 44, 63, 147, 174, 73, 153, 68, 65, 125]
512 0
534 0
544 0
566 0
576 0
584 0
598 0
606 0
608 0
616 0
630 0
638 0
672 0
768 0
790 0
800 0
822 0
832 0
840 0
854 0
862 0
864 0
872 0
886 0
894 0
928 0
1537 0
1559 3
1569 0
1591 0
1601 0
1609 0
1623 0
1631 0
1633 0
1641 0
1655 0
1663 0
1665 0
1687 3
1697 3
1719 3
1759 0
1791 3
1793 0
1815 0
1825 0
1847 0
1857 0
1865 0
1879 0
1887 0
1889 0
1897 0
1911 0
1919 0
1921 0
1943 1
1953 2
1975 1
2015 0
2047 1
2560 0
2582 0
2592 0
2614 0
2624 0
2632 0
2646 0
2654 0
2656 0
2664 0
2678 0
2686 0
2720 0
2816 0
2838 0
2848 0
2880 0
2888 0
2902 0
2910 0
2912 0
2920 0
2934 0
2942 0
2976 3
3585 0
3607 3
3617 0
3649 0
3657 0
3671 0
3679 3
3681 0
3689 0
3713 3
3735 3
3745 3
3767 2
3807 1
3839 3
3841 0
3863 0
3873 0
3905 0
3913 0
3935 0
3937 0
3945 0
3967 0
3969 0
3991 2
4001 3
4063 0
4095 1

# Neuron 71: 116 entries
# Connections: [22, 28, 9, 123, 54, 153, 66, 17, 134, 34, 79, 98]
0 0
1 0
4 0
5 0
34 0
35 0
38 0
39 0
65 0
68 0
69 0
99 0
102 0
103 0
128 0
132 0
256 0
257 0
260 0
261 0
290 2
291 3
294 3
295 2
321 0
325 0
355 0
359 0
384 2
385 3
388 1
389 3
418 3
419 3
422 3
423 3
483 3
486 2
487 0
512 0
513 0
516 0
517 0
551 0
577 0
581 0
644 0
772 0
773 0
3088 0
3089 0
3092 0
3093 0
3122 0
3123 0
3126 0
3127 0
3153 0
3157 0
3187 0
3191 0
3344 0
3345 0
3348 0
3349 0
3379 1
3382 0
3383 0
3409 0
3413 0
3443 3
3446 2
3447 0
3472 1
3473 3
3476 2
3477 3
3506 3
3507 3
3510 0
3511 0
3571 3
3574 2
3575 1
3600 0
3601 0
3604 0
3605 0
3635 0
3638 0
3639 0
3665 0
3669 0
3699 0
3703 0
3732 0
3733 0
3856 1
3857 0
3860 0
3861 0
3894 3
3895 3
3921 0
3925 0
3955 3
3959 1
3984 3
3985 3
3988 3
3989 3
4019 3
4022 3
4023 3
4083 3
4087 3

# Neuron 72: 115 entries
# Connections: [9, 128, 39, 117, 103, 47, 107, 162, 118, 98, 3, 29]
1024 0
1025 0
1028 0
1029 0
1040 0
1041 0
1044 0
1045 0
1156 0
1157 0
1188 0
1189 0
1288 0
1289 2
1292 3
1293 1
1304 3
1305 0
1308 3
1420 3
1421 3
1436 2
1452 3
1453 3
1468 3
1536 0
1537 0
1540 0
1541 0
1552 0
1556 0
1600 0
1601 0
1604 0
1605 0
1620 0
1668 0
1669 0
1700 0
1701 0
1732 0
1733 0
1764 0
1765 0
1800 1
1801 2
1804 0
1805 1
1820 3
1864 1
1865 1
1868 0
1869 0
1932 2
1933 0
1964 0
1965 3
1980 3
1996 1
1997 0
2028 0
2029 0
3074 0
3075 0
3078 0
3079 0
3090 0
3091 0
3094 0
3095 0
3206 0
3207 0
3223 0
3238 0
3239 0
3339 3
3343 2
3354 0
3355 0
3358 0
3359 3
3471 0
3486 0
3487 2
3503 3
3519 3
3587 0
3590 0
3591 0
3602 0
3603 0
3606 0
3607 0
3651 0
3655 0
3670 0
3718 0
3719 0
3750 0
3751 0
3767 0
3783 0
3815 0
3851 3
3855 1
3867 1
3871 3
3915 3
3919 0
3935 3
3983 1
4015 3
4031 3
4047 0
4079 0

# Neuron 73: 179 entries
# Connections: [43, 115, 96, 164, 153, 106, 174, 34, 128, 160, 78, 66]
8 0
24 0
28 0
40 0
43 0
56 0
59 0
60 3
264 0
267 0
280 0
283 0
296 0
299 0
312 1
315 0
408 0
520 0
524 0
536 0
540 0
556 0
568 0
572 0
604 0
776 0
779 0
780 0
792 0
795 0
796 0
808 0
811 0
824 0
827 0
840 0
843 0
856 0
859 0
872 0
875 0
888 0
891 0
904 0
907 0
920 0
923 0
936 0
939 0
952 0
955 0
968 0
971 0
984 0
987 0
1000 0
1003 0
1016 0
1019 0
1032 0
1048 0
1064 2
1068 2
1080 0
1084 0
1288 0
1291 3
1304 0
1307 3
1320 2
1323 2
1324 3
1336 3
1340 3
1435 3
1467 2
1544 0
1547 3
1548 3
1560 0
1563 3
1576 3
1580 3
1592 2
1596 3
1611 3
1612 3
1627 3
1628 3
1644 3
1660 3
1800 0
1803 3
1816 0
1819 3
1832 3
1835 3
1836 3
1848 3
1851 3
1852 3
1864 0
1867 3
1880 0
1883 0
1896 3
1899 3
1912 3
1915 1
1928 0
1931 1
1944 0
1947 0
1960 0
1963 3
1976 0
1979 0
1992 0
1995 3
2008 0
2011 1
2024 0
2027 3
2040 0
2043 3
2072 0
2104 1
2108 3
2328 0
2331 0
2332 0
2360 1
2363 0
2459 0
2584 0
2588 0
2840 0
2843 0
2844 0
2872 0
2875 0
2904 0
2907 0
2936 0
2939 0
2968 0
2971 0
3000 0
3003 0
3032 0
3035 0
3064 0
3067 0
3132 3
3352 0
3355 0
3384 3
3387 0
3611 2
3640 3
3644 3
3676 3
3864 0
3867 0
3896 0
3899 0
3900 3
3928 0
3931 0
3960 0
3963 0
3992 0
3995 0
4024 0
4027 1
4056 0
4059 1
4088 0
4091 2

# Neuron 74: 210 entries
# Connections: [82, 154, 55, 173, 134, 7, 102, 163, 73, 40, 4, 141]
0 0
4 0
8 0
12 0
16 0
20 2
32 0
36 0
40 0
44 0
66 0
70 0
74 0
78 0
82 0
86 0
98 0
102 0
106 0
110 0
256 0
260 0
264 0
268 0
272 0
276 0
280 0
284 0
288 0
292 0
296 0
304 0
322 0
326 0
338 0
342 0
346 0
350 0
354 0
358 0
362 0
370 0
512 0
516 0
528 3
532 2
560 2
594 3
598 1
626 2
768 0
772 3
784 3
788 3
816 3
820 1
834 0
838 3
850 3
854 3
858 2
882 0
886 1
1036 0
1056 0
1060 0
1280 0
1284 0
1346 0
1350 0
1548 2
2048 0
2052 0
2056 0
2060 0
2064 0
2068 0
2080 0
2084 0
2088 0
2092 0
2096 0
2114 0
2118 0
2122 0
2126 0
2130 0
2134 0
2146 0
2150 0
2154 0
2158 0
2162 0
2166 0
2304 0
2308 0
2312 1
2316 0
2320 0
2324 0
2328 3
2332 0
2336 0
2340 0
2344 0
2348 0
2352 0
2356 0
2360 3
2370 0
2374 0
2378 2
2382 0
2386 0
2390 0
2394 3
2398 0
2402 0
2406 0
2410 0
2414 0
2418 0
2426 3
2560 0
2564 0
2568 3
2572 0
2576 3
2600 3
2604 3
2608 3
2630 0
2634 3
2638 1
2666 3
2670 0
2674 3
2678 3
2816 0
2824 2
2828 0
2832 3
2836 2
2840 3
2844 3
2856 2
2864 3
2868 2
2872 3
2876 2
2882 0
2886 3
2890 3
2894 2
2898 3
2902 3
2906 3
2910 3
2922 3
2930 3
2934 3
2938 3
3072 0
3076 0
3080 0
3084 0
3104 0
3108 0
3112 0
3116 0
3138 0
3142 0
3146 0
3150 0
3170 0
3174 0
3178 0
3182 0
3328 0
3332 0
3336 0
3340 0
3360 0
3364 0
3368 1
3372 0
3394 0
3398 0
3402 3
3406 0
3426 0
3430 0
3434 3
3438 0
3592 3
3596 2
3624 3
3628 0
3658 2
3662 1
3690 3
3694 3
3848 0
3852 0
3880 3
3884 1
3914 0
3918 0
3946 3
3950 0

# Neuron 75: 179 entries
# Connections: [43, 115, 96, 164, 153, 106, 174, 34, 128, 160, 78, 66]
8 0
24 0
28 0
40 0
43 0
56 0
59 0
60 3
264 0
267 0
280 0
283 0
296 0
299 0
312 1
315 0
408 0
520 0
524 0
536 0
540 0
556 0
568 0
572 0
604 0
776 0
779 0
780 0
792 0
795 0
796 0
808 0
811 0
824 0
827 0
840 0
843 0
856 0
859 0
872 0
875 0
888 0
891 0
904 0
907 0
920 0
923 0
936 0
939 0
952 0
955 0
968 0
971 0
984 0
987 0
1000 0
1003 0
1016 0
1019 0
1032 0
1048 0
1064 2
1068 2
1080 0
1084 0
1288 0
1291 3
1304 0
1307 3
1320 2
1323 2
1324 3
1336 3
1340 3
1435 3
1467 2
1544 0
1547 3
1548 3
1560 0
1563 3
1576 3
1580 3
1592 2
1596 3
1611 3
1612 3
1627 3
1628 3
1644 3
1660 3
1800 0
1803 3
1816 0
1819 3
1832 3
1835 3
1836 3
1848 3
1851 3
1852 3
1864 0
1867 3
1880 0
1883 0
1896 3
1899 3
1912 3
1915 1
1928 0
1931 1
1944 0
1947 0
1960 0
1963 3
1976 0
1979 0
1992 0
1995 3
2008 0
2011 1
2024 0
2027 3
2040 0
2043 3
2072 0
2104 1
2108 3
2328 0
2331 0
2332 0
2360 1
2363 0
2459 0
2584 0
2588 0
2840 0
2843 0
2844 0
2872 0
2875 0
2904 0
2907 0
2936 0
2939 0
2968 0
2971 0
3000 0
3003 0
3032 0
3035 0
3064 0
3067 0
3132 3
3352 0
3355 0
3384 3
3387 0
3611 2
3640 3
3644 3
3676 3
3864 0
3867 0
3896 0
3899 0
3900 3
3928 0
3931 0
3960 0
3963 0
3992 0
3995 0
4024 0
4027 1
4056 0
4059 1
4088 0
4091 2

# Neuron 76: 176 entries
# Connections: [157, 6, 65, 134, 33, 56, 82, 75, 90, 51, 174, 122]
0 0
1 0
2 0
3 0
32 0
33 0
34 0
35 0
40 0
41 0
42 0
43 0
69 0
70 0
71 3
103 1
109 3
110 0
111 3
128 0
129 0
130 0
131 0
160 0
161 0
162 0
163 0
168 0
169 0
170 0
171 0
197 0
198 0
199 3
231 3
237 0
239 2
528 0
529 0
530 0
560 0
561 1
562 0
563 0
568 0
569 3
570 0
571 0
629 3
637 3
639 3
656 0
657 0
658 0
688 0
689 1
690 0
691 0
696 0
697 1
698 0
699 0
757 3
765 3
767 3
1024 0
1025 0
1026 0
1027 1
1056 0
1057 0
1058 0
1064 0
1065 0
1066 0
1095 3
1127 3
1152 0
1153 0
1154 0
1155 0
1184 0
1185 0
1186 0
1187 0
1192 0
1193 0
1194 0
1195 0
1221 3
1222 0
1223 3
1261 0
1262 0
1263 3
1592 0
1594 0
1653 3
1661 2
1663 3
1680 0
1682 0
1712 0
1713 3
1714 0
1715 0
1720 0
1721 3
1722 0
1749 2
1781 3
1789 3
1791 2
2048 0
2080 0
2081 0
2082 0
2088 0
2089 0
2090 0
2091 0
2176 0
2177 0
2208 0
2209 0
2210 0
2211 0
2216 0
2217 0
2218 0
2219 0
2608 0
2609 0
2610 0
2616 0
2617 3
2618 0
2619 0
2685 3
2687 3
2736 0
2737 0
2738 0
2739 0
2744 0
2745 0
2746 0
2747 0
2775 2
2805 0
2813 0
2815 0
3104 0
3106 0
3107 0
3112 0
3113 0
3114 0
3232 0
3233 0
3234 0
3235 0
3240 0
3241 0
3242 0
3641 3
3709 3
3711 3
3760 0
3761 0
3762 0
3769 3
3770 0
3771 0
3837 1
3839 3

# Neuron 77: 509 entries
# Connections: [57, 95, 38, 116, 132, 168, 105, 154, 157, 12, 68, 170]
0 0
2 0
4 0
6 0
128 0
129 0
130 0
131 0
132 0
133 0
134 0
144 0
145 0
146 0
147 0
148 0
149 0
151 0
152 0
153 0
154 0
155 0
156 0
157 0
160 0
161 0
162 0
163 0
164 0
165 0
166 0
176 0
177 0
178 0
180 0
181 0
184 0
185 0
186 0
188 0
189 0
192 0
193 0
194 0
195 0
196 0
197 0
199 0
208 0
209 0
210 0
211 0
213 0
216 0
217 0
219 0
221 0
223 0
224 0
225 0
226 0
227 0
228 0
229 0
240 0
241 0
242 0
243 0
244 0
245 0
248 0
249 0
250 0
252 0
253 0
256 0
258 3
260 0
262 3
282 0
288 0
290 3
292 0
322 3
325 0
326 3
384 0
385 0
386 0
388 0
389 0
400 0
402 0
404 0
405 0
408 0
409 0
410 0
411 0
414 3
416 0
417 0
418 0
419 0
432 0
433 0
434 0
440 0
441 0
442 0
446 2
448 0
449 0
450 0
451 0
452 0
464 0
465 0
467 0
469 0
472 0
473 0
475 0
479 3
480 0
481 0
482 0
484 0
487 0
496 0
498 0
500 0
504 0
506 0
508 0
512 0
514 0
516 0
518 0
640 0
641 0
642 0
643 0
644 0
645 0
646 0
656 0
657 0
658 0
659 0
660 0
661 0
662 0
664 0
665 0
666 0
667 0
668 0
669 0
670 0
672 0
673 0
674 0
675 0
676 0
677 0
678 0
688 0
689 0
690 0
692 0
694 0
696 0
697 0
698 0
700 0
702 0
704 0
705 0
707 0
708 0
709 0
721 0
723 0
725 0
729 0
731 0
732 0
733 0
736 0
737 0
740 0
741 0
742 0
752 0
753 0
755 0
756 0
757 0
760 0
761 0
764 0
765 0
768 0
770 1
772 0
774 3
896 0
897 0
898 0
900 0
902 0
912 0
914 0
916 0
918 0
920 0
922 0
924 0
926 1
928 0
929 0
930 0
932 0
944 0
946 0
948 0
950 0
952 0
954 0
956 0
958 0
961 0
965 0
993 0
1024 0
1028 0
1152 0
1153 0
1154 0
1156 0
1157 0
1168 0
1169 0
1172 0
1173 0
1176 0
1177 0
1180 0
1181 0
1184 0
1185 0
1186 0
1188 0
1189 0
1190 0
1200 0
1201 0
1202 0
1204 0
1208 0
1209 0
1212 0
1213 0
1216 0
1217 0
1219 0
1220 0
1221 0
1232 0
1233 0
1236 0
1237 0
1240 0
1241 0
1245 0
1248 0
1249 0
1250 0
1251 0
1252 0
1253 0
1255 0
1264 0
1265 0
1266 0
1267 0
1268 0
1269 0
1272 0
1273 0
1274 0
1275 0
1276 0
1277 0
1280 0
1282 3
1284 0
1286 3
1306 0
1312 0
1314 3
1316 0
1318 2
1408 0
1412 0
1434 0
1440 0
1446 2
1464 0
1466 3
1470 3
1475 0
1498 0
1499 1
1504 0
1505 0
1506 0
1507 0
1509 0
1520 0
1523 0
1528 0
1529 0
1530 3
1531 0
1536 0
1540 0
1572 0
1664 0
1665 0
1666 0
1668 0
1680 0
1681 0
1684 0
1688 0
1689 0
1692 0
1696 0
1697 0
1698 0
1700 0
1702 0
1712 0
1713 0
1714 0
1716 0
1718 0
1720 0
1721 0
1722 0
1724 0
1729 0
1732 0
1733 0
1744 0
1745 0
1749 0
1753 0
1757 0
1760 0
1761 0
1764 0
1765 0
1776 0
1777 0
1780 0
1781 0
1784 0
1785 0
1788 0
1789 0
1792 0
1826 2
1828 0
1936 0
1944 0
1946 0
1950 0
1952 0
1954 0
1956 0
1968 0
1970 0
1972 0
1976 0
1978 0
1980 0
1982 0
2010 0
2017 0
2048 0
2052 0
2304 3
2306 3
2308 3
2310 3
2330 0
2336 3
2338 2
2340 3
2368 3
2370 3
2372 3
2374 3
2400 3
2404 3
2432 0
2434 3
2438 3
2439 2
2458 1
2459 3
2462 3
2466 3
2470 2
2490 3
2491 3
2494 3
2498 2
2499 3
2502 2
2503 2
2522 1
2523 3
2526 3
2527 2
2554 3
2555 2
2559 3
2560 0
2564 3
2816 3
2818 3
2820 3
2822 3
2842 0
2848 3
2850 2
2944 0
2946 1
2950 1
2970 0
2974 1
2982 0
3002 1
3006 2
3034 3
3035 3
3038 2
3039 3
3066 2
3067 2
3071 2
3072 0
3076 0
3328 3
3330 3
3332 3
3360 3
3362 3
3364 3
3366 3
3456 0
3458 3
3462 3
3482 3
3483 3
3486 2
3490 3
3494 2
3514 3
3515 3
3518 3
3522 3
3523 2
3546 2
3547 3
3550 3
3551 2
3578 3
3579 3
3582 3
3583 3
3588 0
3840 2
3842 2
3844 3
3872 3
3876 3
3968 0
3970 0
3972 0
3994 2
3995 2
3998 3
4002 2
4026 3
4027 3
4030 3
4058 1
4059 2
4062 3
4063 1
4090 0
4091 3
4094 2
4095 3

# Neuron 78: 349 entries
# Connections: [153, 108, 175, 91, 125, 93, 169, 29, 12, 12, 60, 46]
0 0
1 0
2 0
3 0
12 0
13 0
14 0
16 0
17 0
28 0
29 0
30 0
32 0
33 0
44 0
48 0
49 0
60 0
61 0
128 1
129 0
130 3
131 0
140 0
144 0
145 0
146 3
147 2
156 0
157 0
158 3
159 3
160 0
161 0
162 3
163 3
176 0
177 0
178 3
179 3
188 0
189 0
190 3
191 3
256 0
257 0
268 0
272 0
273 0
284 0
285 0
288 0
304 0
316 0
320 0
321 0
322 0
332 0
336 0
337 0
348 0
349 0
350 0
352 0
368 0
380 0
381 0
384 3
385 0
386 3
400 0
401 0
402 0
403 0
412 3
414 2
416 2
418 3
434 2
444 0
446 3
448 1
449 0
450 3
451 3
464 0
466 3
467 0
476 0
477 0
478 3
479 3
480 0
482 3
498 2
508 0
510 2
512 0
513 0
524 0
528 0
529 0
540 0
640 0
641 0
642 0
643 0
652 0
656 0
658 2
668 0
670 3
671 1
832 0
833 0
844 0
845 0
849 0
860 0
861 0
960 0
962 3
963 0
972 0
988 0
990 0
991 0
994 2
1024 0
1025 0
1036 0
1040 0
1041 0
1052 0
1053 0
1056 0
1072 0
1084 0
1152 0
1153 0
1154 2
1168 0
1169 0
1184 0
1280 0
1281 0
1296 0
1297 0
1308 0
1309 0
1312 0
1328 0
1340 0
1344 0
1345 0
1356 0
1360 0
1361 0
1372 0
1373 0
1376 0
1392 0
1404 0
1408 0
1409 0
1410 3
1424 0
1425 0
1426 2
1436 0
1437 0
1438 3
1472 2
1473 0
1474 3
1488 0
1489 0
1500 0
1501 0
1502 3
1504 1
1506 3
1532 2
1534 3
1535 2
1884 0
1984 0
1986 3
2012 0
2014 3
2018 3
2046 3
2047 3
2048 0
2049 0
2060 0
2061 0
2064 0
2065 0
2076 0
2077 0
2080 0
2096 0
2108 0
2109 0
2176 0
2177 0
2178 3
2179 0
2192 0
2193 0
2194 0
2195 0
2204 0
2205 0
2206 2
2207 0
2208 0
2304 0
2305 0
2316 0
2320 0
2321 0
2332 0
2333 0
2336 0
2352 0
2364 0
2368 0
2369 0
2380 0
2384 0
2385 0
2396 0
2397 0
2400 0
2412 0
2416 0
2428 0
2429 0
2432 0
2433 0
2434 1
2435 2
2448 0
2449 0
2450 0
2451 1
2460 3
2462 1
2463 2
2464 0
2466 2
2467 2
2480 0
2482 3
2492 0
2494 2
2496 0
2497 0
2498 2
2499 3
2512 0
2513 0
2514 2
2515 3
2524 0
2525 0
2526 3
2527 2
2528 0
2530 2
2546 2
2558 3
2688 0
2689 0
2704 0
2705 0
2716 2
2717 2
2897 0
2944 0
2961 0
3008 0
3024 2
3036 0
3056 0
3057 0
3072 0
3073 0
3084 0
3085 0
3088 0
3089 0
3100 0
3101 0
3104 0
3120 0
3132 0
3200 0
3201 0
3202 3
3217 0
3228 0
3229 0
3232 0
3260 0
3328 0
3329 0
3340 0
3344 0
3345 0
3356 0
3357 0
3360 0
3376 0
3388 0
3392 0
3393 0
3408 0
3409 0
3420 0
3421 0
3424 0
3440 0
3452 0
3456 0
3458 2
3459 2
3472 0
3473 0
3474 3
3475 2
3486 3
3488 0
3490 3
3506 2
3520 3
3521 0
3522 3
3523 3
3536 1
3537 0
3538 3
3548 2
3549 0
3550 3
3552 0
3554 3

# Neuron 79: 176 entries
# Connections: [157, 6, 65, 134, 33, 56, 82, 75, 90, 51, 174, 122]
0 0
1 0
2 0
3 0
32 0
33 0
34 0
35 0
40 0
41 0
42 0
43 0
69 0
70 0
71 3
103 1
109 3
110 0
111 3
128 0
129 0
130 0
131 0
160 0
161 0
162 0
163 0
168 0
169 0
170 0
171 0
197 0
198 0
199 3
231 3
237 0
239 2
528 0
529 0
530 0
560 0
561 1
562 0
563 0
568 0
569 3
570 0
571 0
629 3
637 3
639 3
656 0
657 0
658 0
688 0
689 1
690 0
691 0
696 0
697 1
698 0
699 0
757 3
765 3
767 3
1024 0
1025 0
1026 0
1027 1
1056 0
1057 0
1058 0
1064 0
1065 0
1066 0
1095 3
1127 3
1152 0
1153 0
1154 0
1155 0
1184 0
1185 0
1186 0
1187 0
1192 0
1193 0
1194 0
1195 0
1221 3
1222 0
1223 3
1261 0
1262 0
1263 3
1592 0
1594 0
1653 3
1661 2
1663 3
1680 0
1682 0
1712 0
1713 3
1714 0
1715 0
1720 0
1721 3
1722 0
1749 2
1781 3
1789 3
1791 2
2048 0
2080 0
2081 0
2082 0
2088 0
2089 0
2090 0
2091 0
2176 0
2177 0
2208 0
2209 0
2210 0
2211 0
2216 0
2217 0
2218 0
2219 0
2608 0
2609 0
2610 0
2616 0
2617 3
2618 0
2619 0
2685 3
2687 3
2736 0
2737 0
2738 0
2739 0
2744 0
2745 0
2746 0
2747 0
2775 2
2805 0
2813 0
2815 0
3104 0
3106 0
3107 0
3112 0
3113 0
3114 0
3232 0
3233 0
3234 0
3235 0
3240 0
3241 0
3242 0
3641 3
3709 3
3711 3
3760 0
3761 0
3762 0
3769 3
3770 0
3771 0
3837 1
3839 3

# Neuron 80: 176 entries
# Connections: [157, 6, 65, 134, 33, 56, 82, 75, 90, 51, 174, 122]
0 0
1 0
2 0
3 0
32 0
33 0
34 0
35 0
40 0
41 0
42 0
43 0
69 0
70 0
71 3
103 1
109 3
110 0
111 3
128 0
129 0
130 0
131 0
160 0
161 0
162 0
163 0
168 0
169 0
170 0
171 0
197 0
198 0
199 3
231 3
237 0
239 2
528 0
529 0
530 0
560 0
561 1
562 0
563 0
568 0
569 3
570 0
571 0
629 3
637 3
639 3
656 0
657 0
658 0
688 0
689 1
690 0
691 0
696 0
697 1
698 0
699 0
757 3
765 3
767 3
1024 0
1025 0
1026 0
1027 1
1056 0
1057 0
1058 0
1064 0
1065 0
1066 0
1095 3
1127 3
1152 0
1153 0
1154 0
1155 0
1184 0
1185 0
1186 0
1187 0
1192 0
1193 0
1194 0
1195 0
1221 3
1222 0
1223 3
1261 0
1262 0
1263 3
1592 0
1594 0
1653 3
1661 2
1663 3
1680 0
1682 0
1712 0
1713 3
1714 0
1715 0
1720 0
1721 3
1722 0
1749 2
1781 3
1789 3
1791 2
2048 0
2080 0
2081 0
2082 0
2088 0
2089 0
2090 0
2091 0
2176 0
2177 0
2208 0
2209 0
2210 0
2211 0
2216 0
2217 0
2218 0
2219 0
2608 0
2609 0
2610 0
2616 0
2617 3
2618 0
2619 0
2685 3
2687 3
2736 0
2737 0
2738 0
2739 0
2744 0
2745 0
2746 0
2747 0
2775 2
2805 0
2813 0
2815 0
3104 0
3106 0
3107 0
3112 0
3113 0
3114 0
3232 0
3233 0
3234 0
3235 0
3240 0
3241 0
3242 0
3641 3
3709 3
3711 3
3760 0
3761 0
3762 0
3769 3
3770 0
3771 0
3837 1
3839 3

# Neuron 81: 48 entries
# Connections: [77, 135, 29, 127, 54, 157, 142, 59, 18, 169, 21, 153]
0 0
1 0
4 0
5 0
65 0
69 0
144 0
256 0
260 0
400 3
404 3
522 0
523 0
526 0
527 0
587 0
591 0
666 0
778 0
782 0
922 3
926 3
2048 0
2049 0
2052 0
2053 0
2113 0
2117 0
2304 3
2308 2
2369 0
2448 3
2452 3
2513 2
2517 2
2570 0
2571 0
2574 0
2575 0
2635 0
2826 3
2830 3
2891 0
2895 0
2970 2
2974 3
3035 2
3039 3

# Neuron 82: 130 entries
# Connections: [151, 42, 41, 82, 72, 135, 12, 36, 2, 75, 130, 86]
0 0
2 0
16 0
18 0
40 0
42 0
56 0
58 0
132 0
134 0
148 0
150 0
172 0
174 0
188 1
190 0
256 0
257 2
258 0
259 0
272 0
273 0
274 0
275 0
296 0
297 0
298 0
299 0
312 0
313 0
314 0
315 0
388 2
389 3
390 0
391 0
404 0
405 3
406 0
407 2
428 3
429 3
430 0
431 0
444 2
445 3
446 0
447 0
528 0
530 0
568 1
570 0
660 0
662 0
702 0
784 0
785 0
786 0
787 0
824 0
825 0
826 0
827 0
916 0
917 2
918 0
919 0
956 3
958 0
959 0
1552 0
1554 0
1592 0
1594 0
1684 0
1686 0
1724 0
1726 0
1808 0
1809 0
1810 0
1811 0
1848 0
1849 1
1850 0
1851 0
1940 0
1941 1
1942 0
1943 0
1981 1
1982 0
1983 0
2050 0
2066 0
2090 0
2198 0
2306 0
2307 0
2322 0
2323 0
2346 0
2347 0
2362 0
2363 0
2438 0
2439 3
2454 0
2455 0
2479 3
2495 2
2578 0
2834 0
2835 0
2874 0
2875 0
2966 0
2967 1
3007 1
3602 0
3642 0
3734 1
3858 0
3859 0
3898 0
3899 0
3990 0
3991 0
4030 0
4031 1

