{
  "phase1": [
    {
      "label": "TERNARY_rate1.0",
      "mode": "TERNARY",
      "memory_mode": 0,
      "neuron_sample_rate": 1.0,
      "neurons_per_cluster": 1000,
      "bits_per_neuron": 10,
      "context_size": 4,
      "cross_entropy": 9.768210034125646,
      "perplexity": 17469.469461583092,
      "accuracy": 0.04476300902990057,
      "mean_bit_accuracy": 0.6693666353821754,
      "per_bit_accuracy": [
        0.9667791128158569,
        0.9282315969467163,
        0.8795017600059509,
        0.825178325176239,
        0.7679948210716248,
        0.7415515780448914,
        0.5932188034057617,
        0.5850954055786133,
        0.6317100524902344,
        0.5214082598686218,
        0.5694740414619446,
        0.5184497833251953,
        0.5309581756591797,
        0.5995396971702576,
        0.5127894282341003,
        0.5379853248596191
      ],
      "train_modified": 2315417027,
      "train_examples": 2403640,
      "train_time": 253.6639530658722,
      "eval_time": 7.168431997299194
    },
    {
      "label": "TERNARY_rate0.5",
      "mode": "TERNARY",
      "memory_mode": 0,
      "neuron_sample_rate": 0.5,
      "neurons_per_cluster": 1000,
      "bits_per_neuron": 10,
      "context_size": 4,
      "cross_entropy": 9.771055375118584,
      "perplexity": 17519.24684239509,
      "accuracy": 0.04436948807139594,
      "mean_bit_accuracy": 0.669499047100544,
      "per_bit_accuracy": [
        0.9667791128158569,
        0.9282315969467163,
        0.8795017600059509,
        0.825178325176239,
        0.7679948210716248,
        0.7415515780448914,
        0.593141496181488,
        0.585070788860321,
        0.6317100524902344,
        0.5213450193405151,
        0.5692772269248962,
        0.516946017742157,
        0.5308632850646973,
        0.5995396971702576,
        0.5160956978797913,
        0.5387582778930664
      ],
      "train_modified": 2314252024,
      "train_examples": 2403640,
      "train_time": 254.37364673614502,
      "eval_time": 7.167890787124634
    },
    {
      "label": "TERNARY_rate0.3",
      "mode": "TERNARY",
      "memory_mode": 0,
      "neuron_sample_rate": 0.3,
      "neurons_per_cluster": 1000,
      "bits_per_neuron": 10,
      "context_size": 4,
      "cross_entropy": 9.760092991835318,
      "perplexity": 17328.242985221936,
      "accuracy": 0.044752468289940624,
      "mean_bit_accuracy": 0.6695372574031353,
      "per_bit_accuracy": [
        0.9667791128158569,
        0.9282315969467163,
        0.8795017600059509,
        0.825178325176239,
        0.7679948210716248,
        0.7415515780448914,
        0.5931520462036133,
        0.5851199626922607,
        0.6317100524902344,
        0.5228066444396973,
        0.570067822933197,
        0.5183795094490051,
        0.5289624333381653,
        0.5995396971702576,
        0.5149467587471008,
        0.538673996925354
      ],
      "train_modified": 2314288299,
      "train_examples": 2403640,
      "train_time": 255.0654239654541,
      "eval_time": 7.172079086303711
    },
    {
      "label": "QUAD_BINARY_rate1.0",
      "mode": "QUAD_BINARY",
      "memory_mode": 1,
      "neuron_sample_rate": 1.0,
      "neurons_per_cluster": 1000,
      "bits_per_neuron": 10,
      "context_size": 4,
      "cross_entropy": 10.216632340637188,
      "perplexity": 27354.39092416034,
      "accuracy": 0.03199114577843365,
      "mean_bit_accuracy": 0.6726948656141758,
      "per_bit_accuracy": [
        0.9667791128158569,
        0.9282315969467163,
        0.8795017600059509,
        0.825178325176239,
        0.7679948210716248,
        0.7415515780448914,
        0.596665620803833,
        0.5878921747207642,
        0.631569504737854,
        0.5317908525466919,
        0.5677418112754822,
        0.5240328907966614,
        0.5485190153121948,
        0.5994799733161926,
        0.5242858529090881,
        0.5419029593467712
      ],
      "train_modified": 20984903405,
      "train_examples": 2403640,
      "train_time": 156.74861097335815,
      "eval_time": 27.023623943328857
    },
    {
      "label": "QUAD_BINARY_rate0.5",
      "mode": "QUAD_BINARY",
      "memory_mode": 1,
      "neuron_sample_rate": 0.5,
      "neurons_per_cluster": 1000,
      "bits_per_neuron": 10,
      "context_size": 4,
      "cross_entropy": 10.075681428643582,
      "perplexity": 23758.162357834924,
      "accuracy": 0.03947507114999473,
      "mean_bit_accuracy": 0.6739520765841007,
      "per_bit_accuracy": [
        0.9667791128158569,
        0.9282315969467163,
        0.8795017600059509,
        0.825178325176239,
        0.7679948210716248,
        0.7415515780448914,
        0.5949193835258484,
        0.5894803404808044,
        0.6333438754081726,
        0.5292962193489075,
        0.5728470683097839,
        0.5349952578544617,
        0.542960524559021,
        0.5995186567306519,
        0.5314887166023254,
        0.5451459884643555
      ],
      "train_modified": 10537567055,
      "train_examples": 2403640,
      "train_time": 112.505784034729,
      "eval_time": 27.18512535095215
    },
    {
      "label": "QUAD_BINARY_rate0.3",
      "mode": "QUAD_BINARY",
      "memory_mode": 1,
      "neuron_sample_rate": 0.3,
      "neurons_per_cluster": 1000,
      "bits_per_neuron": 10,
      "context_size": 4,
      "cross_entropy": 10.003244475444468,
      "perplexity": 22098.0461798155,
      "accuracy": 0.0427181054776712,
      "mean_bit_accuracy": 0.6749145723879337,
      "per_bit_accuracy": [
        0.9667791128158569,
        0.9282315969467163,
        0.8795017600059509,
        0.825178325176239,
        0.7679948210716248,
        0.7415515780448914,
        0.5955728888511658,
        0.5894381999969482,
        0.6317100524902344,
        0.5326200723648071,
        0.5732300281524658,
        0.5384702086448669,
        0.5514879822731018,
        0.5995396971702576,
        0.5311724543571472,
        0.5461543798446655
      ],
      "train_modified": 6343644212,
      "train_examples": 2403640,
      "train_time": 84.52831292152405,
      "eval_time": 26.905274152755737
    },
    {
      "label": "QUAD_WEIGHTED_rate1.0",
      "mode": "QUAD_WEIGHTED",
      "memory_mode": 2,
      "neuron_sample_rate": 1.0,
      "neurons_per_cluster": 1000,
      "bits_per_neuron": 10,
      "context_size": 4,
      "cross_entropy": 9.517537128658516,
      "perplexity": 13596.084538049576,
      "accuracy": 0.031622219879835566,
      "mean_bit_accuracy": 0.6709387339651585,
      "per_bit_accuracy": [
        0.9667791128158569,
        0.9282315969467163,
        0.8795017600059509,
        0.825178325176239,
        0.7679948210716248,
        0.7415515780448914,
        0.597702145576477,
        0.590000331401825,
        0.6316924691200256,
        0.518730878829956,
        0.5525456070899963,
        0.5325392484664917,
        0.5433083772659302,
        0.599342942237854,
        0.5197463035583496,
        0.5401742458343506
      ],
      "train_modified": 20985560494,
      "train_examples": 2403640,
      "train_time": 157.07491302490234,
      "eval_time": 26.94569969177246
    },
    {
      "label": "QUAD_WEIGHTED_rate0.5",
      "mode": "QUAD_WEIGHTED",
      "memory_mode": 2,
      "neuron_sample_rate": 0.5,
      "neurons_per_cluster": 1000,
      "bits_per_neuron": 10,
      "context_size": 4,
      "cross_entropy": 9.453879856975334,
      "perplexity": 12757.56690098009,
      "accuracy": 0.04364569059414638,
      "mean_bit_accuracy": 0.6742057129740715,