{
  "config": {
    "context_size": 4,
    "neuron_sample_rate": 0.25,
    "memory_mode": "QUAD_WEIGHTED",
    "vocab_size": 50257,
    "num_clusters": 16,
    "total_input_bits": 64,
    "train_tokens": 200000,
    "eval_tokens": 50000,
    "ga_gens": 50,
    "population": 30,
    "ts_iters": 50,
    "neighbors": 30,
    "patience": 2
  },
  "phase1_grid": {
    "results": [
      {
        "neurons": 200,
        "bits": 16,
        "cross_entropy": 9.273892577640705,
        "perplexity": 10656.151154945912,
        "accuracy": 0.04578366269301544,
        "mean_bit_accuracy": 0.6746989712119102,
        "per_bit_accuracy": [
          0.9641171097755432,
          0.9317945241928101,
          0.8724098205566406,
          0.8166853189468384,
          0.7763420939445496,
          0.7355588674545288,
          0.6048684120178223,
          0.5760660767555237,
          0.640491247177124,
          0.5460636615753174,
          0.5747259855270386,
          0.5496639609336853,
          0.5567045211791992,
          0.5622649788856506,
          0.5369829535484314,
          0.5504440069198608
        ],
        "elapsed_s": 1.8
      },
      {
        "neurons": 150,
        "bits": 16,
        "cross_entropy": 9.288651639222621,
        "perplexity": 10814.592291220712,
        "accuracy": 0.045203616289303146,
        "mean_bit_accuracy": 0.6743301972746849,
        "per_bit_accuracy": [
          0.9641171097755432,
          0.9317945241928101,
          0.8724098205566406,
          0.8166853189468384,
          0.7763420939445496,
          0.7355588674545288,
          0.6048083901405334,
          0.572665810585022,
          0.6400712132453918,
          0.5450435876846313,
          0.5750460028648376,
          0.5486838817596436,
          0.5567845702171326,
          0.5621449947357178,
          0.5360428690910339,
          0.5510841012001038
        ],
        "elapsed_s": 1.4
      },
      {
        "neurons": 200,
        "bits": 14,
        "cross_entropy": 9.29143067424951,
        "perplexity": 10844.688221452345,
        "accuracy": 0.04230338427074166,
        "mean_bit_accuracy": 0.6796043664216995,
        "per_bit_accuracy": [
          0.9641171097755432,
          0.9317945241928101,
          0.8724098205566406,
          0.8166853189468384,
          0.7763420939445496,
          0.7366989254951477,
          0.6038883328437805,
          0.6126090288162231,
          0.6405112147331238,
          0.5482038855552673,
          0.5738258957862854,
          0.5476238131523132,
          0.5600647926330566,
          0.6016281247138977,
          0.5374429821968079,
          0.5498239994049072
        ],
        "elapsed_s": 1.5
      },
      {
        "neurons": 100,
        "bits": 16,
        "cross_entropy": 9.300098645204505,
        "perplexity": 10939.09824452686,
        "accuracy": 0.044443555484438756,
        "mean_bit_accuracy": 0.6740939281880856,
        "per_bit_accuracy": [
          0.9641171097755432,
          0.9317945241928101,
          0.8724098205566406,
          0.8166853189468384,
          0.7763420939445496,
          0.736518919467926,
          0.6047683954238892,
          0.5721057653427124,
          0.6404512524604797,
          0.542963445186615,
          0.5742459297180176,
          0.5485239028930664,
          0.5555044412612915,
          0.5615649223327637,
          0.5362429022789001,
          0.5512641072273254
        ],
        "elapsed_s": 1.0
      },
      {
        "neurons": 150,
        "bits": 14,
        "cross_entropy": 9.300991232566465,
        "perplexity": 10948.866704324493,
        "accuracy": 0.04056324505960477,
        "mean_bit_accuracy": 0.6791155748069286,
        "per_bit_accuracy": [
          0.9641171097755432,
          0.9317945241928101,
          0.8724098205566406,
          0.8166853189468384,
          0.7763420939445496,
          0.7366989254951477,
          0.6032482385635376,
          0.6123690009117126,
          0.6403512358665466,
          0.5445835590362549,
          0.5743459463119507,
          0.5467637181282043,
          0.5563845038414001,
          0.6006680727005005,
          0.5380630493164062,
          0.5510240793228149
        ],
        "elapsed_s": 1.1
      },
      {
        "neurons": 100,
        "bits": 14,
        "cross_entropy": 9.318858659706628,
        "perplexity": 11146.252923188471,
        "accuracy": 0.04246339707176574,
        "mean_bit_accuracy": 0.6790118217468262,
        "per_bit_accuracy": [
          0.9641171097755432,
          0.9317945241928101,
          0.8724098205566406,
          0.8166853189468384,
          0.7763420939445496,
          0.736678957939148,
          0.6024882197380066,
          0.6126890182495117,
          0.6407712697982788,
          0.546623706817627,
          0.5740259289741516,
          0.546883761882782,
          0.5586246848106384,
          0.5976678133010864,
          0.537803053855896,
          0.5485838651657104
        ],
        "elapsed_s": 0.8
      },
      {
        "neurons": 50,
        "bits": 16,
        "cross_entropy": 9.360928793749014,
        "perplexity": 11625.18092469433,
        "accuracy": 0.043523481878550284,
        "mean_bit_accuracy": 0.672907579690218,
        "per_bit_accuracy": [
          0.9641171097755432,
          0.9317945241928101,
          0.8724098205566406,
          0.8166853189468384,
          0.7763420939445496,
          0.735718846321106,
          0.6055484414100647,
          0.5675253868103027,
          0.6405512690544128,
          0.539263129234314,
          0.5742259621620178,
          0.54350346326828,
          0.5560845136642456,
          0.5550643801689148,
          0.5371629595756531,
          0.5505240559577942
        ],
        "elapsed_s": 0.6
      },
      {
        "neurons": 200,
        "bits": 18,
        "cross_entropy": 9.383830168605547,
        "perplexity": 11894.48550323281,
        "accuracy": 0.04144331546523722,
        "mean_bit_accuracy": 0.6650057025253773,
        "per_bit_accuracy": [
          0.9641171097755432,
          0.9317945241928101,
          0.8724098205566406,
          0.8167653679847717,
          0.7758820652961731,
          0.7355588674545288,
          0.605048418045044,
          0.5097208023071289,
          0.6394111514091492,
          0.5422233939170837,
          0.5746059417724609,
          0.5411033034324646,
          0.5489639043807983,
          0.5018001198768616,
          0.5297423601150513,
          0.5509440898895264
        ],
        "elapsed_s": 2.9
      },
      {
        "neurons": 150,
        "bits": 18,
        "cross_entropy": 9.393669527617442,
        "perplexity": 12012.097279746737,
        "accuracy": 0.04252340187214977,
        "mean_bit_accuracy": 0.6649306938052177,
        "per_bit_accuracy": [
          0.9641171097755432,
          0.9317945241928101,
          0.8724297881126404,
          0.8168853521347046,
          0.7749220132827759,
          0.7355788350105286,
          0.6055284142494202,
          0.5079006552696228,
          0.6397311687469482,
          0.5420233607292175,
          0.5740059018135071,
          0.5427234172821045,
          0.549083948135376,
          0.5007600784301758,
          0.5305224657058716,
          0.5508840680122375
        ],
        "elapsed_s": 2.2
      },
      {
        "neurons": 100,
        "bits": 18,
        "cross_entropy": 9.399237390049354,
        "perplexity": 12079.165525035118,
        "accuracy": 0.041383310664853186,
        "mean_bit_accuracy": 0.6651582084596157,