# Neuron 0: 3825 entries
# Connections: [236, 329, 120, 151, 359, 67, 264, 160, 130, 229, 295, 326, 292, 63, 259, 138, 318, 28, 108, 25, 21, 308, 79, 116, 257, 212, 355, 204, 304, 146, 1, 229, 355, 116]
41024 0
41280 0
122944 0
122960 0
123200 0
176192 0
176208 0
176216 0
176322 0
176346 0
176448 0
176472 0
176602 0
258112 0
258128 0
258136 0
258242 0
258368 0
258392 0
2142272 0
2142288 0
2142296 0
2142528 0
2142552 0
2224192 0
2224208 0
2224216 0
2224322 0
2224448 0
2224464 0
2265088 0
2273344 0
2273360 0
2273368 0
2273498 0
2273600 0
2273754 0
2355264 0
2355280 0
2355288 0
2355394 0
2355520 0
2355536 0
4235328 0
4317248 0
4317504 0
4370496 0
4370512 0
4370626 0
4370752 0
4452416 0
4452432 0
4452546 0
4452570 0
4452672 0
4452688 0
4452802 0
4452944 0
4895320 3
4977232 0
4977472 0
6336576 0
6336592 0
6336832 0
6336848 0
6337088 0
6418496 0
6418512 0
6418520 0
6418626 0
6418642 0
6418650 0
6418752 0
6418768 0
6418776 0
6419008 0
6419024 0
6419032 0
6419264 0
6419280 0
6419288 0
6467648 0
6467664 0
6467904 0
6467920 0
6468034 0
6549568 0
6549584 0
6549824 0
6549840 0
6549848 0
6550080 0
6550096 0
6550336 0
6861376 0
6861400 3
6861632 0
6943296 0
6943312 0
6943320 0
6943552 0
6943568 0
6943576 0
6992448 0
6992472 3
6992704 0
7074368 0
7074384 0
7074624 0
7074640 0
10518560 0
10518592 0
10518608 3
10518624 0
10518640 3
10518754 0
10518848 0
10518880 0
10518904 0
10519010 0
10519072 0
10522688 0
10522704 3
10522944 0
10526784 0
10526800 3
10526816 0
10526832 3
10526946 0
10527040 0
10527072 0
10530880 0
10530896 3
10530904 3
10531136 0
10531160 0
10543168 0
10543184 3
10543200 0
10543216 3
10543424 0
10543456 0
10547264 0
10547280 3
10547520 0
10608704 0
10608720 3
10608728 0
10608736 0
10608752 3
10608760 0
10608866 0
10608960 0
10608992 0
10609008 0
10612800 0
10612816 3
10612824 0
10612930 0
10613056 0
10613072 0
10613080 0
11043328 0
11043360 0
11047424 0
11048449 0
14712896 0
14712928 0
14713058 0
14713082 0
14713152 0
14713168 3
14713184 0
14713200 3
14713208 0
14716992 1
14717264 3
14721088 3
14721104 3
14721120 0
14721136 3
14721344 0
14721360 3
14721376 0
14721392 3
14721600 3
14721632 0
14721888 0
14725184 0
14725200 3
14725208 3
14725440 0
14725456 3
14725696 0
14737472 0
14737488 0
14737496 0
14737504 0
14737528 0
14737602 0
14737626 0
14737634 0
14737658 0
14737744 3
14737776 3
14741568 0
14741584 0
14741722 0
14741840 3
14802976 0
14803008 0
14803024 0
14803032 0
14803040 0
14803056 0
14803064 0
14803138 0
14803162 0
14803170 0
14803194 0
14803264 0
14803280 3
14803296 0
14803312 3
14803394 0
14803426 0
14803488 0
14803520 0
14803536 0
14803552 0
14803568 0
14803576 0
14803776 0
14803808 0
14807104 0
14807120 0
14807128 0
14807234 0
14807250 0
14807258 0
14807360 0
14807376 3
14807384 0
14807490 0
14807514 0
14807616 0
14807632 0
14807640 0
14807872 0
14807888 0
14807896 0
15237728 0
15237984 0
15241792 0
15242048 0
15245888 0
15245920 0
15246144 0
15246176 0
15249984 0
15250000 3
15250008 3
15250240 0
15250256 0
15327744 0
15327776 0
15327808 0
15327824 0
15327832 0
15327840 0
15327856 0
15327864 0
15327962 0
15328064 0
15328096 0
15331904 0
15331920 0
15331928 0
15332160 0
15332176 0
15332184 0
33595456 0
33595712 0
33677376 0
33677632 0
33722368 0
33724416 0
33724432 0
33730624 0
33730880 0
33812544 0
33812560 0
33812568 0
33812698 0
33812800 0
33812816 0
33812824 0
35035152 0
35688448 0
35688464 0
35690496 0
35690512 0
35696704 0
35696960 0
35778576 0
35778624 0
35778640 0
35778648 0
35778770 0
35778778 0
35778880 0
35778904 0
35780608 0
35819520 0
35821568 0
35821584 0
35827776 0
35828032 0
35909696 0
35909712 0
35909720 0
35909952 0
35909968 0
35909976 0
35911680 0
35952656 0
36083728 0
36306433 0
37001232 0
37132304 0
37916672 0
37916688 0
37917184 0
37917200 0
37918720 0
37918736 0
37919232 0
37919248 0
38007376 0
38441472 0
38441488 0
38443536 0
38449744 3
38531664 0
38531672 0
39229440 0
39229456 0
39754256 0
39882752 0
39882768 0
39883264 0
39883280 0
39884800 0
39884816 0
39885312 0
39885328 0
39972880 0
39973456 0
39974912 0
40013824 0
40013840 0
40014336 0
40014352 0
40015872 0
40015888 0
40016400 0
40104016 0
40104024 0
40104528 0
40105984 0
40146960 0
40278016 0
40278032 0
40407552 0
40407568 0
40409600 0
40409616 0
40415808 0
40416064 0
40497728 0
40497744 0
40497752 0
40497984 0
40538624 0
40538640 0
40540688 0
40628816 0
40628824 0
40629072 0
40933904 0
41195536 0
41196048 0
41326592 0
41326608 0
41458192 0
41720336 0
41851408 0
44073024 0
44073048 0
44073056 0
44073080 0
44073312 0
44075536 0
44077056 0
44077120 0
44077144 0
44077376 0
44079104 0
44079120 0
44079632 0
44081216 0
44081248 0
44081264 2
44081472 0
44081504 0
44085312 0
44085328 3
44085568 0
44101696 0
44163136 0
44163160 0
44163168 0
44163184 0
44163192 0
44163290 0
44163322 0
44163392 0
44163424 0
44163440 0
44163616 0
44165152 0
44167232 0
44167248 0
44167256 0
44167386 0
44167488 0
44167504 0
44167512 0
44169216 0
44341264 0
44688929 0
44691968 0
44695041 0
44951073 0
45385760 0
45389824 0
45389840 0
45390336 0
46004752 0
48267264 0
48267280 0
48267296 0
48267312 0
48267344 2
48267360 0
48267376 3
48267616 0
48267776 0
48267792 0
48267824 0
48269328 0
48269360 0
48269840 0
48271360 0
48271376 0
48271440 3
48271872 0
48271888 0
48273408 0
48273424 0
48273554 0
48273920 0
48273936 0
48274066 0
48275552 0
48275808 0
48276064 0
48276320 0
48279632 2
48357408 0
48357424 0
48357456 0
48357464 0
48357472 0
48357488 0
48357496 0
48357626 0
48357728 0
48357744 0
48357920 0
48357936 0
48357968 0
48357976 0
48357984 0
48358000 0
48358008 0
48358138 0
48358240 0
48358256 0
48359424 0
48359456 0
48359936 0
48359952 0
48359968 0
48361536 0
48361552 0
48361560 0
48362064 0
48362320 0
48363520 0
48363536 0
48364032 0
48364048 0
48535568 0
48619552 0
48619872 0
48620064 0
48792064 0
48792080 0
48794128 0
48796160 0
48796176 0
48796224 0
48798208 0
48798224 0
48798232 0
48798354 0
48800320 0
48800352 0
48800576 0
48800608 0
48804416 0
48804432 3
48804672 0
48882176 0
48882208 0
48882224 0
48882240 0
48882256 0
48882264 0
48882272 0
48882288 0
48882296 0
48882394 0
48882496 0
48882512 0
48882528 0
48882544 0
48884224 0
48884240 0
48884256 0
48886272 0
48886288 0
48886336 0
48886352 0
48886360 0
48886490 0
48886592 0
48886608 0
48888320 0
48888336 0
49144352 0
49148416 0
49318416 0
49322000 0
49322512 0
49584144 0
49584640 0
49584656 0
49608720 0
49609216 0
49609232 0
49670144 0
49670656 0
49670672 0
49674240 0
49674256 0
49674752 0
49674768 0
49842704 0
49846800 0
50108928 0
50108944 0
50133504 0
50133520 0
50194944 0
50194960 0
50199040 0
50199056 0
134910464 0
134911489 0
136876544 0
137007616 0
139113024 0
139113040 0
139113178 0
139113280 0
139113296 0
139113434 0
139194944 0
139194960 0
139194968 0
139195200 0
139195216 0
141079104 0
141079120 1
141079360 0
141079376 0
141161024 0
141161040 0
141161280 0
141161296 0
141161304 0
141210176 0
141210432 0
141210448 0
141210586 0
141292096 0
141292112 0
141292120 0
141292352 0
141292368 0
141292376 0
149549632 0
149549648 0
149549888 0
168558081 0
172661264 0
172661272 0
172667456 0
172667712 0
172749376 0
172749392 0
172749400 0
172749632 0
172749648 0
173011520 0
173011536 0
173011776 0
173709848 0
174627352 0
174633536 0
174633792 0
174715456 0
174715472 0
174715480 0
174715712 0
174715728 0
174715736 0
174758424 0
174764608 0
174764864 0
174846528 0
174846544 0
174846552 0
174846784 0
174846808 0
175108928 0
183104080 0
183104088 0
183104336 0
318044688 0
318568976 0
539226306 0
1107466256 0
1107554384 0
1107554392 0
1107554640 0
1107554648 0
1107554770 0
1107556432 0
1107816536 0
1107816666 0
1107816784 0
1108514832 0
1108523096 0
1108523344 0
1108605016 0
1108605264 0
1108776976 0
1108867408 0
1109432336 0
1109520464 0
1109520472 0
1109520720 0
1109520728 0
1109563408 0
1109651536 0
1109651544 0
1109651674 0
1109651792 0
1109651800 0
1109653520 0
1109653584 0
1109782608 0
1109782738 0
1109782746 0
1109782864 0
1109782872 0
1109784592 0
1109913818 0
1109913936 0
1110480912 0
1110481424 0
1110611984 0
1110702160 0
1110702168 0
1110743056 0
1110874128 0
1111005712 0
1111660560 0
1111661072 0
1111748688 0
1111748826 0
1111748944 0
1111749200 0
1111750992 0
1112010832 0
1112011226 0
1112185360 0
1112273496 0
1112273744 0
1112535770 0
1112709136 0
1112709648 0
1112717392 0
1112799312 0
1112799576 0
1112971280 0
1112971792 0
1113061464 0
1113233936 0
1113496080 0
1113626640 0
1113627152 0
1113714768 0
1113714776 0
1113714906 0
1113715280 0
1113716752 0
1113757712 0
1113758224 0
1113845840 0
1113845848 0
1113846096 0
1113846352 0
1113846360 0
1113847824 0
1113976920 0
1113977042 0
1113977306 0
1114108378 0
1114151440 0
1114239568 0
1114239576 0
1114282512 0
1114282642 0
1114370640 0
1114370648 0
1114370904 0
1114675216 0
1114675346 0
1114675728 0
1114806288 0
1114806800 0
1114937360 0
1114937872 0
1115068432 0
1115068944 0
1115200016 0
1115200024 0
1115200146 0
1115331088 0
1115331218 0
1115421264 0
1115462160 0
1115462168 0
1115593232 0
1117820944 0
1117821456 0
1117904976 0
1117904984 0
1117905008 0
1117905016 0
1117905146 0
1117905232 0
1117905240 0
1117905264 0
1117905272 0
1117907056 0
1117909072 0
1117909080 0
1117909210 0
1117909328 0
1117909336 0
1118089296 0
1118167120 0
1118167152 0
1118167376 0
1118167408 0
1118171216 0
1118171224 0
1118171346 0
1118171354 0
1118171472 0
1118171480 0
1118345744 0
1118869520 0
1118870032 0
1118873712 0
1118873720 0
1118877776 0
1118955640 0
1118959704 0
1119131664 0
1119132176 0
1119218192 0
1119221776 0
1119222288 0
1119394320 0
1119656464 0
1122011152 0
1122011184 0
1122011664 0
1122015248 0
1122015378 0
1122015760 0
1122015890 0
1122099248 0
1122099280 0
1122099288 0
1122099312 0
1122099320 0
1122099410 0
1122099450 0
1122099568 0
1122099706 0
1122099760 0
1122099792 0
1122099824 0
1122099832 0
1122100048 0
1122100080 0
1122101264 0
1122101776 0
1122103376 0
1122103384 0
1122103506 0
1122103514 0
1122103632 0
1122103640 0
1122103770 0
1122103888 0
1122105360 0
1122105872 0
1122279504 3
1122279536 2
1122283600 3
1122302480 0
1122361392 0
1122361424 0
1122361456 0
1122361712 0
1122361968 0
1122362224 0
1122365520 0
1122365528 0
1122365650 0
1122365658 0
1122365776 0
1122365914 0
1122535952 0
1122540048 0
1122540178 0
1122624048 0
1122624080 0
1122624088 0
1122624112 0
1122624120 0
1122624336 0
1122624368 0
1122626064 0
1122628112 0
1122628176 0
1122628184 0
1122628432 0
1122628440 0
1122630160 0
1122630224 0
1122826768 0
1122886192 0
1122886224 0
1122886256 0
1122886512 0
1122888240 0
1122890320 0
1122890328 0
1122890576 0
1123059728 0
1123059760 0
1123060240 0
1123060272 0
1123063824 0
1123063954 0
1123064336 0
1123064466 0
1123151960 0
1123321872 0
1123321904 0
1123322384 0
1123325968 0
1123326480 0
1123326610 0
1123350544 0
1123351056 0
1123411984 0
1123412496 0
1123416080 0
1123416592 0
1123584528 0
1123584560 0
1123588624 0
1123588632 0
1123588754 0
1123846672 0
1123850768 0
1123850898 0
1123875344 0
1123936784 0
1123940880 0
1181085784 0
1185276272 0
1185280336 0
1189388368 3
1189388400 3
1189392464 3
1189470320 0
1189470576 0
1189470832 0
1189471088 0
1189474384 0
1189995120 0
1189999184 0
1189999440 0
1215034192 0
1246403096 0
1246491216 0
1246491224 0
1246491472 0
1246491480 0
1246753360 0
1246753368 0
1246753498 0
1246753616 0
1247451664 0
1247451672 0
1247713816 0
1248369176 0
1248457296 0
1248457426 0
1248457434 0
1248457552 0
1248459344 0
1248500248 0
1248506448 0
1248588368 0
1248588376 0
1248588506 0
1248588624 0
1248590416 0
1248590672 0
1248719440 0
1248719696 0
1248721424 0
1248768592 0
1248768848 0
1248850512 0
1248850520 0
1248850768 0
1249417744 0
1249417752 0
1249548816 0
1249548824 0
1249639130 0
1249679896 0
1249770064 0
1249810960 0
1249810968 0
1256845904 0
1256846160 0
1256846168 0
1257108048 0
1257108304 0
1257806360 0
1257896666 0
1315828304 0
1315828560 0
1315959376 0
1315959632 0
1377212432 0
1377302608 0
1377302864 0
1377302872 0
1379006552 0
1379137624 0
1379178512 0
1379309584 0
1379317840 2
1379399760 0
1379399768 0
1381235032 0
1381361744 0
1381406736 0
1381407248 0
1381415000 0
1381496912 0
1381496920 0
1381497050 0
1381497176 0
1381931536 0
1383372816 0
1383373328 0
1383373458 0
1383381210 3
1383462992 0
1383463760 0
1383503888 0
1383504400 0
1383512282 3
1383594072 0
1383594202 0
1383594328 0
1383897616 0
1383897624 0
1383905872 3
1383987792 0
1384028688 0
1384028696 0
1387391096 0
1387391226 0
1387395160 0
1387395290 0
1387567120 0
1387571280 3
1387571312 3
1387575376 3
1387575514 0
1387588090 0
1387653208 0
1387653240 0
1387657296 0
1387657304 0
1387657434 0
1387657552 0
1391585498 0
1391757328 0
1391761424 0
1391761936 0
1391765584 2
1391765592 3
1391765624 3
1391766096 3
1391766128 2
1391769688 3
1391769818 3
1391782106 0
1391782138 0
1391786000 0
1391786512 0
1391847440 0
1391847512 0
1391847544 0
1391847642 0
1391847674 0
1391847952 0
1391848056 0
1391851536 0
1391851600 0
1391851738 0
1391852048 0
1392114394 0
1392286224 0
1392290416 2
1392294480 3
1392310800 0
1392372240 0
1392372304 0
1392372344 0
1392376336 0
1392376408 0
1392376656 0
1454684378 0
1454762072 0
1454762104 0
1454766168 0
1454766298 0
1458878552 3
1458956538 0
1458960602 0
1515887128 0
1515977296 0
1516149272 0
1516157520 0
1516239440 0
1517992528 0
1518074448 0
1518074456 0
1518115352 0
1518205520 0
1518205914 0
1518246424 0
1518254672 1
1518254680 0
1518336592 0
1518336600 0
1924446426 0
1924528346 0
1991637210 0
2158532097 0
2282395137 1
2284361217 0
2284492289 0
2292749825 0
2316041729 0
2318005761 0
2326394369 0
2326394385 0
3395026457 0
4299862592 0
4299862616 0
4299862848 0
4299862872 0
4299863641 3
4299944512 0
4299944528 0
4299944768 0
4301385792 0
4301385808 0
4301386048 0
4301386064 0
4301386304 0
4301386560 0
4301386833 0
4301387329 0
4301387345 0
4301387585 0
4301434944 0
4301516864 0
4301517120 0
4301517136 0
4301517632 0
4301518401 0
4301518417 0
4301518657 0
4301518673 0
4301820480 3
4301828672 0
4301828928 0
4301829697 0
4301829713 0
4301829953 0
4301910592 0
4301910608 0
4301910848 0
4301911617 0
4301911633 0
4301911641 0
4301911873 0
4301960000 0
4301960785 2
4301960793 3
4302041664 0
4302041688 0
4302041920 0
4302042689 0
4302042705 0
4302042945 0
4309680208 0
4309680224 0
4309680240 0
4309680480 0
4309680720 0
4309680736 0
4309680752 0
4309680976 0
4309680992 0
4309681008 0
4309681249 0
4309681505 0
4309681761 2
4309684288 1
4309684816 0
4309688400 0
4309688416 3
4309688432 3
4309688672 0
4309688912 0
4309688928 3
4309688944 0
4309689184 0
4309689441 3
4309689457 3
4309689953 3
4309689969 3
4309692480 1
4309693505 2
4309704784 0
4309704800 0
4309704816 0
4309705296 0
4309705312 0
4309705328 0
4309708880 0
4309770272 0
4309770304 0
4309770320 0
4309770336 0
4309770352 0
4309770360 0
4309770560 0
4309770576 0
4309770592 0
4309770608 0
4309770722 0
4309770784 0
4309770816 0
4309770832 0
4309770848 0
4309770864 0
4309771072 0
4309771104 0
4309771329 0
4309771345 0
4309771361 0
4309771377 0
4309771491 0
4309771617 0
4309771633 0
4309771747 0
4309771841 0
4309771857 0
4309771873 0
4309771889 0
4309771897 0
4309771995 0
4309772027 0
4309772129 0
4309772145 0
4309772283 0
4309774400 0
4309774416 0
4309774656 0
4309774672 0
4309774680 0
4309774912 0
4309774928 0
4309775168 0
4309775184 0
4309775425 0
4309775441 0
4309775937 0
4309775953 0
4309776193 0
4310204992 0
4310205008 0
4310205024 0
4310205040 0
4310205248 0
4310205264 0
4310205280 0
4310205296 0
4310206017 0
4310206049 0
4310206273 0
4310206305 0
4310206403 0
4310209088 0
4310209104 3
4310209344 3
4310210113 0
4310210129 0
4310210259 0
4310210267 0
4310210369 3
4310210393 3
4310210499 0
4310210515 0
4310213184 1
4310213200 0
4310213216 3
4310213232 0
4310213440 0
4310213472 0
4310214209 2
4310214225 0
4310214241 3
4310214257 3
4310214465 0
4310214497 0
4310217280 3
4310217296 3
4310217536 0
4310217552 0
4310218305 3
4310218321 3
4310218329 3
4310218561 0
4310218577 0
4310229568 0
4310229584 0
4310229600 0
4310229616 0
4310233664 0
4310233680 0
4310295104 0
4310295120 0
4310295136 0
4310295152 0
4310295360 0
4310295392 0
4310295408 0
4310295490 0
4310295522 0
4310296129 0
4310296145 0
4310296153 0
4310296161 0
4310296177 0
4310296185 0
4310296259 0
4310296283 0
4310296291 0
4310296315 0
4310296385 0
4310296401 0
4310296417 0
4310296433 0
4310296515 0
4310296539 0
4310296547 0
4310296571 0
4310299136 0
4310299200 0
4310299216 0
4310299224 0
4310299354 0
4310299456 0
4310299472 0
4310299586 0
4310299610 0
4310300225 0
4310300241 0
4310300249 0
4310300379 0
4310300481 0
4310300497 0
4310300505 0
4310300611 0
4310300635 0
4332883968 0
4332883984 0
4332884480 0
4332884496 0
4332886016 0
4332886032 0
4332886528 0
4332886544 0
4333408768 0
4333408784 0
4333410832 0
4333935120 0
4334197264 0
4334459408 0
4334721552 0
4334850048 0
4334850064 0
4334850560 0
4334850576 0
4334852096 0
4334852112 0
4334852242 0
4334852608 0
4334852624 0
4334942208 0
4334981120 0
4334981136 0
4334981632 0
4334981648 0
4334983168 0
4334983184 0
4334983696 0
4335071320 0
4335072849 0
4335073280 0
4335114256 0
4335374848 0
4335374864 0
4335375873 0
4335375889 0
4335376896 0
4335376912 0
4335377937 0
4335465040 0
4335465048 0
4335466065 0
4335466073 0
4335466321 0
4335468033 0
4335468163 0
4335505920 0
4335505936 0
4335507984 0
4335507992 0
4335509009 0
4335596120 0
4335597137 0
4335597145 0
4335901200 0
4336032272 0
4336162816 0
4336162832 0
4336163328 0
4336163344 0
4336293888 0
4336293904 0
4336425488 0
4336556560 0
4336687616 0
4336687632 0
4343234560 0
4343234576 0
4343234592 0
4343234608 0
4343234672 3
4343235072 0
4343235088 0
4343235184 3
4343236624 0
4343236656 0
4343237136 0
4343237168 0
4343237681 0
4343238656 0
4343238672 0
4343238802 0
4343239168 0
4343239184 0
4343240704 0
4343240720 0
4343240850 0
4343241216 0
4343241232 0
4343241362 0
4343324704 0
4343324752 0
4343324784 0
4343324792 0
4343324922 0
4343325040 0
4343325216 0
4343325232 0
4343325264 0
4343325280 0
4343325296 0
4343325536 0
4343325729 0
4343325777 0
4343325809 0
4343326065 0
4343326241 0
4343326289 0
4343326321 0
4343326329 0
4343326459 0
4343326577 0
4343326720 0
4343326752 0
4343327232 0
4343327248 0
4343327264 0
4343328273 0
4343328848 0
4343329360 0
4343329873 0
4343330385 0
4343330816 0
4343330832 0
4343331328 0
4343331344 0
4343502864 0
4343586848 0
4343587360 0
4343587873 0
4343587889 0
4343588385 0
4343759360 0
4343759376 0
4343759440 3
4343759472 3
4343760417 0
4343760515 0
4343761424 0
4343762481 0
4343763456 0
4343763472 0
4343763536 3
4343763602 0
4343764481 0
4343764497 0
4343764561 3
4343764611 0
4343764627 0
4343764699 0
4343765504 0
4343765520 0
4343765528 0
4343765650 0
4343766545 0
4343766553 0
4343766675 0
4343766683 0
4343849472 0
4343849504 0
4343849520 0
4343849552 0
4343849584 0
4343850513 0
4343850529 0
4343850577 0
4343850585 0
4343850609 0
4343850617 0
4343850747 0
4343850833 0
4343850865 0
4343851520 0
4343851536 0
4343851552 0
4343851568 0
4343852561 0
4343852577 0
4343852691 0
4343853568 0
4343853648 0
4343853656 0
4343853904 0
4343854593 0
4343854609 0
4343854673 0
4343854681 0
4343854811 0
4343854929 0
4343855616 0
4343855632 0
4343856771 0
4343856787 0
4344111616 0
4344111648 0
4344112641 0
4344112673 0
4344112689 0
4344115712 0
4344116753 0
4344285712 0
4344289296 0
4344289808 0
4344547856 0
4344551440 0
4344551936 0
4344551952 0
4344552066 0
4344576000 0
4344576016 0
4344576512 0
4344576528 0
4344637952 0
4344637968 0
4344641552 0
4344642048 0
4344642064 0
4344810000 0
4344814096 0
4344815121 0
4345072144 0
4345076224 0
4345076240 0
4345100800 0
4345100816 0
4345162240 0
4345162256 0
4345166336 0
4345166352 0
4434080320 1
4434080336 3
4434080344 0
4434080576 0
4434080592 0
4434081345 0
4434081361 0
4434081601 0
4434081617 0
4434162240 0
4434162256 0
4434162264 0
4434162496 0
4434162512 0
4434163265 0
4434163281 0
4434163521 0
4434163537 0
4436038224 2
4436046400 0
4436046416 0
4436046656 0
4436046672 0
4436047425 0
4436047441 0
4436047449 0
4436047681 0
4436128320 0
4436128336 0
4436128344 0
4436128474 0
4436128576 0
4436128592 0
4436129345 0
4436129361 0
4436129491 0
4436129499 0
4436129601 0
4436177472 0
4436177488 0
4436177728 0
4436177744 0
4436178769 0
4436259392 0
4436259408 0
4436259648 0
4436259664 0
4436260417 0
4436260433 1
4436260563 0
4436260673 0
4444516928 0
4444516944 0
4444516952 0
4444517058 0
4444517074 0
4444517082 0
4444517184 0
4444517200 0
4467628560 0
4467628568 0
4467634768 3
4467716672 0
4467716688 0
4467716928 0
4467717633 0
4467719681 0
4467719811 0
4467896896 3
4467978816 0
4468677144 0
4469594640 0
4469594648 0
4469682768 0
4469682776 0
4469682906 0
4469683777 0
4469683793 0
4469683923 0
4469685891 0
4469725712 0
4469725720 0
4469813776 0
4469813840 0
4469814865 0
4469814995 0
4470774296 0
4478071376 0
4478071384 0
4613011984 0
4613536272 0
4880635867 0
5014853595 0
5383952217 3
5384042065 0
5406627856 0
5406628368 0
5406715984 0
5406716240 0
5406718544 0
5407152656 0
5407240784 0
5407240922 0
5407241178 0
5407242832 0
5407243088 0
5407676432 0
5407676944 0
5407766608 0
5407938576 0
5407939088 0
5408201232 0
5408201240 0
5408208859 0
5408209496 0
5408209752 0
5408290779 0
5408291408 0
5408292441 0
5408463376 0
5408463384 0
5408471003 0
5408472921 0
5408593936 0
5408594066 0
5408594448 0
5408682194 0
5408682576 0
5408725008 0
5408725520 0
5408813648 0
5408813904 0
5408815696 0
5408815952 0
5409118736 0
5409118744 0
5409118866 0
5409119761 0
5409126225 0
5409206864 0
5409207889 0
5409207897 0
5409208027 0
5409208145 0
5409208283 0
5409209937 0
5409249808 0
5409250833 0
5409337936 0
5409339217 0
5409388369 0
5409469008 0
5409470033 0
5409642512 0
5409642642 0
5409643024 0
5409643154 0
5409773584 0
5409774096 0
5409864528 0
5409904656 0
5409905168 0
5410035728 0
5410036240 0
5410167312 0
5410167320 0
5410167442 0
5410168337 0
5410176601 0
5410176857 0
5410298384 0
5410298392 0
5410299409 0
5410387675 0
5410387931 0
5410388560 0
5410389841 0
5410429456 0
5410429464 0
5410429586 0
5410430481 0
5410560528 0
5410560536 0
5410561553 0
5416978448 0
5416978480 0
5416978960 0
5416982544 0
5416982674 0
5416983056 0
5416983186 0
5417066576 0
5417066608 0
5417066832 0
5417066864 0
5417067088 0
5417067120 0
5417067344 0
5417067376 0
5417067384 0
5417067601 0
5417067633 0
5417067771 0
5417067889 0
5417068113 0
5417068145 0
5417068401 0
5417068560 0
5417069072 0
5417070672 0
5417070936 0
5417071184 0
5417072209 0
5417072656 0
5417073168 0
5417073298 0
5417328752 0
5417329008 0
5417329264 0
5417329520 0
5417329777 0
5417330289 0
5417330545 0
5417502289 0
5417502321 0
5417502545 0
5417503248 0
5417506523 0
5417507344 0
5417507474 0
5417508369 0
5417508499 0
5417514833 3
5417514841 0
5417591344 0
5417591376 0
5417591408 0
5417591632 0
5417591664 0
5417592401 0
5417592409 0
5417592433 0
5417592441 0
5417592531 0
5417592539 0
5417592563 0
5417592571 0
5417592657 0
5417592689 0
5417593360 0
5417594449 0
5417595472 0
5417595480 0
5417595610 0
5417595728 0
5417595736 0
5417596433 0
5417596497 0
5417596505 0
5417596627 0
5417596635 0
5417596753 0
5417596761 0
5417596883 0
5417596891 0
5417597456 0
5417598481 0
5417598545 0
5417776977 0
5417793243 0
5417793491 0
5417794064 0
5417853520 0
5417853552 0
5417853808 0
5417854545 0
5417854577 0
5417854801 0
5417854833 0
5417857616 0
5417857872 0
5417858641 0
5417858649 0
5417858771 0
5417858779 0
5417858897 0
5417859027 0
5417860625 0
5417860689 0
5418027024 0
5418027056 0
5418027154 0
5418027536 0
5418031120 0
5418031250 0
5418031632 0
5418031762 0
5418118907 0
5418118993 0
5418289168 0
5418289200 0
5418289680 0
5418293264 0
5418293394 0
5418293776 0
5418293906 0
5418317840 0
5418318352 0
5418379280 0
5418379792 0
5418383376 0
5418383888 0
5418551824 0
5418551856 0
5418552881 0
5418555920 0
5418555928 0
5418556050 0
5418556945 0
5418556953 0
5418557075 0
5418557083 0
5418563291 0
5418563547 0
5418565201 0
5418565209 0
5418565339 0
5418565465 0
5418577627 0
5418581723 0
5418640090 0
5418640122 0
5418641115 0
5418641147 0
5418643065 0
5418643419 0
5418645211 0
5418645467 3
5418647129 0
5418647259 0
5418647377 0
5418647515 0
5418813968 0
5418815025 0
5418818064 0
5418818072 0
5418819089 0
5418819219 0
5418819227 0
5418825435 0
5418825691 0
5418837723 0
5418841819 0
5418842640 0
5418904080 0
5418907611 0
5418908176 0
5418909273 0
5418909403 0
5418909529 0
5418909659 0
5476496977 0
5484437616 0
5484438128 0
5484884560 2
5484962384 0
5484962416 0
5484963697 0
5484966480 0
5484967505 0
5484967513 0
5484967635 0
5484967643 0
5484967761 0
5484967769 0
5484967891 0
5485934555 0
5510001232 0
5541370392 0
5541458512 0
5541458520 0
5541458650 0
5541458768 0
5541459473 0
5541459603 0
5541638736 0
5541638992 0
5541720656 0
5542418960 0
5542418968 0
5542419993 0
5542420123 0
5542426587 0
5542427224 0
5542427480 0
5542428635 0
5542508251 0
5542681104 0
5542681112 0
5543336472 0
5543343705 0
5543424592 0
5543424722 0
5543424848 0
5543425617 0
5543425873 0
5543426003 0
5543426011 0
5543426576 0
5543426640 0
5543427795 0
5543467536 0
5543467544 0
5543473744 2
5543555664 0
5543555672 0
5543555802 0
5543555920 0
5543556689 0
5543557648 0
5543557968 0
5543606097 0
5543686736 0
5543688720 0
5543735888 3
5543817808 0
5543819792 0
5544385040 0
5544385048 0
5544392667 0
5544394329 0
5544394585 0
5544475152 0
5544476249 0
5544516112 0
5544516120 0
5544517145 0
5544647184 0
5544647192 0
5544654811 0
5544656729 0
5544778256 0
5544778264 0
5551813200 0
5551813338 0
5552076369 0
5552076755 0
5552773656 0
5552865243 0
5553035800 0
5553043419 0
5553127131 0
5553127387 0
5608829520 0
5610795600 0
5610926672 0
5611763675 0
5619185371 0
5676374032 0
5676374544 0
5676464208 0
5676646107 0
5676646363 0
5676728027 0
5676728283 0
5676898832 0
5676908121 0
5676908251 0
5676908377 0
5676908507 1
5676990171 0
5676990427 0
5678340112 0
5678340624 0
5678471184 0
5678471696 0
5678603793 0
5678612443 0
5678743259 0
5678743515 0
5678824016 0
5678864912 0
5678864920 0
5678865042 0
5678865937 0
5678865945 0
5678874201 0
5678874331 0
5678874457 0
5678874587 0
5678956251 0
5678956507 0
5678995984 0
5678995992 0
5678997009 0
5679005403 0
5679005659 0
5679087323 0
5679087579 0
5686724624 0
5686728720 0
5686729232 0
5686733905 2
5686733937 2
5686734417 3
5686734449 3
5686753296 0
5686753808 0
5686815248 0
5686815312 0
5686818832 0
5686819344 0
5686992401 0
5687000026 0
5687000657 0
5687000665 0
5687000795 0
5687000913 0
5687000921 0
5687001051 0
5687081560 0
5687082577 0
5687082715 0
5687082971 0
5687253520 0
5687253528 0
5687254545 0
5687254553 0
5687254683 0
5687254747 0
5687258705 3
5687258737 3
5687261776 2
5687262801 0
5687262809 0
5687262939 0
5687263057 0
5687263065 0
5687263195 0
5687275227 0
5687278096 0
5687279323 0
5687279579 0
5687339536 0
5687339600 0
5687339632 0
5687339738 0
5687339770 0
5687343632 0
5687343640 0
5687343696 0
5687343704 0
5687344657 0
5687344721 0
5687344729 0
5687344787 0
5687344795 0
5687344859 0
5687344977 0
5687344985 0
5687345115 0
5744015960 2
5744016090 3
5744016985 3
5744017115 3
5744017241 3
5744017371 3
5745982040 2
5745982170 3
5745983065 3
5745983195 3
5745983321 3
5745983451 3
5746113112 2
5746113242 3
5746114137 3
5746114267 3
5746114393 3
5746114523 2
5746196443 0
5754370648 2
5754370778 3
5754371673 3
5754371803 3
5754371929 3
5754372059 3
5754453593 0
5754453723 0
5754453849 0
5754453979 0
5810854424 0
5810863835 0
5810864091 0
5810944600 0
5810944856 0
5810945755 0
5810946011 0
5811116560 0
5811116568 0
5811117593 0
5811124816 0
5811125971 0
5811125979 0
5811126105 0
5811126235 0
5811208155 0
5812820504 0
5812829785 0
5812830041 0
5812830171 0
5812910810 0
5812911835 0
5812951576 0
5813041744 0
5813082648 0
5813090904 3
5813091929 0
5813092059 0
5813092185 0
5813092315 0
5813173210 0
5813173979 0
5813174235 0
5813213720 0
5813223001 0
5813223131 0
5813223257 0
5813223387 0
5813303888 0
5813304282 0
5813304913 0
5813305307 0
5821218779 0
5821300443 0
5821480537 0
5821480667 0
5821480923 0
5821562587 0
5821562843 0
5878233818 2
5880199898 3
5880201049 0
5880201179 0
5880282843 0
5880283099 0
5880330970 3
5888588506 3
5888589787 0
5888671707 0
5954377691 0
5954729683 0
5954729691 0
5954729939 0
5955518427 0
5955780571 0
6021838547 0
6021838555 0
6021838811 0
6088947411 0
6088947667 0
6156056275 0
6213779163 0
6213779419 0
6215745243 0
6215745499 0
6215827419 0
6215876315 0
6215876571 0
6215958491 0
6223953883 0
6224133851 0
6224134107 0
6224215707 0
6224215771 0
6224216027 0
6280888027 0
6280888283 0
6282854107 0
6282854363 0
6282936283 0
6282985179 0
6282985435 0
6283067099 0
6283067355 0
6291242715 0
6291242971 0
6291324635 0
6291324891 0
6349963227 0
6350045147 0
6350094299 0
6358171611 0
6358351579 0
6358351835 0
6358433435 0
6358433499 0
6358433755 0
6417071835 0
6417072091 0
6417154011 0
6417202907 0
6417203163 0
6425460443 0
6425460699 0
6425542363 0
6425542619 0
6449313345 0
6449313601 0
6449395265 0
6449395281 0
6449395521 0
6449395537 0
6457694041 2
6457701953 3
6457701969 3
6457702209 0
6457783873 0
6457783889 0
6457783897 0
6457784129 0
6457784145 0
6457784153 0
6482859521 0
6482859537 0
6482861569 0
6482861585 0
6482949713 0
6482949969 0
6482990593 0
6482990609 0
6482992657 0
6483910145 0
6483910161 0
6484172305 0
6491248129 0
6491248145 0
6491248259 0
6491248275 0
6491250177 0
6491250193 0
6491250323 0
6491250331 0
6491338321 0
6491338329 0
6491338459 0
6491338577 0
6492298769 0
6492298899 0
6492560913 0
6581556825 0
6581556955 0
6581557211 3
6581564993 3
6581565009 0
6581565017 0
6581565123 0
6581565139 0
6581565147 0
6581565249 0
6581565265 0
6581565379 0
6581565395 0
6581646849 0
6581646913 0
6581646929 0
6581646937 0
6581647067 0
6581647169 0
6581647185 0
6581647193 0
6581647315 0
6583522881 0
6583523137 0
6583531073 3
6583531089 0
6583531097 3
6583531329 0
6583531345 0
6583612993 0
6583613009 0
6583613017 0
6583613123 0
6583613139 0
6583613147 0
6583613249 0
6583613265 0
6583613273 0
6583613379 0
6583613403 0
6583654209 0
6583654225 0
6583662145 3
6583662161 0
6583662401 0
6583662417 0
6583744065 0
6583744081 0
6583744089 0
6583744211 0
6583744219 0
6583744321 0
6583744337 0
6583744451 0
6591911489 0
6591911769 2
6591919681 3
6591919697 0
6591919937 0
6592001601 0
6592001617 0
6592001625 0
6592001731 0
6592001755 0
6592001857 0
6592001873 0
6592001987 0
6615111169 0
6615111185 0
6615111193 0
6615111299 0
6615111643 3
6615113233 0
6615113241 0
6615113363 0
6615113371 0
6615201281 0
6615201361 0
6615201369 0
6615201491 0
6615201499 0
6615201617 0
6615201755 0
6615203329 0
6615203345 0
6615203459 0
6615203475 0
6615463425 0
6617077249 0
6617077265 0
6617077379 0
6617077395 0
6617077403 0
6617077467 0
6617079297 0
6617079313 0
6617079321 0
6617079443 0
6617079451 0
6617167361 0
6617167377 0
6617167425 0
6617167441 0
6617167449 0
6617167579 0
6617167697 0
6617167835 0
6617208321 0
6617208337 0
6617208345 0
6617208475 0
6617208539 0
6617210369 0
6617210385 0
6617210393 0
6617210515 0
6617210523 0
6617298433 0
6617298449 0
6617298497 0
6617298513 0
6617298521 0
6617298643 0
6617298651 0
6617298769 0
6617429505 0
6617429521 0
6617560577 0
6618127889 0
6618258961 0
6625465857 0
6625465873 0
6625465987 0
6625466003 0
6625466075 0
6625467905 0
6625467921 0
6625467929 0
6625468035 0
6625468051 0
6625468059 0
6625555969 0
6625555985 0
6625556049 0
6625556305 0
6625558171 0
6625818129 0
6626516497 0
6626516627 0
7151982555 3
7152072411 0
7153948379 0
7153948635 0
7154079451 0
7162336987 0
7162337243 0
7554725595 0
7555692507 0
7555774171 0
7555774427 0
7556603409 0
7556603539 0
7556691537 0
7556691675 0
7556691793 0
7556691801 0
7556734481 0
7556741075 0
7556953681 0
7557651985 0
7557652115 0
7557658587 0
7557660249 0
7557660505 0
7557740251 0
7557783057 0
7557783187 0
7557871323 0
7557871579 0
7557914129 0
7557922779 0
7558045201 0
7564990171 0
7564992017 0
7564992147 0
7564992155 0
7564998225 0
7564998481 0
7564998489 0
7564998619 0
7565080145 0
7565080153 0
7565080275 0
7565080283 0
7565080401 0
7565080409 0
7565080531 0
7565080539 0
7565082449 0
7565260369 0
7565260625 0
7565260763 0
7565342289 0
7565342419 0
7565342427 0
7565342545 0
7565342675 0
7565344467 0
7566040593 0
7566040601 0
7566040723 0
7566040731 0
7566046809 0
7566046939 0
7566047195 0
7566048857 0
7566049113 0
7566049243 0
7566128729 0
7566128859 0
7566129115 0
7566130777 0
7566130907 0
7566131033 0
7566131163 0
7566302737 0
7566302867 0
7566309083 0
7566309339 0
7566311131 0
7566390873 0
7566391003 0
7566392921 0
7566393051 0
7566393177 0
7566393307 0
7632451153 0
7632451161 0
7632451283 0
7632451291 0
7632451417 0
7633418203 0
7633502171 0
7657354833 0
7657486043 0
7665743441 0
7688855057 0
7688855065 0
7688855187 0
7688855195 0
7688855259 0
7688861265 0
7688861273 0
7688861395 0
7688861521 2
7688861529 0
7688861651 0
7688861659 0
7688943121 0
7688943185 0
7688943193 0
7688943251 0
7688943315 0
7688943323 0
7688943441 0
7688943449 0
7688943571 0
7688943579 0
7688945233 0
7688945363 0
7688945371 0
7689123409 0
7689123417 0
7689123547 0
7689123665 2
7689123795 0
7689123803 0
7689205265 0
7689205329 0
7689205459 0
7689205467 0
7689205585 0
7689205593 0
7689205715 0
7689207377 0
7689207385 0
7689903633 0
7689903641 0
7689903763 0
7689903771 0
7689909849 0
7689909979 0
7689910235 0
7689911897 0
7689912027 0
7689912153 0
7689912283 0
7689991769 0
7689991899 0
7689992025 0
7689992155 0
7689993809 0
7689993817 0
7689993947 0
7689994073 0
7689994203 0
7690165777 0
7690165785 0
7690165915 0
7690172123 0
7690172379 0
7690174041 0
7690174171 0
7690174297 0
7690174427 0
7690253913 0
7690254043 0
7690254169 0
7690254299 0
7690255961 0
7690256083 0
7690256091 0
7690256217 0
7690256347 0
7690819291 0
7690821137 0
7690821145 0
7690821267 0
7690821275 0
7690827345 0
7690827353 0
7690827483 0
7690827601 0
7690827609 0
7690827739 0
7690909201 0
7690909265 0
7690909273 0
7690909395 0
7690909403 0
7690909521 0
7690909529 0
7690909651 0
7690909659 0
7690911313 0
7690911321 0
7690952209 0
7690952217 0
7690952339 0
7690952347 0
7690958417 0
7690958425 0
7690958547 0
7690958555 0
7690958673 3
7690958803 0
7690958811 0
7691040273 0
7691040337 0
7691040345 0
7691040467 0
7691040475 0
7691040593 0
7691040601 0
7691040723 0
7691040731 0
7691042385 0
7691089489 0
7691089497 0
7691089745 0
7691089753 0
7691089875 0
7691171345 0
7691171409 0
7691171539 0
7691171665 0
7691171673 0
7691171795 0
7691173457 0
7691220561 0
7691220569 0
7691220699 0
7691220817 0
7691220825 0
7691220947 0
7691302417 0
7691302481 0
7691302489 0
7691302611 0
7691302737 0
7691302745 0
7691869713 0
7691869721 0
7691869843 0
7691869851 0
7691875929 0
7691876059 0
7691876315 0
7691877977 0
7691878107 0
7691878233 0
7691878363 0
7691957849 3
7691957979 1
7691958105 0
7691958235 0
7691959889 0
7691959897 0
7691960027 0
7691960145 0
7691960153 0
7691960283 0
7692000785 0
7692000793 0
7692000915 0
7692000923 0
7692007001 0
7692007131 0
7692007387 0
7692009049 0
7692009179 0
7692009305 0
7692009435 0
7692088921 0
7692089051 0
7692089307 0
7692090961 0
7692090969 0
7692091099 0
7692091225 0
7692091355 0
7692131857 0
7692131865 0
7692131987 0
7692131995 0
7692138073 0
7692138203 0
7692138459 0
7692140121 0
7692140251 0
7692140377 0
7692140507 0
7692219993 3
7692220123 0
7692220379 0
7692222041 0
7692222171 0
7692222427 0
7692262929 0
7692262937 0
7692263059 0
7692263067 0
7692269145 0
7692269275 0
7692269531 0
7692271193 0
7692271323 0
7692271449 0
7692271579 0
7692351195 0
7692351451 0
7692353113 0
7692353243 0
7692353499 0
7699207899 0
7699209745 0
7699209753 0
7699209875 0
7699209883 0
7699215953 0
7699215961 0
7699216209 0
7699216217 0
7699297809 0
7699297873 0
7699297881 0
7699298003 0
7699298011 0
7699298129 0
7699298137 0
7699298259 0
7699298267 0
7699299921 0
7699300059 0
7699478353 0
7699560017 0
7699560147 0
7699560155 0
7699560273 0
7699560281 0
7699560403 0
7699560411 0
7699562195 0
7700258321 0
7700258329 0
7700258451 0
7700258459 0
7700264667 0
7700264923 0
7700266585 0
7700266715 0
7700266841 0
7700266971 0
7700346457 3
7700346587 0
7700346843 0
7700348505 0
7700348635 0
7700348761 0
7700348891 0
7700520465 0
7700520473 0
7700520595 0
7700526811 0
7700527067 0
7700528859 0
7700529115 0
7700608601 3
7700608731 0
7700608857 0
7700608987 0
7700610779 0
7700611035 0
7756314193 0
7756314201 0
7756314323 0
7756314457 0
7757281243 0
7757364955 0
7758198609 0
7758280273 0
7758280281 0
7758280403 0
7758280411 0
7758280529 0
7758280537 0
7758280659 0
7758411345 0
7758411353 0
7758411483 0
7758411601 0
7758411609 0
7759247323 0
7759331035 0
7759460059 0
7766668881 0
7766668889 0
7766669011 0
7766669019 0
7766669145 0
7766669267 0
7767635931 0
7767717595 1
7824129755 0
7824130011 0
7824211675 0
7824211931 0
7824391769 0
7824391899 0
7824392025 0
7824392155 0
7824473819 0
7824474075 0
7826087441 0
7826095835 0
7826096091 0
7826178011 0
7826218513 0
7826227163 0
7826349585 0
7826357849 0
7826357979 0
7826358105 0
7826358235 0
7826439899 0
7826440155 0
7826480657 0
7826489051 0
7826489307 0
7826570971 0
7826571227 0
7834476049 0
7834484313 0
7834484443 0
7834484569 0
7834484699 0
7834564571 0
7834566363 0
7834566489 0
7834566619 0
7834738193 0
7834738201 0
7834738323 0
7834744795 0
7834746457 0
7834746587 0
7834746705 0
7834746713 0
7834746843 0
7834828313 0
7834828369 0
7834828377 0
7834828443 0
7834828499 0
7834828507 0
7834828625 0
7834828633 0
7834828763 0
7891500633 3
7891500763 3
7891501019 0
7891582683 0
7891582939 0
7893466713 3
7893466843 3
7893466969 2
7893467099 3
7893597785 3
7893597915 3
7893598041 2
7893598171 2
7893680091 0
7901853659 0
7901855321 3
7901855451 3
7901855577 2
7901855707 0
7901937241 0
7901937371 0
7901937497 0
7901937627 0
7958339089 0
7958339097 0
7958339227 0
7958347353 0
7958347483 0
7958347601 0
7958347609 0
7958347739 0
7958427355 0
7958427611 0
7958429265 0
7958429273 0
7958429403 0
7958429659 0
7958601233 0
7958601241 0
7958601363 0
7958601371 0
7958601691 2
7958609489 0
7958609497 0
7958609627 0
7958609745 0
7958609753 0
7958609883 0
7958691409 0
7958691417 0
7958691483 0
7958691539 0
7958691547 0
7958691673 0
7958691803 0
7960305169 0
7960305177 0
7960305307 0
7960313425 0
7960313433 0
7960313563 0
7960313689 0
7960313819 0
7960393691 0
7960395345 0
7960395353 0
7960395483 0
7960395609 0
7960395739 0
7960436241 0
7960436249 0
7960436379 0
7960444497 0
7960444505 0
7960444635 0
7960444761 0
7960444891 0
7960524763 0
7960526417 0
7960526425 0
7960526555 0
7960526811 0
7960567313 0
7960567321 0
7960567443 0
7960567451 0
7960567515 0
7960575569 2
7960575577 0
7960575699 0
7960575707 0
7960575825 0
7960575833 0
7960575963 0
7960655579 0
7960655835 0
7960657433 0
7960657489 0
7960657497 0
7960657563 0
7960657619 0
7960657627 0
7960657745 0
7960657753 0
7960657883 0
7960698385 0
7960698393 0
7960698515 0
7960698523 0
7960698843 3
7960706641 0
7960706649 0
7960706779 0
7960706905 0
7960707035 0
7960788497 0
7960788561 0
7960788569 0
7960788635 0
7960788699 0
7960788817 0
7960788825 0
7960788955 0
7968693777 0
7968693785 0
7968702041 0
7968702171 0
7968702297 0
7968702427 0
7968782299 0
7968783953 0
7968784091 0
7968784217 0
7968784347 0
7968955921 0
7968955929 0
7968956051 0
7968956059 0
7968956123 0
7968964185 0
7968964307 0
7968964315 0
7968964433 0
7968964441 0
7968964571 0
7968980955 0
7969044443 0
7969046041 0
7969046097 0
7969046105 0
7969046171 0
7969046227 0
7969046235 0
7969046353 0
7969046361 0
7969046491 0
8025718361 0
8025718491 0
8025718747 3
8025798619 0
8025800281 0
8025800411 0
8025800537 0
8025800667 0
8027682523 0
8027682779 0
8027684441 0
8027684571 3
8027684697 0
8027684827 3
8027766361 0
8027766491 0
8027766617 0
8027766747 0
8027815513 0
8027815643 3
8027815899 3
8027897433 0
8027897563 0
8027897689 0
8027897819 0
8036073049 3
8036073179 2
8036073435 0
8036154969 0
8036155099 0
8036155225 0
8036155355 0
8225814235 0
8226076379 0
8226862811 0
8226864859 0
8227045339 0
8227127003 0
8228042451 3
8228739035 0
8228828891 0
8228959963 0
8229091035 0
8229222107 0
8229224155 0
8236078811 0
8236079067 0
8236431059 0
8236431315 0
8295069403 0
8296201947 0
8304588507 3
8361263067 0
8361344987 0
8363229147 0
8363310811 0
8363311067 0
8363359963 0
8363360219 0
8363441883 0
8363442139 0
8371617499 0
8371617755 0
8371699355 0
8371699419 0
8371699675 0
8428371931 0
8430338011 0
8430419931 0
8430468827 0
8430469083 0
8430550747 0
8430551003 0
8438726363 0
8438726619 0
8438808283 0
8438808539 0
8495210459 3
8495298267 0
8495300315 0
8495300571 0
8495472603 3
8495480539 0
8495480795 0
8495562451 0
8495562459 0
8495562715 0
8497176283 0
8497176539 0
8497264347 0
8497264603 0
8497266651 0
8497307611 3
8497395675 0
8497397723 0
8497438427 0
8497438683 0
8497446619 0
8497446875 0
8497526491 0
8497528475 0
8497528539 0
8497528795 0
8497569499 0
8497569755 3
8497577691 0
8497577947 0
8497659547 0
8497659611 0
8497659867 0
8505564891 0
8505565147 0
8505653211 0
8505654939 0
8505655259 0
8505827291 0
8505835227 0
8505835483 0
8505915355 0
8505917083 0
8505917147 0
8505917403 0
8562589403 0
8562589659 0
8562671323 0
8562671579 0
8564555483 0
8564555739 0
8564637403 0
8564637659 0
8564686555 0
8564686811 0
8564768475 0
8564768731 0
8572944091 0
8572944347 0
8573026011 0
8573026267 0
8606879748 0
8606888260 0
8606969924 0
8606969948 0
8606970054 0
8606970180 0
8606970334 0
8611082308 0
8611082438 0
8611082462 0
8611082580 0
8611164228 0
8611164252 0
8611164358 0
8611164374 0
8611164382 0
8611164500 0
8611164508 0
8611164996 0
8611607108 0
8640436228 0
8640442692 0
8640524356 0
8640524380 0
8640524612 0
8640524636 0
8644628484 0
8644628996 0
8644630532 0
8645153284 0
8645941252 0
8741622276 0
8745824836 0
8745824852 0
8745824860 0
8745825092 0
8745825108 0
8745825116 0
8745906756 0
8745906772 0
8745906780 0
8745906910 0
8745907012 0
8745907028 0
8745907036 0
8745907158 0
8779371036 0
8779373076 0
8779373084 0
8779379268 3
8779379524 0
8779461124 0
8779461188 0
8779461212 0
8779461342 0
8779461444 0
8779461460 0
8779461468 0
8779461598 0
8779463172 0
8780421652 0
8780421660 0
9714266204 0
9714266334 0
9714266460 0
9714528340 0
9714528470 0
9714528478 0
9714528596 0
9715226644 0
9715316828 0
9715488788 0
9718640724 3
9718985308 0
9719247582 0
9719511388 0
9719683092 0
9850231324 0
9853114900 0
9853114908 0
9853203028 0
9853203036 0
9853203166 0
9853203284 0
9853203292 0
9853203422 0
9853465172 0
9853465302 0
9853465310 0
9853465428 0
9854163476 0
9854163484 0
9854425620 0
9854425628 0
10122598940 0
10122861076 0
10122861084 0
10122951260 0
10122951516 0
10889106949 0
10891204101 0
10922753541 0
10922753671 0
10926947845 0
11996493333 0
11996755477 0
12906041542 0
12906042054 0
12906049734 0
12906131654 0
12906131678 0
12906131796 0
12906132166 0
12906132190 0
12906132308 0
12906566342 0
12906574428 0
12906574534 0
12906574660 3
12906656454 0
12906656478 0
12906656596 0
12939595780 0
12939596292 0
12940120580 0
13040784212 3
13040792132 3
13040792148 3
13040792156 0
13040792262 0
13040792388 0
13040792404 0
13040792412 0
13040793157 0
13040793287 0
13040793303 0
13040793311 0
13040793413 0
13040793429 0
13040793543 0
13040793559 0
13040793567 0
13040808788 3
13040874052 0
13040874068 3
13040874076 0
13040874206 0
13040874324 2
13040875077 0
13040875093 0
13040875207 0
13040875223 0
13040875231 0
13040875333 0
13040875463 0
13040875479 0
13040875487 0
13074338308 0
13074338332 0
13074340372 0
13074340380 0
13074428420 0
13074429525 0
13074429533 0
13074429663 0
13074429919 0
13074430468 0
13075388956 0
13442912966 0
13443002566 0
13443003078 0
13443437254 0
13443527366 0
14013952734 0
14015002335 0
14114617055 0
14148082196 0
14148082204 0
14148088404 3
14148170462 0
14148170580 0
14148171349 0
14148171357 0
14148171479 0
14148171487 0
14148172372 0
14148173463 0
14148350548 3
14149130772 0
14149130780 0
14149130910 0
14149392916 0
14149392924 0
14283358175 0
14283440095 0
14283619933 0
14283620319 0
14283701983 0
14283702239 0
14350810078 0
14350810847 0
14417566236 0
14417828372 0
14417828380 0
14417828510 0
14417919711 0
14820491231 0
14820572895 0
14820573151 0
14822670047 0
14822670303 0
14887599839 0
14887681759 0
14887682015 0
14889565919 0
14889647839 0
14889648095 0
14889778911 0
14889779167 0
14898036703 0
14956756703 0
14956756959 0
14956888031 0
15021817567 0
15023783647 0
15023865823 0
15023996639 0
15032172255 0
15032254175 0
15032254431 0
15188268767 0
15188276805 3
15188276821 1
15188276829 3
15188276935 0
15188276951 0
15188276959 0
15188277061 3
15188277077 0
15188277085 0
15188277191 0
15188277207 0
15188277215 0
15188358725 0
15188358741 0
15188358749 0
15188358855 0
15188358871 0
15188358879 0
15188358981 0
15188358997 0
15188359005 0
15188359111 0
15188359127 0
15188359135 0
15221822981 0
15221823005 0
15221823111 0
15221823135 0
15221825029 0
15221825045 0
15221825053 0
15221825175 0
15221825183 0
15221913093 0
15221913109 0
15221913173 0
15221913181 0
15221913287 0
15221913303 0
15221913311 0
15221913429 0
15221913437 0
15221913559 0
15221913567 0
15221915141 0
15221915271 0
15221915287 0
15221915295 0
15222175237 0
15222175253 0
15222175301 0
15222873629 0
15223879173 0
15223879189 0
15224010245 0
15224010261 0
15224010325 0
15224272405 0
15725229783 0
15758784199 0
15758784223 0
15758786199 0
15758786207 0
15760791519 0
16162485983 0
16262100565 0
16262100695 0
16262100821 0
16262100951 0
16295566869 0
16295566877 0
16295566999 0
16295567007 0
16295573077 0
16295573085 0
16295573207 0
16295573215 0
16295573333 0
16295573463 3
16295573471 0
16295654933 0
16295654997 0
16295655005 0
16295655127 1
16295655135 0
16295655253 0
16295655261 0
16295655383 0
16295655391 0
16295657045 0
16295657053 0
16295657111 0
16295657175 0
16295657183 0
16295657301 0
16295657309 0
16295657439 0
16295835221 2
16295835351 0
16295835359 0
16295835477 3
16295835607 3
16295835615 3
16295837269 0
16295837399 0
16295837407 0
16295917077 0
16295917141 0
16295917149 0
16295917271 0
16295917279 0
16295917397 0
16295917405 0
16295917527 0
16295917535 0
16295919189 0
16295919319 0
16295919327 0
16296615445 0
16296615453 0
16296615575 0
16296615583 0
16296621661 0
16296621791 0
16296622047 0
16296623709 0
16296623839 0
16296623957 0
16296623965 0
16296624095 0
16296638175 0
16296640223 0
16296703581 0
16296703711 0
16296703837 0
16296703967 0
16296705621 0
16296705629 0
16296705751 0
16296705759 0
16296705877 0
16296705885 0
16296706015 0
16296877589 0
16296877597 0
16296877719 0
16296877727 0
16296883935 0
16296884191 0
16296885983 0
16296886109 0
16296886239 0
16296965725 0
16296965855 0
16296965981 0
16296966111 0
16296967773 0
16296967903 0
16296968029 0
16296968151 0
16296968159 0
16298014229 0
16363026005 0
16363026143 0
16363992799 0
16363993055 0
16363995103 0
16364074719 0
16364074975 0
16364076767 0
16430841823 0
16430923743 0
16431103711 0
16431103967 0
16431185631 0
16431185887 0
16498212831 0
16498294495 0
16498294751 0
16565050909 0
16565051039 0
16565057247 0
16565057503 0
16565059165 0
16565059295 0
16565059421 0
16565059551 0
16565139167 0
16565139423 0
16565141085 0
16565141215 0
16565141341 0
16565141471 0
16565313045 0
16565313053 0
16565313175 0
16565313183 0
16565313247 0
16565319391 0
16565319647 0
16565321301 2
16565321309 0
16565321431 0
16565321439 0
16565321565 0
16565321687 0
16565321695 0
16565337823 0
16565401311 0
16565401567 0
16565403221 0
16565403229 0
16565403295 0
16565403351 0
16565403359 0
16565403477 0
16565403485 0
16565403607 0
16565403615 0
16567500511 0
16567500767 0
16632428255 0
16632428511 0
16632430173 3
16632430303 3
16632430559 3
16632510175 0
16632510431 0
16632512093 0
16632512223 0
16632512479 0
16634609375 0
16634609631 0
16832444119 0
16832444127 0
16832526039 0
16832526047 0
16832526303 0
16832528023 0
16832706271 0
16832706527 0
16832788183 3
16832788191 0
16832788447 0
16832790231 0
16832790239 0
16833492703 0
16833492959 0
16833494751 0
16833495007 0
16833574623 0
16833574879 0
16833576671 0
16833576927 0
16833754847 0
16833755103 0
16833756895 0
16833757151 0
16833836767 0
16833837023 0
16833838807 0
16833838815 0
16833839063 0
16833839071 0
16834623199 0
16834754263 3
16834885335 2
16834885343 0
16835671775 0
16835802847 0
16835933919 0
16835935967 0
16899897047 0
16899897055 0
16900863711 0
16900863967 0
16900866015 0
16900945631 0
16900945887 0
16900947679 0
16900947935 0
16902911711 0
16903044831 0
16967974623 0
16968056543 0
16968056799 0
17035165663 0
17101922015 0
17101928159 0
17101928415 0
17101930207 0
17101930463 0
17102010079 0
17102010335 0
17102012127 0
17102012383 0
17102184159 0
17102184415 0
17102190303 0
17102190559 0
17102192351 0
17102192607 0
17102272223 0
17102272479 0
17102274207 0
17102274263 0
17102274271 0
17102274527 0
17103976159 0
17103976415 0
17104019167 0
17104107231 0
17104107487 0
17104109279 0
17104158431 0
17104158687 0
17104238303 0
17104240287 0
17104240351 0
17104240607 0
17104281311 0
17104281567 0
17104289503 0
17104289759 0
17104371359 0
17104371423 0
17104371679 0
17112547039 0
17112628895 0
17112628959 0
17112629215 0
17169299167 0
17169299423 0
17169301215 0
17169301471 0
17169381087 0
17169381343 0
17169383135 0
17169383391 0
17171267295 0
17171267551 0
17171349215 0
17171349471 0
17171398367 0
17171398623 0
17171480287 0
17171480543 0
17179655903 0
17179656159 0
17179737823 0
17179738079 0

# Neuron 1: 3601 entries
# Connections: [148, 271, 142, 255, 274, 241, 171, 236, 134, 92, 351, 111, 17, 136, 201, 213, 349, 283, 26, 358, 302, 339, 147, 188, 28, 133, 134, 14, 293, 59, 356, 232, 23, 88]
524290 0
524320 0
524322 0
532512 3
532514 1
557570 0
557602 0
559650 0
565282 0
565794 0
567842 0
663584 0
696866 0
786466 0
794656 0
794658 0
819714 0
819746 0
827938 0
925730 0
959010 0
9044002 0
9052192 0
9077282 0
9084962 0
9085474 0
9314336 0
9339426 0
9347618 0
16777520 0
16908592 0
17301506 0
17301536 0
17301538 0
17303586 0
17309728 0
17309730 0
17334786 0
17334818 0
17342498 0
17343010 0
17440800 0
17440802 0
17474082 0
17563650 0
17563680 0
17563682 0
17571874 0
17596930 0
17596962 0
17599010 0
17605154 0
17702946 0
17736226 0
25297200 0
25862178 0
25862690 0
50332080 0
50333104 0
50365362 0
50463152 0
50464176 0
50496434 0
51381680 0
51389872 0
51423154 0
51512752 0
58885042 0
134217760 0
134742018 0
134742050 0
134744098 0
134775298 0
134775330 0
134777346 0
135004162 0
135004194 0
135037442 0
135037474 0
143557122 0
143557154 0
150994960 0
150995216 0
150995248 0
151126288 0
151126320 0
151519234 0
151519266 0
151521282 0
151521314 0
151552514 0
151552546 0
151554594 0
151781378 0
151781410 0
151814658 0
151814674 0
151814690 0
159514896 0
159514928 0
184549776 0
184549808 0
184550800 0
184550832 0
184583058 0
184583090 0
184680848 0
184681904 0
184714130 0
184714162 0
185599376 0
185599408 0
185730448 0
193069456 0
193070480 0
193102738 0
193102770 0
194119056 0
470548486 0
470581766 0
487096838 0
487325698 0
487325702 0
487358978 0
487358982 0
520095120 0
520095124 0
521143696 0
1073741856 0
1073750048 0
1073783330 0
1073783586 0
1074266144 0
1074266146 1
1074274336 0
1074274338 3
1074299426 0
1074307106 0
1074307618 0
1074309666 0
1074528290 0
1074536480 0
1074536482 0
1074561570 0
1074569762 0
1091076642 0
1091084834 0
1107329954 0
1107338146 0
1107863458 0
1108379554 0
1108387746 0
1109174178 0
1207959552 0
1207959584 0
1208483842 1
1208483872 3
1208483874 0
1208517122 0
1208517154 0
1208745986 0
1208746018 0
1208779266 0
1208779298 0
1208781346 0
1242071938 0
1242334082 0
1243088258 3
1243121538 0
1243383682 0
1543503876 0
1544028162 3
1544028166 3
1544061442 0
1544061446 0
1544290306 0
1544290310 0
1544323586 0
1544323590 0
1577091974 0
3390605186 0
3390867330 0
4832362530 0
4832395810 0
4832404002 0
4832493600 0
4832493602 0
4832501792 0
4832501794 0
4832526370 0
4832526882 0
4832528930 0
4832534562 0
4832535074 0
4832657954 0
4832755746 0
4832763938 0
4832789026 0
4832791074 0
4832797218 0
4840882208 0
4840882210 0
4840890400 0
4840890402 0
4840914978 0
4840915490 0
4840915498 0
4840923170 0
4840923682 0
4840923690 0
4841144354 0
4841152544 0
4841152546 0
4841177634 0
4841177642 0
4841185314 0
4841185826 0
4841185834 0
4848746544 0
4848754736 0
4849147938 2
4849173026 0
4849181218 0
4849270816 0
4849270818 0
4849279008 0
4849279010 0
4849304098 0
4849311778 0
4849312290 0
4849532962 0
4849541154 0
4849566242 0
4849574434 0
4857135152 0
4857143344 0
4857659424 0
4857667616 0
4857667626 0
4857692194 0
4857692706 0
4857692714 0
4857694762 0
4857700386 0
4857700898 0
4857717290 0
4857921568 0
4857954850 0
4857962530 0
4857963042 0
4890732466 0
4966613538 0
4966711298 0
4966711330 0
4966744578 0
4966744610 0
4966776834 0
4966810114 0
4966875682 0
4966973442 0
4966973474 0
4967006754 0
4967038978 0
4975099906 0
4975099938 0
4975133186 0
4975133194 0
4975133218 0
4975133226 0
4975149610 0
4975165442 0
4975167490 0
4975198722 0
4975198730 0
4975362050 0
4975362058 0
4975362082 0
4975395330 0
4975395362 0
4975427586 0
4975460866 0
4982964240 0
4982964272 0
4983029776 0
4983390722 0
4983390754 0
4983488514 0
4983488546 0
4983521794 0
4983521826 0
4983554050 0
4983587330 0
4983750658 0
4983750690 0
4983783938 0
4983783970 0
4983816194 0
4983849474 0
4991352848 0
4991352880 0
4991418384 0
4991877154 0
4991910402 0
4991910410 0
4991910418 0
4991910434 0
4991910442 0
4991912498 0
4991975938 0
4991975946 0
4991992330 0
4992172578 0
5301665796 0
5310709762 0
5310709770 0
5310743042 0
5310743050 0
5326962704 0
5326962708 0
5327489034 0
5327520258 0
5327520262 0
5327520266 0
5327520270 0
5327522306 0
5327800846 0
5906104352 0
5906104354 3
5906112544 0
5906112546 3
5906137634 0
5906145826 0
5906235426 0
5906243616 0
5906268706 0
5906276898 0
5906366496 0
5906368546 0
5906399778 0
5906407970 0
5906530850 0
5909774368 0
5909782560 0
5909786656 0
5909811746 0
5909815842 0
5909819938 0
5909821218 0
5910298656 0
5910298658 3
5910300706 1
5910302754 3
5910304802 3
5910306848 0
5910306850 3
5910308898 0
5910310946 3
5910331938 0
5910333986 0
5910340130 0
5910342178 0
5910344226 0
5910429728 0
5910463010 0
5910471202 0
5910560800 0
5910560802 0
5910562850 0
5910568992 0
5910568994 0
5910594082 0
5910596130 0
5910602274 0
5910604322 0
5910691872 3
5910691874 3
5910725154 2
5910733346 0
5914624032 2
5914632224 0
5914657314 0
5914665506 0
5914886176 3
5914919458 0
5914927650 0
5914927658 0
5918818336 0
5918818338 0
5918826528 0
5918851618 0
5918859810 0
5919080480 0
5919113762 0
5919113770 0
5919121962 0
5922488368 0
5922488624 0
5922496560 0
5922521906 0
5922530098 0
5922881568 0
5922881570 0
5922883616 3
5922883618 3
5922889760 0
5922889762 3
5922914850 0
5922916898 3
5922923042 0
5922925090 0
5923012642 0
5923045922 0
5923054114 0
5923143712 0
5923143714 0
5923176994 0
5923185186 0
5923274786 0
5923308066 0
5923316258 0
5926584882 0
5926593330 0
5926682672 0
5927075872 0
5927075874 2
5927084064 0
5927084066 3
5927109154 0
5927117346 0
5927119394 0
5927215136 0
5927240226 0
5927248418 0
5927371298 0
5927510562 0
5930876976 0
5930885168 0
5930910514 0
5930918706 0
5931434530 0
5931442722 0
5935071280 0
5935071288 0
5935079480 0
5935104562 0
5935603744 0
5935628834 0
5935637026 0
5935893026 0
5943371682 0
5943375778 0
5944420258 0
5944424354 0
5956961712 0
5956997042 0
5957092784 0
5957125554 0
5957126066 0
5957127602 0
5957128114 0
5957134258 0
5957136306 0
5964432816 0
5965481392 0
5965481400 0
5965514162 0
5965514674 0
5965516210 0
5965516722 0
5965522866 0
5965524914 0
6039863296 0
6040322050 0
6040322082 0
6040355330 0
6040355362 0
6040387586 0
6040389634 0
6040420866 0
6040453154 0
6040486402 0
6040486434 0
6040584194 0
6040584226 0
6040617474 0
6040617506 0
6040651778 0
6040683010 0
6040715298 0
6040748546 0
6040748578 0
6043992064 0
6043992096 0
6044025378 0
6044025602 0
6044029442 0
6044029474 0
6044057600 1
6044090882 0
6044094978 0
6044097026 0
6044516354 3
6044516384 0
6044516386 3
6044518402 0
6044520448 0
6044520450 1
6044520480 0
6044520482 3
6044522498 0
6044549634 0
6044549666 0
6044551682 0
6044551714 0
6044553730 0
6044553762 0
6044555778 0
6044581890 3
6044583938 0
6044615170 0
6044619266 0
6044647426 0
6044680738 0
6044746242 0
6044778498 0
6044778530 0
6044780546 0
6044782594 0
6044782624 0
6044811778 0
6044811810 0
6044813826 0
6044815874 0
6044844034 3
6044846082 0
6044848128 0
6044848130 0
6044877314 0
6044879362 0
6044909570 0
6044909602 0
6044942850 0
6044942882 0
6044975106 0
6044979202 0
6045008386 1
6048841730 0
6048875010 0
6048875042 0
6048907266 0
6048940546 0
6049103906 0
6049137154 0
6049137186 0
6049169410 0
6049202690 0
6053036034 0
6053069314 0
6053069346 0
6053069354 0
6053071362 0
6053071370 0
6053071394 0
6053071402 0
6053101570 0
6053103618 0
6053105674 0
6053134850 0
6053136906 0
6053298178 0
6053331458 0
6053331490 0
6053363714 0
6053363722 0
6053367810 0
6053367818 0
6053384202 0
6053396994 0
6053399050 0
6056610322 0
6056706064 0
6056706096 0
6056706352 0
6056771600 0
6057099266 0
6057099298 0
6057132546 0
6057132578 0
6057164802 0
6057198082 0
6057230370 0
6057263618 0
6057263650 0
6057361410 0
6057361442 0
6057394690 0
6057394722 0
6057426946 0
6057460226 0
6057525794 0
6060802610 0
6060868114 0
6060900368 0
6060900400 0
6060901680 0
6060965904 0
6060970000 0
6061326850 0
6061326882 0
6061328930 0
6061392386 0
6061457954 0
6061460002 0
6061588994 0
6061589026 0
6061591074 0
6061654530 0
6061720066 0
6061785602 0
6065094672 0
6065094704 0
6065094960 0
6065160208 0
6065652258 0
6065717762 0
6065914370 0
6065914402 0
6069288976 0
6069289008 0
6069290288 0
6069322290 0
6069354512 0
6069358608 0
6069387794 0
6069387802 0
6069388050 0
6069391898 0
6069408282 0
6069846562 0
6069848578 0
6069848610 0
6069914114 0
6070110722 0
6070110754 0
6070110762 0
6077585282 0
6077585314 0
6078629762 0
6078629794 0
6078633858 0
6078633890 0
6078695298 0
6078699394 0
6090261904 0
6090261936 0
6091310512 0
6094456240 0
6095504816 0
6098650544 0
6099699088 0
6099699120 0
6099764624 0
6102844848 0
6375407620 0
6375967234 0
6376327170 0
6379573762 0
6379601920 0
6379601924 0
6379635462 0
6379639298 0
6379639302 0
6379640582 0
6379641350 0
6380126210 3
6380126214 3
6380130310 3
6380132358 3
6380159490 0
6380159494 0
6380257286 3
6380259330 0
6380259334 3
6380261382 3
6380263430 3
6380290562 0
6380388354 0
6380392450 3
6380421634 0
6380425730 0
6380519430 2
6380523522 0
6384451586 0
6384451590 0
6384453638 0
6384467976 0
6384501258 0
6384713734 3
6384715782 0
6384749058 0
6388645890 0
6388645894 0
6388645902 0
6388647938 0
6388647942 0
6388647946 0
6388647950 0
6388649990 3
6388649998 0
6388652038 3
6388664330 0
6388664334 0
6388666382 0
6388668426 0
6388668430 0
6388679170 0
6388679174 0
6388679178 0
6388679182 0
6388681218 0
6388681222 0
6388681226 0
6388683278 0
6388697610 0
6388699662 0
6388701706 0
6388701710 0
6388908038 3
6388910082 0
6388910086 0
6388910090 0
6388912130 0
6388912142 0
6388926474 0
6388928526 0
6388930570 0
6388941318 0
6388943370 0
6388945422 0
6388961806 0
6388963850 0
6392218390 0
6392315920 0
6392315924 0
6392349462 0
6392709126 0
6392742402 0
6392742406 0
6393004546 0
6393004550 0
6393006594 0
6393006598 0
6396412438 0
6396510224 0
6396514320 0
6396543510 0
6396936710 0
6396940802 0
6397034502 0
6397067782 0
6397165570 0
6397171714 0
6397198854 0
6397204994 0
6397296642 0
6397296646 0
6397329922 0
6397329926 0
6400704528 0
6400704532 0
6400738066 0
6400738070 0
6401245192 0
6401245194 0
6401262090 0
6401264138 0
6401278474 0
6401490946 0
6401490950 0
6404898832 0
6404898840 0
6404902928 0
6404902936 0
6404932114 0
6404932118 0
6404932122 0
6404932126 0
6404936218 0
6404936222 0
6404948506 0
6404948510 0
6404952602 0
6404952606 0
6405423106 0
6405423110 0
6405423114 0
6405423118 0
6405425158 0
6405425166 0
6405427210 0
6405443594 0
6405443598 0
6405456390 0
6405456402 0
6405458438 0
6405474826 0
6405476874 0
6405476878 0
6405476890 0
6405476894 0
6405478926 0
6405685250 0
6405685254 0
6405685258 0
6405685262 0
6405689354 0
6405691394 0
6405705738 0
6405705742 0
6405718530 0
6405718534 0
6405718538 0
6405718542 0
6405720582 0
6405720586 0
6405720590 0
6405722626 0
6405739018 0
6405739022 0
6413191046 0
6413195138 0
6414239618 0
6414243714 0
6414243718 0
6439503248 0
8562247558 0
8562251650 0
8590460960 2
8590460962 3
8590469152 3
8590469154 3
8590494242 0
8590502434 0
8590502690 0
8590625282 0
8590625314 0
8590633506 0
8590756386 0
8590764578 0
8599022114 0
8606714160 0
8606747186 0
8606845232 0
8607238176 3
8607238178 3
8607238194 2
8607246368 3
8607246370 3
8607246386 3
8607270946 3
8607271426 0
8607271458 3
8607271474 0
8607271730 0
8607279138 3
8607279650 3
8607279666 0
8607279906 0
8607279922 0
8607377456 0
8607410722 0
8607410738 0
8607500320 3
8607500322 3
8607508512 3
8607508514 3
8607533090 3
8607533602 3
8607541282 3
8607541794 3
8607672866 0
8615233840 0
8615798818 0
8615799330 0
8615799346 0
8624057250 0
8625098658 0
8625106850 0
8625360802 0
8625368994 0
8640268720 0
8640269744 0
8640399792 0
8640400816 0
8640827298 0
8640834466 0
8640835490 0
8640966578 0
8641096610 0
8641318320 0
8641449392 0
8641842594 3
8641842610 0
8641842611 3
8641850786 3
8641850802 0
8641850803 3
8641875858 0
8641875874 0
8641875890 0
8641884066 0
8641884082 0
8642138018 0
8642138034 0
8642146210 0
8648788400 0
8648789424 0
8649838000 0
8724678658 0
8724678690 0
8724711938 0
8724711970 0
8724974082 0
8724974114 0
8740931632 0
8740931856 0
8740931888 0
8740964914 0
8740965170 0
8741062928 0
8741062960 0
8741095986 0
8741455874 0
8741489154 0
8741489170 0
8741489186 0
8741489202 0
8741489426 0
8741718018 0
8741718050 0
8741751298 0
8741751314 0
8741751330 0
8749451536 0
8749451568 0
8759316354 0
8759316386 0
8759578498 0
8774486416 0
8774486448 0
8774487440 0
8774487472 0
8774617488 0
8774617520 0
8774618512 0
8774618544 0
8775307154 0
8775536016 0
8775536048 0
8775667088 0
8775667120 0
8776060306 0
8776060307 2
8776093586 0
8776093587 0
8776093618 0
8776322450 0
8776355730 0
8783006096 0
8783006128 0
8783007120 0
8783007152 0
8784055696 0
8784055728 0
9077262338 0
9077262342 0
9077295622 0
9094958470 3
9111080336 0
9111900038 0
9664202784 3
9664202786 2
9664210976 3
9664210978 3
9664236066 0
9664244258 0
9664244514 0
9664498210 0
9664506402 0
9668438562 0
9680594992 0
9680595248 0
9681013282 0
9681021474 0
9681119264 0
9681152546 0
9681283618 0
9685215778 0
9688983856 0
9689541154 0
9697790882 0
9697799074 0
9697800098 0
9698062242 0
9698840482 0
9698848674 0
9699102626 0
9699110818 0
9715232690 0
9722539440 0
9723588016 0
9798420482 0
9798453762 0
9798453794 0
9798715906 0
9798715938 0
9832008578 0
9832270722 0
9833024898 3
9833058178 0
9833058210 0
9833320322 0
10133964802 2
10133964806 3
10134226950 0
10134260230 0
10168602498 0
10772549026 2
10772557218 3
10772582306 0
10772590498 0
10772844450 0
10772852642 0
10789359522 0
10789367714 0
10789621666 0
10789629858 0
10923052978 0
11846290850 2
11846324130 0
11846332322 0
11846594466 0
11980541826 0
11980541858 0
11980803970 0
13422307362 2
13422332450 0
13422340642 0
13422594594 0
13430818850 3
13430852130 0
13430852138 0
13430860322 0
13438683184 0
13438683440 0
13438684464 0
13438691376 0
13438691632 0
13438692656 0
13439109666 0
13439117858 0
13439215648 0
13439215650 0
13439215664 0
13439240738 0
13439240754 0
13439248418 0
13439248930 0
13439248946 0
13439477792 0
13439477794 0
13439511074 0
13447071792 0
13447072048 0
13447073072 0
13447079984 0
13447080240 0
13447081264 0
13447596066 0
13447596080 0
13447596082 3
13447604272 0
13447628834 0
13447629346 0
13447629354 0
13447629362 0
13447629370 0
13447629618 0
13447630642 0
13447637026 0
13447637538 0
13447637554 0
13447637810 0
13447638834 0
13447645738 0
13447858210 0
13447866416 0
13447891490 0
13447891506 0
13447899682 0
13447899698 0
13465456546 0
13465456554 0
13472239024 0
13472247216 0
13472280498 0
13472770482 0
13472796594 0
13472804770 0
13472804786 0
13473287600 0
13473295792 0
13473329074 0
13473845154 0
13473845170 0
13473853362 0
13473853426 0
13480627632 0
13480635824 0
13481185202 0
13481676208 0
13481684400 0
13482200498 3
13482200562 3
13482233762 0
13482233770 0
13482233778 0
13482233786 0
13482233842 0
13482233850 0
13482241522 0
13482241530 0
13482241954 0
13482241970 0
13482242034 0
13482495906 0
13482495922 0
13556550146 0
13556550178 0
13556681218 0
13557008898 0
13565069826 0
13565069858 0
13565069866 0
13565331970 0
13572900880 0
13572900912 0
13572901136 0
13572901168 0
13572902192 0
13572966416 0
13572966672 0
13573327378 0
13573458434 0
13573458450 0
13573458466 0
13573458482 0
13573523986 0
13573720578 0
13573720594 0
13573720626 0
13573786130 0
13581289488 0
13581289520 0
13581289744 0
13581289776 0
13581290768 0
13581290800 0
13581355024 0
13581355280 0
13581813762 0
13581813794 0
13581813810 3
13581847042 0
13581847058 0
13581847074 0
13581847090 0
13581847098 0
13581847346 0
13581848370 0
13581879298 0
13581912578 0
13581912586 0
13581912594 0
13581912602 0
13582075906 0
13582075938 0
13582109186 0
13582109218 0
13582109234 0
13582141442 0
13582174722 0
13582174738 0
13582174994 0
13599674274 0
13606456720 0
13606456752 0
13606522256 0
13607045522 0
13607046546 0
13607078802 0
13607505296 0
13607505328 0
13607570832 0
13608062866 0
13614845328 0
13614845360 0
13614910864 0
13615402898 0
13615402930 0
13615730578 0
13615893904 0
13615893936 0
13615959440 0
13616418226 2
13616418258 3
13616418290 3
13616451458 0
13616451466 0
13616451474 0
13616451482 0
13616451490 0
13616451498 0
13616451506 0
13616451514 0
13616451538 0
13616483794 0
13616516994 0
13616517002 0
13616517010 0
13616517018 0
13616517074 0
13616713602 0
13616713634 0
13616713650 0
13616713658 0
13616779154 0
13909330450 0
13909330454 0
13917456902 0
13917456910 0
13917456914 0
13917456918 0
13917473294 0
13917719042 0
13917719062 0
13942623122 0
13952061314 0
13952061318 0
13952061322 0
13952061326 0
14496040992 3
14496040994 3
14496049184 3
14496074274 0
14496082466 0
14496082722 0
14496172064 3
14496180256 3
14496205346 0
14496213538 0
14496303138 0
14496336418 0
14496344610 0
14496434210 0
14496467490 0
14496475682 0
14500235296 3
14500235298 3
14500243488 0
14500243490 3
14500268578 0
14500268834 0
14500269858 0
14500276770 0
14500277026 0
14500280866 0
14500366368 1
14500399650 0
14500407842 0
14500497442 0
14500505632 0
14500530722 0
14500530978 0
14500534818 0
14500538914 0
14500539170 0
14500629794 0
14500661794 0
14504560674 3
14504593954 0
14504602146 0
14508754976 0
14508754978 3
14508754984 0
14508763168 0
14508788258 0
14508789538 0
14508792354 0
14508796450 0
14509017120 2
14509017122 3
14509017128 0
14509050402 0
14512293936 0
14512294192 0
14512302128 0
14512425008 0
14512425264 0
14512426288 0
14512433200 0
14512433456 0
14512434480 0
14512458546 0
14512466482 0
14512466738 0
14512467762 0
14512818226 3
14512851490 0
14512851506 0
14512851746 0
14512859682 0
14512859698 0
14512859938 0
14512949280 0
14512957472 0
14512957474 0
14512982050 0
14512982562 0
14512982578 0
14512990242 0
14512990754 0
14512990770 0
14513113634 0
14513113650 0
14513121826 0
14513219616 0
14513244706 0
14513252898 0
14516496688 0
14516497712 0
14516521522 0
14516521778 0
14516529714 0
14516619312 0
14516619568 0
14516620592 0
14517012530 3
14517020722 2
14517045794 0
14517045810 0
14517046050 0
14517047074 0
14517049890 0
14517053986 0
14517054002 0
14517054242 0
14517176866 0
14517176882 0
14517177122 0
14517180962 0
14517185058 0
14517185074 0
14517274930 0
14517307938 0
14517307954 0
14517308194 0
14517316130 0
14517439010 0
14520813616 0
14520813872 0
14520813880 0
14520814896 0
14520821808 0
14520822064 0
14520823088 0
14520847154 0
14520855090 0
14520855346 0
14520856370 0
14521337906 3
14521371170 0
14521371186 0
14521371194 0
14521371442 0
14521371450 0
14521372466 0
14521379362 0
14521379378 0
14521379386 0
14521379642 0
14521633314 0
14521633330 0
14521641522 0
14525007920 0
14525007928 0
14525008176 0
14525008184 0
14525009200 0
14525009208 0
14525013304 0
14525532208 0
14525532210 3
14525532216 0
14525532218 0
14525533490 0
14525533498 0
14525552696 0
14525565474 0
14525565490 0
14525565498 0
14525565746 0
14525566754 0
14525566770 0
14525569570 0
14525569578 0
14525570850 0
14525573666 0
14525573682 0
14525573690 0
14525574946 0
14525574962 0
14525577762 0
14525581882 0
14525794352 3
14525794362 0
14525795642 0
14525814840 0
14525827618 0
14525827626 0
14525827634 0
14525827642 0
14525831738 0
14525833018 0
14525835818 0
14525835826 0
14525839930 0
14525849402 0
14530678690 0
14530809762 0
14530940834 0
14533791138 0
14533823394 0
14533824418 0
14533831586 0
14533832610 0
14534086562 0
14534094754 0
14534352802 0
14534360994 0
14534839714 0
14534872994 0
14534881186 0
14535004066 0
14535012258 0
14535101858 0
14535135138 0
14535143330 0
14535266210 0
14539198370 0
14539468706 0
14542344098 0
14542352290 0
14542606242 0
14543359394 0
14543392674 0
14543392682 0
14543396770 0
14543396778 0
14543413162 0
14543621538 0
14543654818 0
14543658410 0
14543675306 0
14545849776 0
14545857968 0
14545980848 0
14545989040 0
14546014130 0
14546022322 0
14546406306 0
14546407330 0
14546898352 0
14546931634 0
14546939826 0
14547029424 0
14547037616 0
14547062194 0
14547062706 0
14547070898 0
14547422643 3
14547430835 3
14547455906 0
14547464098 0
14547464114 0
14547586978 0
14547586994 0
14547587058 0
14547595170 0
14547595250 0
14547718050 0
14547718066 0
14547718067 0
14550052272 0
14550077362 0
14550175152 0
14550568370 0
14550601634 0
14550601650 0
14550732706 0
14550863778 0
14551100848 0
14551125938 0
14551223728 0
14551616947 0
14551625139 3
14551650210 0
14551650226 0
14551650227 0
14551658402 0
14551748018 0
14551748019 0
14551781282 0
14551781298 0
14551781362 0
14551785378 0
14551789474 0
14551879090 0
14551879091 0
14551912354 0
14551912370 0
14551912371 0
14552010226 0
14552043426 0
14554369456 0
14554369464 0
14554377648 0
14554402738 0
14554410930 0
14555418032 0
14555418040 0
14555426224 0
14555450802 0
14555451314 0
14555459506 0
14555975602 0
14555975666 0
14555983858 0
14558563760 0
14558563768 0
14558597042 0
14558597050 0
14558605234 0
14558605242 0
14558617530 0
14558625722 0
14559088050 0
14559120818 0
14559121314 0
14559121330 0
14559121338 0
14559125410 0
14559129506 0
14559350194 0
14559350202 0
14559383458 0
14559383474 0
14559387570 0
14559387578 0
14559403962 0
14559612336 0
14559612344 0
14559645618 0
14559645682 0
14559645690 0
14559649786 0
14559666170 0
14560136626 0
14560136627 0
14560136634 0
14560136688 0
14560136690 0
14560136691 0
14560136698 0
14560136699 0
14560169378 0
14560169394 0
14560169402 0
14560169458 0
14560169466 0
14560169890 0
14560169898 0
14560169906 0
14560169907 0
14560169914 0
14560169970 0
14560169971 0
14560169978 0
14560169979 0
14560173986 0
14560173994 0
14560174002 0
14560174003 0
14560174010 0
14560174066 0
14560174067 0
14560174074 0
14560174075 0
14560178082 0
14560186362 0
14560190378 0
14560190394 0
14560190395 0
14560190458 0
14560190459 0
14560398754 0
14560398770 0
14560398778 0
14560398834 0
14560398835 0
14560398842 0
14560398843 0
14560402874 0
14560402938 0
14560402939 0
14560415226 0
14560415227 0
14560419258 0
14560419322 0
14560419323 0
14560432034 0
14560432050 0
14560432058 0
14560432114 0
14560432115 0
14560432122 0
14560435706 0
14560436138 0
14560436146 0
14560436154 0
14560436210 0
14560436211 0
14560436218 0
14560436219 0
14560448442 0
14560448506 0
14560452090 0
14560452522 0
14560452538 0
14560452539 0
14560452602 0
14560452603 0
14562267123 0
14562529267 0
14562533363 0
14630258688 2
14630258690 0
14630258722 1
14630291970 0
14630292002 0
14630292226 0
14630324226 3
14630357506 0
14630357762 0
14630423042 0
14630488578 0
14630520866 0
14630554114 0
14630554146 0
14630586370 0
14630619650 0
14630651906 0
14630651938 0
14630685186 0
14630685218 0
14630717442 0
14630750722 0
14633963298 0
14633967394 0
14634452994 0
14634453026 0
14634454274 0
14634454306 0
14634486274 0
14634486306 0
14634486530 0
14634486562 0
14634487586 0
14634518530 0
14634518786 0
14634519810 0
14634551810 0
14634552066 0
14634557186 0
14634617346 0
14634617378 0
14634715138 0
14634715170 0
14634748418 0
14634748450 0
14634780674 0
14634813954 0
14634846210 0
14634847522 0
14634879490 0
14634879522 0
14634911746 0
14634912002 0
14634915842 3
14634945026 0
14634950402 0
14638811650 0
14638811682 0
14638811690 0
14638877186 0
14639073794 0
14639073826 0
14639139330 0
14642547202 0
14642547210 0
14642567690 0
14642972674 0
14642972682 0
14642972706 0
14643005954 0
14643005986 0
14643006242 0
14643010082 0
14643010090 0
14643011362 0
14643038210 0
14643039490 0
14643043586 0
14643071490 0
14643075586 0
14643075594 0
14643234818 3
14643236098 0
14643268098 0
14643268130 0
14643300354 0
14643300362 0
14643300610 2
14643301634 0
14643333634 0
14643337986 0
14643339010 0
14646642704 0
14646642736 0
14646642960 0
14646642992 0
14646643984 0
14646644016 0
14646675986 0
14646708240 0
14646708496 0
14646709520 0
14647035906 0
14647035938 0
14647069186 0
14647069202 0
14647069218 0
14647069234 0
14647069490 0
14647101458 3
14647134722 0
14647134738 0
14647200258 0
14647200274 0
14647200290 0
14647200306 0
14647265794 0
14647265810 0
14647298082 0
14647331330 0
14647331346 0
14647331362 0
14647331378 0
14647396866 0
14647396882 0
14647429122 0
14647462418 0
14647462450 0
14647527938 0
14650739474 0
14650739506 0
14650837008 0
14650837040 0
14650837264 0
14650837296 0
14650838288 0
14650838320 0
14650841104 0
14650902544 0
14650902800 0
14650903824 0
14651230210 0
14651230226 2
14651230242 0
14651263490 0
14651263506 0
14651263522 0
14651263538 0
14651263762 0
14651263778 0
14651263794 0
14651264818 0
14651267618 0
14651295746 0
14651329026 0
14651329042 0
14651329298 0
14651334402 0
14651394562 0
14651394578 0
14651394594 0
14651394610 0
14651394850 0
14651398690 0
14651426818 0
14651460098 0
14651460114 0
14651525634 0
14651525650 0
14651525666 0
14651557890 0
14651558162 0
14651591170 0
14651591186 0
14651688962 0
14651722258 0
14655031312 0
14655031344 0
14655031568 0
14655031600 0
14655032592 0
14655032624 0
14655064626 0
14655096848 0
14655097104 0
14655098128 0
14655555602 3
14655555634 3
14655588866 0
14655588874 0
14655588882 0
14655588898 0
14655588914 0
14655588922 0
14655621122 0
14655621138 2
14655654402 0
14655654418 0
14655654658 0
14655817730 0
14655851010 0
14655851042 0
14655851058 0
14655883266 0
14655883282 0
14655916562 0
14659225616 0
14659225624 0
14659225648 0
14659225656 0
14659225872 0
14659225904 0
14659225912 0
14659226896 0
14659226904 0
14659226928 0
14659226936 0
14659229712 0
14659260210 0
14659291152 0
14659291160 0
14659291408 0
14659291416 0
14659292432 0
14659292440 0
14659295248 0
14659296528 0
14659296536 0
14659308824 0
14659312920 0
14659324442 0
14659324690 0
14659749890 0
14659749906 3
14659749912 0
14659749922 3
14659749936 0
14659749938 3
14659749944 0
14659749946 0
14659750146 0
14659751218 0
14659751226 0
14659754040 0
14659766328 0
14659770392 0
14659770424 0
14659783170 1
14659783178 0
14659783186 0
14659783194 0
14659783202 0
14659783210 0
14659783218 3
14659783226 0
14659783426 0
14659783442 0
14659783458 0
14659783474 0
14659784466 0
14659784482 0
14659784498 0
14659787274 0
14659787290 0
14659787298 0
14659787306 0
14659787322 0
14659787562 0
14659788570 0
14659788578 0
14659788602 0
14659803658 2
14659803706 0
14659804954 0
14659815426 0
14659815440 0
14659815442 3
14659815448 0
14659815682 0
14659815698 0
14659816706 0
14659816722 0
14659835928 0
14659848706 0
14659848714 0
14659848722 0
14659848730 0
14659848978 0
14659850002 0
14659850010 0
14659852802 0
14659852810 0
14659852826 0
14659854098 0
14659854106 0
14659865114 0
14659866394 0
14659869210 0
14659870234 0
14659870490 0
14660012034 0
14660012042 0
14660012050 0
14660012058 0
14660012080 2
14660012082 0
14660012090 0
14660012322 0
14660012338 0
14660012346 0
14660013330 0
14660013346 0
14660013362 0
14660013370 0
14660017466 0
14660032536 0
14660032568 0
14660045314 0
14660045330 0
14660045338 0
14660045346 0
14660045362 0
14660045370 0
14660045618 0
14660046618 0
14660046642 0
14660049426 0
14660049434 0
14660049458 0
14660049466 0
14660049722 0
14660050706 0
14660050714 0
14660050738 0
14660050746 0
14660065818 0
14660065850 0
14660067098 0
14660067130 0
14660077568 0
14660077570 0
14660077586 0
14660077592 3
14660077594 0
14660077842 0
14660078866 0
14660078874 0
14660081666 0
14660098072 3
14660110850 0
14660110866 0
14660110874 0
14660112146 0
14660112154 0
14660114962 0
14660114970 0
14660115226 0
14660116242 0
14660116250 0
14660131354 0
14660132634 0
14664863106 0
14664896386 0
14664896418 0
14664961922 0
14664994178 0
14665158530 0
14665158562 0
14665224066 0
14667587458 0
14668008834 0
14668008866 0
14668042114 0
14668042146 0
14668271010 0
14668369794 0
14668402050 2
14668402082 0
14668439426 0
14668500866 0
14668504962 0
14668570498 0
14668570530 0
14668636034 0
14669057410 0
14669057442 0
14669090690 0
14669090722 0
14669122946 0
14669156226 0
14669160322 0
14669221762 0
14669221794 0
14669225890 0
14669319554 0
14669352834 0
14669352866 0
14669385090 0
14669418370 0
14669450626 1
14669450658 0
14669454722 3
14669483906 0
14669483938 0
14669516162 0
14669520258 3
14673416098 0
14673481602 0
14676528514 0
14676528546 0
14676561826 0
14676561834 0
14676594050 0
14676790658 0
14676790690 0
14676823938 0
14676823970 0
14676856194 0
14676889474 0
14677610402 0
14677610410 0
14677614498 0
14677614506 0
14677630890 0
14677642626 0
14677839234 0
14677839266 0
14677843330 2
14677872514 0
14677872522 0
14677872546 0
14677876650 0
14677893034 0
14677904770 0
14677908866 0
14677938050 0
14680198544 0
14680198576 0
14680264080 0
14680624018 0
14680624050 0
14680690578 0
14680756098 0
14680886162 0
14681083778 0
14681116080 0
14681247120 0
14681247152 0
14681312656 0
14681640322 0
14681640338 0
14681640339 1
14681640371 3
14681673602 0
14681673618 0
14681673619 0
14681673634 0
14681673650 0
14681673651 0
14681705858 0
14681705874 0
14681739138 0
14681739154 0
14681804674 0
14681804690 0
14681804706 0
14681870226 0
14681902466 0
14681935746 0
14681935778 0
14681935794 0
14681968002 0
14682001282 0
14684295090 0
14684392848 0
14684392880 0
14684458384 0
14684786066 0
14684819330 0
14684819346 0
14684819362 0
14684819378 0
14684884866 0
14684884882 0
14684888962 0
14684950434 0
14685081506 0
14685441424 0
14685441456 0
14685474738 0
14685506960 0
14685540242 0
14685834643 0
14685834658 0
14685834675 2
14685867906 0
14685867922 0
14685867923 0
14685867938 0
14685867954 0
14685867955 0
14685900178 0
14685933442 0
14685933458 0
14685933459 0
14685937538 0
14685998978 0
14685999010 0
14685999090 0
14686003106 0
14686064530 0
14686096787 0
14686096818 0
14686130067 0
14686130082 0
14686195586 0
14686195602 0
14686227891 0
14686261171 0
14686326674 0
14686326738 0
14688587152 0
14688587184 0
14688620434 0
14688652688 0
14689144722 0
14689210258 0
14689373626 0
14689635728 0
14689635760 0
14689701264 0
14690160082 2
14690160114 2
14690193298 0
14690193314 0
14690193362 0
14690258818 0
14690258826 0
14690258834 0
14690275210 0
14690455506 0
14690455538 0
14690520962 0
14692781456 0
14692781464 0
14692781488 0
14692781496 0
14692785552 0
14692785584 0
14692846992 0
14692847000 0
14692851088 0
14692851096 0
14692863384 0
14692867480 0
14692880274 0
14692880282 0
14693305730 0
14693305746 0
14693305762 0
14693305778 0
14693305786 0
14693339026 0
14693339034 0
14693339042 0
14693339058 0
14693339066 0
14693343122 0
14693343130 0
14693343162 0
14693359514 0
14693359546 0
14693371266 0
14693371282 0
14693404562 0
14693404570 0
14693408658 0
14693408666 0
14693420954 0
14693425050 0
14693567890 0
14693567898 0
14693567906 0
14693567922 0
14693567930 0
14693571994 0
14693601170 0
14693601178 0
14693601186 0
14693601202 0
14693601210 0
14693605266 0
14693605274 0
14693605298 0
14693605306 0
14693617562 0
14693617594 0
14693621658 0
14693621690 0
14693633410 0
14693633426 0
14693633434 0
14693637530 0
14693653912 3
14693666706 0
14693666714 0
14693670802 0
14693670810 0
14693683098 0
14693687194 0
14693830032 0
14693830040 0
14693830064 0
14693830072 0
14693834168 0
14693863346 0
14693863378 0
14693863386 0
14693863410 0
14693863418 0
14693867482 0
14693867514 0
14693879770 0
14693883802 0
14693883834 0
14693883866 0
14693883898 0
14693883899 0
14693895568 0
14693895576 0
14693928850 0
14693928922 0
14693933018 0
14693945306 0
14693949338 0
14693949402 0
14694354306 0
14694354322 0
14694354323 0
14694354330 0
14694354338 0
14694354354 0
14694354362 0
14694354386 0
14694354394 0
14694354395 0
14694354416 0
14694354418 0
14694354419 0
14694354424 0
14694354426 0
14694354427 0
14694358426 0
14694358490 0
14694358491 0
14694358522 0
14694370714 0
14694370746 0
14694370778 0
14694370810 0
14694370811 0
14694374808 0
14694374810 0
14694374840 0
14694374842 0
14694374843 0
14694374874 0
14694374875 0
14694374904 0
14694374906 0
14694374907 0
14694387586 0
14694387602 0
14694387603 0
14694387610 0
14694387618 0
14694387634 0
14694387642 0
14694387666 0
14694387667 0
14694387674 0
14694387675 0
14694387698 0
14694387699 0
14694387706 0
14694387707 0
14694391690 0
14694391706 0
14694391714 0
14694391722 0
14694391730 0
14694391738 0
14694391739 0
14694391762 0
14694391763 0
14694391770 0
14694391771 0
14694391794 0
14694391795 0
14694391802 0
14694391803 0
14694403994 0
14694404010 0
14694404026 0
14694404058 0
14694404090 0
14694404091 0
14694408090 0
14694408106 0
14694408122 0
14694408123 0
14694408154 0
14694408155 0
14694408186 0
14694408187 0
14694419842 0
14694419858 0
14694419866 0
14694419922 0
14694419923 0
14694419930 0
14694419931 0
14694423954 0
14694423962 0
14694424018 0
14694424019 0
14694424026 0
14694424027 0
14694436250 0
14694436314 0
14694436315 0
14694440344 0
14694440346 0
14694440347 0
14694440410 0
14694440411 0
14694440442 0
14694440443 0
14694453122 0
14694453130 2
14694453138 0
14694453146 0
14694453202 0
14694453203 0
14694453210 0
14694453211 0
14694457234 0
14694457242 0
14694457298 0
14694457299 0
14694457306 0
14694457307 0
14694469530 0
14694469594 0
14694469595 0
14694473626 0
14694473627 0
14694473690 0
14694473691 0
14694616450 0
14694616466 0
14694616467 0
14694616474 0
14694616482 0
14694616498 0
14694616506 0
14694616530 0
14694616531 0
14694616538 0
14694616539 0
14694616562 0
14694616563 0
14694616570 0
14694616571 0
14694620562 0
14694620570 0
14694620602 0
14694620626 0
14694620634 0
14694620635 0
14694620658 0
14694620666 0
14694620667 0
14694632890 0
14694632922 0
14694632954 0
14694632955 0
14694636952 3
14694636954 3
14694636984 0
14694636986 0
14694636987 0
14694637018 0
14694637019 0
14694637050 0
14694637051 0
14694649730 0
14694649746 0
14694649754 0
14694649762 0
14694649770 0
14694649778 0
14694649786 0
14694649810 0
14694649811 0
14694649818 0
14694649842 0
14694649843 0
14694649850 0
14694649851 0
14694653434 0
14694653842 0
14694653850 0
14694653866 0
14694653874 0
14694653875 0
14694653882 0
14694653906 0
14694653914 0
14694653915 0
14694653938 0
14694653939 0
14694653946 0
14694653947 0
14694666138 0
14694666170 0
14694666202 0
14694666234 0
14694666235 0
14694670234 0
14694670235 0
14694670250 0
14694670266 0
14694670267 0
14694670298 0
14694670299 0
14694670330 0
14694670331 0
14694682002 0
14694682003 0
14694682010 0
14694682066 0
14694682067 0
14694682074 0
14694682075 0
14694686082 0
14694686098 0
14694686106 0
14694686162 0
14694686163 3
14694686170 0
14694686171 0
14694698394 0
14694698458 0
14694698459 0
14694702488 3
14694702490 0
14694702491 1
14694702554 0
14694702555 0
14694702586 0
14694715266 0
14694715282 0
14694715290 0
14694715346 0
14694715347 0
14694715354 0
14694719370 0
14694719378 0
14694719386 0
14694719442 0
14694719443 0
14694719450 0
14694719451 0
14694731674 0
14694731738 0
14694735770 0
14694735771 0
14694735803 0
14694735834 0
14694735835 0
14694735866 0
14696484819 0
14696484851 0
14696550355 0
14696550362 0
14696550363 0
14696554451 0
14696713715 0
14696746995 0
14696751091 0
14696751099 0
14696763354 0
14696767483 0
14696779227 2
14696783315 0
14696783323 3
14696799707 3
14696812499 0
14696816603 0
14965901826 0
14966163970 0
14969575938 0
14969575942 0
14969577222 0
14970062850 0
14970062854 3
14970064130 0
14970066950 3
14970096130 0
14970096134 0
14970100226 0
14970100230 0
14970193926 2
14970198022 2
14970227202 0
14970227206 0
14970324994 0
14970324998 0
14970358274 0
14970358278 0
14970489346 0
14970489350 0
14974388230 3
14974683650 0
14978582530 0
14978582534 1
14978582538 0
14978582542 0
14978586630 3
14978587918 0
14978598922 0
14978598926 0
14978603018 0
14978603022 0
14978604298 0
14978604302 0
14978615810 0
14978615814 0
14978615818 0
14978615822 0
14978619906 0
14978619914 0
14978619918 0
14978632202 0
14978636298 0
14978636302 0
14978844674 0
14978844678 3
14978844682 2
14978844686 3
14978844934 3
14978845958 3
14978848774 3
14978848782 0
14978849030 3
14978850054 3
14978861066 0
14978865162 0
14978877954 1
14978877958 0
14978877962 0
14978882058 0
14978882062 0
14978894346 0
14978898442 0
14982121748 0
14982252564 0
14982252816 0
14982252820 0
14982253840 0
14982253844 0
14982679062 0
14982810118 3
14982810130 0
14982810134 0
14982941186 0
14982941190 0
14983038980 3
14983071750 3
14983072262 3
14983072274 0
14986448148 0
14986840066 0
14986873346 0
14986873350 0
14986873362 0
14986873366 0
14986877462 0
14986878722 0
14987004418 0
14987004422 0
14987004434 0
14987004438 0
14987102210 0
14987102482 0
14987135490 0
14987135506 0
14987135510 0
14987266562 0
14987266566 0
14987266578 0
14987266582 0
14990641172 0
14990641424 0
14990641428 0
14990642448 0
14990642452 0
14991165442 0
14991165446 0
14991198726 0
14991198730 0
14991198734 0
14991198738 0
14991198742 0
14991215114 0
14991427586 0
14991460882 0
14991460886 0
14994835472 0
14994835476 0
14994835480 0
14994835484 0
14994835728 0
14994835732 0
14994835736 0
14994835740 0
14994836752 0
14994836756 0
14994836760 0
14994836764 0
14994839568 0
14994839572 0
14994839576 0
14994840852 0
14994840856 0
14994840860 0
14994870046 0
14994872858 0
14994889242 0
14994890266 0
14994890270 0
14994890522 0
14994890526 0
14995359746 0
14995359750 0
14995359754 0
14995359758 0
14995359762 0
14995359766 0
14995359768 0
14995359770 0
14995359774 0
14995360002 0
14995360018 0
14995360026 0
14995360794 0
14995361042 0
14995361046 0
14995361050 0
14995361054 0
14995363866 0
14995363870 0
14995364890 0
14995365146 0
14995365150 0
14995376138 0
14995376154 0
14995376158 0
14995377178 0
14995377434 0
14995377438 0
14995380234 0
14995380238 0
14995380250 0
14995380254 0
14995381274 0
14995381278 0
14995381530 0
14995381534 0
14995381594 0
14995381598 0
14995392542 0
14995393026 0
14995393030 0
14995393034 0
14995393038 0
14995393042 0
14995393046 0
14995393050 0
14995393054 0
14995393298 0
14995393302 0
14995393310 0
14995393822 0
14995394306 0
14995394322 0
14995394326 0
14995394330 0
14995394334 0
14995397122 0
14995397126 0
14995397130 0
14995397134 0
14995397138 0
14995397142 0
14995397146 0
14995397150 0
14995397378 0
14995397406 0
14995398418 0
14995398422 0
14995398426 0
14995398430 0
14995409434 0
14995409438 0
14995410458 0
14995410714 0
14995410718 0
14995413514 0
14995413518 0
14995413530 0
14995413534 0
14995414554 0
14995414558 0
14995414810 0
14995414814 0
14995621898 0
14995621906 0
14995621910 0
14995621914 0
14995621918 0
14995622166 0
14995622170 0
14995623186 0
14995623190 0
14995623194 0
14995623198 0
14995625986 0
14995626002 0
14995626010 0
14995626014 0
14995627290 0
14995627294 0
14995638282 0
14995642392 0
14995642394 0
14995642398 0
14995643418 0
14995643422 0
14995643674 0
14995643678 0
14995643738 0
14995643742 0
14995655170 0
14995655174 0
14995655178 0
14995655182 0
14995655186 0
14995655190 0
14995655194 0
14995655198 0
14995655454 0
14995656466 0
14995656470 0
14995656474 0
14995656478 0
14995659274 0
14995659278 0
14995659282 0
14995659286 0
14995659290 0
14995659294 0
14995659546 0
14995660318 0
14995660562 0
14995660566 0
14995660570 0
14995660574 0
14995672862 0
14995675674 0
14995675678 0
14995676698 0
14995676702 0
14995676954 0
14995676958 0
14999457666 0
15003127682 0
15003131778 0
15003131782 0
15003651970 0
15003651974 0
15003914114 0
15004176258 0
15004180354 0
15004180358 0
15004700546 0
15004700550 0
15004798338 3
15004929410 0
15004962690 0
15004962694 0
15005064578 3
15005097858 0
15012171650 0
15012400518 3
15012404610 0
15012404614 3
15012404622 2
15013186946 0
15013186950 0
15013186958 0
15013203338 0
15013220226 0
15013240714 0
15013449098 0
15013453186 3
15013453190 3
15013453194 3
15013469578 0
15013486474 0
15015676308 0
15015677332 0
15015808400 0
15015808404 0
15016201606 3
15016725908 0
15016856976 0
15016856980 0
15017250182 3
15017283458 0
15020002708 0
15020560258 0
15020560262 0
15020560278 0
15021444499 2
15021477762 0
15021477778 0
15021477782 0
15021608850 0
15021608854 0
15021739922 0
15021744002 0
15021837714 0
15021837782 0
15024197008 0
15024197012 0
15025245584 0
15025245588 0
15025803138 0
15025803146 0
15025803150 0
15025803218 0
15025819530 0
15026065302 0
15028391312 0
15028391316 0
15028391320 0
15028391324 0
15028395408 0
15028395412 0
15028395420 0
15028407708 0
15028411800 0
15028445082 0
15028915602 0
15028915606 0
15028915610 0
15028915614 0
15028919706 0
15028931994 0
15028931998 0
15028936090 0
15028936094 0
15028936154 0
15028936158 0
15028948866 0
15028948882 0
15028948886 0
15028948890 0
15028948894 0
15028952970 0
15028952982 0
15028952986 0
15028952990 0
15028965274 0
15028965278 0
15028969370 0
15028969374 0
15028969434 0
15028969438 0
15029177746 0
15029177750 0
15029177754 0
15029177758 0
15029181846 0
15029181850 0
15029181854 0
15029198234 0
15029198238 0
15029198298 0
15029198302 0
15029211026 0
15029211030 0
15029211034 0
15029211038 0
15029215106 0
15029215122 0
15029215126 0
15029215130 0
15029215134 0
15029227422 0
15029231514 0
15029231518 0
15029231578 0
15029231582 0
15029439888 0
15029439892 0
15029439896 0
15029439900 0
15029443988 0
15029443996 0
15029460376 0
15029460380 0
15029473238 0
15029473242 0
15029473246 0
15029477338 0
15029477342 0
15029493658 0
15029493662 0
15029493722 0
15029493726 0
15029952430 2
15029952442 0
15029952446 0
15029952474 0
15029952506 0
15029952507 0
15029964170 0
15029964178 0
15029964182 0
15029964186 0
15029964190 0
15029964242 0
15029964243 0
15029964246 0
15029964250 0
15029964251 3
15029964252 0
15029964254 0
15029964255 3
15029968274 0
15029968278 0
15029968282 0
15029968286 0
15029968343 2
15029968346 0
15029968347 1
15029968350 0
15029968351 3
15029980554 0
15029980558 0
15029980570 0
15029980574 0
15029980634 0
15029980635 0
15029980638 0
15029980639 3
15029984650 0
15029984664 0
15029984666 0
15029984667 0
15029984668 0
15029984670 0
15029984730 0
15029984731 0
15029984734 0
15029984735 3
15029997022 0
15029997446 0
15029997458 0
15029997462 0
15029997466 0
15029997470 0
15029997522 0
15029997523 0
15029997526 0
15029997530 0
15029997531 0
15029997534 0
15029997535 0
15030001118 0
15030001550 0
15030001554 0
15030001558 0
15030001562 0
15030001566 0
15030001618 0
15030001619 0
15030001622 0
15030001626 0
15030001627 0
15030001630 0
15030001631 0
15030013850 0
15030013854 0
15030013914 0
15030013915 0
15030013918 0
15030017502 0
15030017930 2
15030017934 3
15030017946 0
15030017950 0
15030017951 0
15030017962 3
15030017982 0
15030018010 0
15030018011 0
15030018014 0
15030018015 0
15030018046 0
15030214650 0
15030214651 0
15030226322 0
15030226326 0
15030226330 0
15030226334 0
15030226386 0
15030226387 3
15030226390 0
15030226394 3
15030226398 0
15030226399 0
15030230402 3
15030230406 0
15030230422 0
15030230426 0
15030230430 0
15030230482 0
15030230483 3
15030230486 0
15030230490 0
15030230491 0
15030230494 2
15030242714 0
15030242718 0
15030242778 0
15030242782 0
15030246808 0
15030246810 0
15030246811 0
15030246814 0
15030246815 0
15030246874 0
15030246875 0
15030246878 0
15030246879 0
15030259586 0
15030259602 0
15030259606 0
15030259610 0
15030259614 0
15030259666 0
15030259667 0
15030259670 0
15030259674 0
15030259678 0
15030259679 0
15030263682 0
15030263690 0
15030263698 0
15030263702 0
15030263706 0
15030263710 0
15030263762 0
15030263763 0
15030263766 0
15030263770 0
15030263771 0
15030263774 0
15030263775 0
15030275994 0
15030275998 0
15030276058 0
15030276062 0
15030280074 0
15030280090 0
15030280091 0
15030280094 0
15030280095 0
15030280154 0
15030280155 0
15030280158 0
15030280159 0
15032061403 2
15032065495 2
15032065503 3
15032081882 0
15032081883 0
15032081887 3
15032094675 0
15032098771 0
15032098779 0
15032115163 0
15032327643 3
15032327647 3
15032344027 3
15032344031 3
15032360915 0
15032360923 0
15032377307 0
15032377311 0
15604551586 0
15612940194 0
15621328802 0
15621590946 0
15629684146 3
15629684210 3
15629684211 0
15629692338 3
15629700603 0
15629717426 0
15629717491 0
15629717499 0
15629725683 0
15629733883 0
15747223426 0
15763901939 0
15763901947 0
15763935154 0
15763951611 0
15764000658 0
16678162338 0
16682356642 0
16682360738 0
16682364834 0
16682487714 0
16682618786 0
16682626978 0
16682749858 0
16690876322 0
16690880418 0
16690880426 0
16690896810 0
16691142562 0
16691142570 0
16691158954 0
16694545842 0
16694545843 0
16694906290 2
16694939554 0
16694939571 0
16694947746 0
16694947762 0
16695201698 0
16695209890 0
16699133858 0
16699133874 0
16699137954 0
16699264930 0
16699264946 0
16699396002 0
16699400098 0
16701591027 2
16702934450 0
16702934451 0
16703426043 3
16705523187 3
16705523195 3
16707620283 0
16707620339 0
16707620346 0
16707620347 3
16707636731 0
16707640827 0
16707653538 0
16707653546 0
16707653619 0
16707653626 0
16707657634 0
16707657642 0
16707657723 0
16707670011 0
16707674026 0
16707674043 0
16707674107 0
16707882483 3
16707882491 3
16707886587 0
16707898875 3
16707902907 0
16707902971 0
16707915682 0
16707915698 0
16707919794 0
16707932155 0
16707936170 0
16707936187 0
16707936251 0
16709717491 3
16709717499 3
16709979635 3
16709979643 3
16709996027 3
16710033403 0
16812380066 0
16816115586 0
16816119682 0
16816574370 0
16816578466 0
16816643970 0
16816705442 0
16825094050 0
16825098146 0
16825098154 0
16825114538 0
16825360298 0
16825376682 0
16828764082 0
16829157282 0
16829157299 0
16829419426 0
16833351554 0
16833351570 0
16833351586 0
16833351602 0
16833355682 0
16833417090 0
16833417106 0
16833482642 0
16833482658 0
16833482674 0
16833482675 0
16833548162 0
16833548178 0
16833548242 0
16833613698 0
16833613730 0
16833617826 0
16833744802 0
16837152658 0
16837152754 0
16837643739 3
16837643771 3
16837709275 3
16839740883 3
16839740891 3
16839740915 3
16839740923 3
16839806419 3
16839806427 3
16841347058 0
16841347066 0
16841367483 0
16841367514 0
16841367546 0
16841367547 0
16841838002 0
16841838010 0
16841838034 0
16841838042 0
16841838043 3
16841838067 0
16841838074 0
16841838075 3
16841854394 0
16841854426 0
16841854427 0
16841854458 0
16841854459 0
16841858474 0
16841858490 0
16841858491 0
16841858522 0
16841858523 0
16841858554 0
16841858555 0
16841871266 0
16841871274 0
16841871282 0
16841871323 0
16841871355 0
16841875362 0
16841875370 0
16841875419 0
16841875443 0
16841875450 0
16841875451 0
16841887707 0
16841887738 0
16841887739 0
16841891738 0
16841891754 0
16841891770 3
16841891771 0
16841891802 0
16841891803 0
16841891834 0
16841891835 0
16841903570 0
16841903578 0
16841903579 3
16841907610 0
16841907675 0
16841919898 0
16841919962 0
16841919963 0
16841923994 0
16841924058 0
16841924059 0
16841924091 0
16841936786 0
16841936850 0
16841936859 0
16841940866 0
16841940874 0
16841940955 0
16841953242 0
16841957258 0
16841957274 0
16841957306 0
16841957307 0
16841957338 0
16841957339 0
16841957371 0
16842100179 3
16842100187 3
16842100211 3
16842100218 0
16842100219 3
16842104283 3
16842104315 0
16842116571 3
16842116602 0
16842116603 3
16842120603 1
16842120635 0
16842120667 0
16842120698 0
16842120699 0
16842133394 0
16842133402 0
16842133410 0
16842133426 0
16842133434 0
16842137490 0
16842137498 0
16842137522 0
16842137530 0
16842137595 0
16842149851 0
16842149883 0
16842153898 0
16842153914 0
16842153915 0
16842153946 0
16842153947 0
16842153978 0
16842153979 0
16842165714 0
16842165715 3
16842165722 0
16842165723 3
16842169819 3
16842182042 0
16842182107 2
16842186138 0
16842186139 2
16842186171 0
16842186202 0
16842186203 0
16842186235 0
16842198930 0
16842198938 0
16842203034 0
16842215322 0
16842219418 0
16842219419 0
16842219451 0
16842219482 0
16842219483 0
16842219515 0
16843935187 3
16843935195 3
16843935219 3
16843935227 3
16843951611 0
16843988987 1
16844000723 3
16844000731 3
16844021211 0
16844054491 0
16844197331 3
16844197339 3
16844197363 3
16844197371 3
16844201435 3
16844213723 3
16844213755 3
16844217819 3
16844217851 0
16844251099 0
16844251131 0
16844262867 3
16844262875 3
16844266963 3
16844266971 3
16844283355 3
17152184194 1
17160724362 0
17169092502 0
17173548946 0
17173548950 0
17176911803 0
17176911807 0
17176911835 0
17176977307 0
17176977311 0
17176977371 0
17176977374 0
17176977375 0
17176977407 0
17177402875 0
17177402879 0
17177436090 0
17177436091 0
17177436095 0
17177436123 0
17177436154 0
17177436155 0
17177436159 0
17177447898 0
17177447899 3
17177447903 3
17177451999 3
17177464218 0
17177464282 0
17177464283 0
17177464287 3
17177468314 0
17177468315 0
17177468319 0
17177468347 0
17177468378 0
17177468379 0
17177468382 0
17177468383 3
17177468411 0
17177468415 0
17177481110 0
17177481111 0
17177481114 0
17177481118 0
17177481174 0
17177481178 0
17177481182 0
17177481183 0
17177485206 0
17177485210 0
17177485214 0
17177497502 0
17177497562 0
17177497563 0
17177501578 0
17177501594 0
17177501595 0
17177501598 0
17177501599 0
17177501627 0
17177501631 0
17177501658 0
17177501659 0
17177501662 0
17177501663 0
17177501690 0
17177501691 0
17177501695 0
17177665019 0
17177665023 0
17177698299 0
17177698303 0
17177709978 0
17177710042 0
17177710043 3
17177710047 3
17177714139 3
17177714143 3
17177726431 3
17177730458 0
17177730459 0
17177730463 0
17177730491 0
17177730495 0
17177730522 0
17177730523 3
17177730526 0
17177730527 0
17177730555 0
17177730559 0
17177743254 0
17177743258 0
17177743262 0
17177743322 0
17177747350 0
17177747354 0
17177747358 0
17177759642 0
17177759646 0
17177763738 0
17177763739 0
17177763742 0
17177763743 0
17177763771 0
17177763775 0
17177763802 0
17177763803 0
17177763806 0
17177763807 0
17177763835 0
17177763839 0
17179545043 3
17179545047 3
17179545051 3
17179545055 3
17179549139 2
17179549143 3
17179549151 3
17179561439 3
17179565531 0
17179565535 3
17179598811 0
17179598815 0
17179762175 0
17179795451 2
17179807195 3
17179807199 3
17179811283 3
17179811291 3
17179811295 3
17179823583 2
17179827675 3
17179827679 3
17179860955 0
17179860959 0

# Neuron 2: 3887 entries
# Connections: [107, 175, 329, 294, 27, 170, 214, 55, 18, 136, 292, 267, 251, 318, 331, 127, 289, 45, 349, 206, 106, 278, 194, 357, 311, 302, 352, 152, 73, 18, 247, 216, 127, 309]
33554452 0
33570836 0
100941878 0
235159606 0
269615621 0
269619717 0
276955653 0
276959749 0
278004229 0
278008325 0
303170069 0
303186453 0
303206933 0
303223445 0
303432215 0
303448599 0
303452695 0
310510101 0
310526485 0
310547093 0
310563349 0
310563477 0
310772247 0
310776343 0
310788631 0
310792727 0
311558677 0
311562773 0
311575061 0
311595541 0
311595669 0
311611925 0
311612053 0
311820823 0
311837207 0
311841303 0
328684119 0
370541111 0
370541175 0
370557495 0
370573879 0
370573943 0
370577975 0
370578039 0
370578103 0
370578167 0
370594359 0
370594487 0
370606711 0
370643575 0
370643703 0
377881143 0
377881207 0
377897527 0
377901623 0
377913911 0
377913975 0
377914039 0
377918007 0
377918071 0
377918135 0
377918199 0
377934391 0
377934519 0
377946743 0
377979511 0
377983607 0
377983735 0
378929719 0
378929783 0
378933815 0
378946103 0
378950199 0
378962487 0
378962551 0
378962615 0
378966583 0
378966647 0
378966711 0
378966775 0
378982967 0
378983095 0
378995319 0
379028087 0
379032183 0
379032311 0
387318327 0
387318391 0
387351095 0
387351159 0
387355191 0
387355255 0
387355319 0
387383927 0
387416695 0
387420791 0
387420919 0
387422839 0
394658359 0
394658423 0
394691127 0
394691191 0
394691255 0
394691319 0
394695223 0
394695287 0
394695351 0
394695415 0
394723959 0
394726007 0
394728055 0
394754679 3
394756727 0
394756855 0
394758775 0
394760823 0
394760951 0
394762871 0
394762999 3
395706935 0
395706999 0
395739703 0
395739767 0
395743799 0
395743863 0
395743991 0
395772535 0
395774583 0
395776631 0
395786871 1
395793015 0
395799159 2
395805303 0
395805431 0
395809399 0
395809527 0
395811447 0
395811575 3
395827959 0
437404181 0
437666327 0
444744213 0
444748309 0
444781077 0
444781205 0
445006359 0
445792789 0
445829781 0
446054935 0
504775223 0
504779319 0
512115255 0
512152119 0
513163831 0
513167927 0
513200695 0
530010743 0
570425364 0
570441748 0
570720278 0
637796406 0
637812790 0
654655606 0
704659476 0
772030518 0
840040981 0
840045077 0
840057365 0
840061461 0
840077845 0
840077973 0
840094229 0
840094357 0
840303127 0
840307223 0
840319511 0
840323607 0
840339991 0
840372823 0
840385111 0
840389207 0
847381013 0
847385109 0
847397397 0
847401493 0
847417877 0
847418005 0
847419029 0
847434261 0
847434389 0
847643159 0
847647255 0
847659543 0
847659607 0
847663639 0
847680023 0
847680151 0
847696599 0
847712855 0
847725143 0
847729239 0
847745751 0
848429589 0
848433685 0
848445973 0
848450069 0
848466453 0
848466581 0
848482837 0
848482965 0
848691735 0
848695831 0
848695895 0
848708119 0
848712215 0
848712279 0
848728599 0
848728727 0
848728791 0
848744983 0
848745111 0
848761431 0
848777815 0
857082391 0
857096727 0
857098775 0
857145943 0
857168471 0
857201367 0
864490071 0
864502359 0
864504407 0
864508503 0
865534551 0
865536599 0
865552983 0
865555031 0
865557079 0
907412023 0
907412087 0
907416119 0
907428407 0
907428471 0
907432503 0
907448887 0
907449015 0
907465271 0
907465335 0
907465399 0
907465463 0
907466423 0
907477623 0
907494007 0
907514615 0
914752055 0
914756151 0
914756215 0
914768439 0
914768503 0
914772535 0
914784823 0
914788919 0
914789047 0
914805303 0
914805431 0
914805495 0
914821751 0
914838135 0
914854519 0
914854647 0
915800631 0
915800695 0
915804727 0
915817015 0
915821111 0
915833399 0
915833463 0
915833527 0
915837495 0
915837559 0
915837623 0
915837687 0
915853879 0
915853943 0
915854007 0
915854071 0
915866231 0
915870327 0
915886711 0
915903223 0
915919479 0
915919607 0
924254839 0
924256887 0
924260983 0
924265079 0
924269175 0
924271223 0
924291831 0
924293879 0
924308215 0
931596919 0
931598967 0
931601015 0
931609207 0
931615351 0
931617399 0
931633783 0
931633911 0
931648247 0
932643447 0
932645495 0
932647543 0
932653687 0
932657783 0
932663927 0
932665975 0
932680439 0
932682359 0
932682487 0
932696695 0
932696823 0
932698743 0
932698871 0
974275093 0
974537239 0
974537303 0
974574103 0
974574167 0
974606935 0
974639703 0
981615125 0
981619221 0
981647893 0
981651989 0
981652117 0
981877271 0
981881367 0
981881431 0
981914263 0
982663701 0
982667797 0
982696469 0
982700693 0
982925847 0
982925911 0
982929943 0
982930007 0
982962711 0
982962775 0
982962839 0
982962903 0
982991447 0
991314455 0
991316503 0
991384151 0
998726231 0
999705111 0
999768663 0
999770711 0
999772759 0
1041646135 0
1041646199 0
1041650231 0
1041682999 0
1041683127 0
1041711735 0
1048986167 0
1048990263 0
1048990327 0
1049023031 0
1049023159 0
1050034743 0
1050034807 0
1050038839 0
1050071607 0
1050071735 0
1058493047 0
1058495095 0
1058525943 0
1065868023 0
1066883703 0
1066916599 0
1082261509 1
1082261764 0
1082261765 0
1082262021 0
1082265605 0
1082266117 0
1082277892 0
1082277893 3
1082278148 2
1082278149 3
1082278405 0
1082281989 0
1082282501 0
1082294660 0
1082299013 0
1082310661 0
1082310916 0
1082311044 0
1082523910 3
1082524167 2
1082540294 0
1082540551 0
1115815957 3
1115816212 2
1115816213 2
1115816469 0
1115832341 0
1115832596 0
1115832597 0
1115832853 0
1115836949 0
1115849108 0
1115853333 0
1115853461 0
1115865364 0
1115865492 0
1115865621 0
1115869845 0
1116078103 3
1116078358 3
1116078359 2
1116078615 2
1116082711 3
1116094487 0
1116094742 0
1116094743 0
1116094999 0
1116099095 0
1116111511 0
1116115607 3
1132923222 3
1132923223 2
1132923479 2
1149632551 0
1149632806 0
1149632807 0
1149633063 0
1149636647 0
1149637159 0
1149648935 3
1149649190 3
1149649191 3
1149649447 0
1149653031 0
1149653543 0
1149665702 0
1149681702 0
1149681703 0
1149681830 0
1149681831 0
1149681958 0
1149682086 0
1149686311 0
1149686439 0
1183186998 0
1183186999 0
1183187063 0
1183187254 0
1183187255 0
1183187511 0
1183187575 0
1183191095 0
1183191159 0
1183191607 2
1183191671 0
1183203383 3
1183203638 0
1183203639 3
1183203895 0
1183207479 2
1183207991 0
1183219766 0
1183219767 0
1183219830 0
1183219831 0
1183219894 0
1183219895 0
1183219958 0
1183219959 0
1183220022 0
1183220086 0
1183220150 0
1183220214 0
1183220279 0
1183220343 0
1183220407 0
1183220471 0
1183221174 0
1183223863 0
1183223927 0
1183223991 0
1183224055 0
1183224375 0
1183224439 0
1183224503 2
1183224567 0
1183236150 0
1183236151 0
1183236406 0
1183236534 0
1183240759 0
1183240887 0
1183252598 0
1183252599 0
1183253111 0
1183256695 0
1183257207 0
1183285366 0
1183285367 0
1183285494 0
1183285495 0
1183285622 0
1183285750 0
1183285879 0
1183286007 0
1183289463 0
1183289591 0
1183289975 0
1183290103 0
1199964470 0
1199964727 0
1199964791 0
1199966518 0
1199968375 0
1199968823 0
1199996982 0
1199996983 0
1199997046 0
1199997047 0
1199997110 0
1199997111 0
1199997174 0
1199997175 0
1199997238 0
1199997302 0
1199997366 0
1199997430 0
1199997495 0
1199997559 0
1200001079 0
1200001143 0
1200001207 0
1200001271 0
1200001591 0
1200001655 0
1200001719 0
1200001783 0
1200029815 0
1200030070 0
1200030327 0
1200031863 3
1200032118 3
1200032119 3
1200032375 3
1200034423 0
1200048759 0
1200056694 3
1200056695 3
1200056951 3
1200060535 2
1200061047 2
1200062582 0
1200062583 0
1200062710 0
1200062711 0
1200062838 0
1200062966 0
1200063095 0
1200063223 0
1200064759 3
1200065014 3
1200066679 0
1200066807 0
1200067191 0
1200067319 0
1200068855 2
1200069239 0
1200069367 2
1200077559 0
1216495876 0
1216528772 0
1250050069 0
1250050324 0
1250050325 0
1250050581 0
1250082965 0
1250083092 0
1250083220 0
1250087445 0
1250087573 0
1250312215 0
1250312470 0
1250312471 0
1250312727 0
1283866663 3
1283866918 3
1283866919 3
1283867175 3
1283899686 0
1283899814 0
1317421111 3
1317421366 3
1317421367 3
1317421623 2
1317425719 0
1317453879 0
1317454134 0
1317457975 0
1317458487 0
1317458615 0
1350701573 0
1384251925 0
1384256021 0
1384268309 0
1384272405 0
1384288917 0
1384305173 0
1384305301 0
1384514071 0
1384518167 3
1384530455 0
1384534551 0
1451622967 0
1451623031 0
1451627063 2
1451639351 0
1451643447 0
1451655735 0
1451655799 0
1451655863 0
1451659831 0
1451659895 0
1451659959 0
1451660023 0
1451676215 0
1451676343 0
1451688567 0
1451721335 0
1451725431 0
1451725559 0
1468400183 0
1468400247 0
1468432951 0
1468433015 0
1468433079 0
1468433143 0
1468437047 0
1468437111 0
1468437175 0
1468437239 0
1468465783 0
1468467831 0
1468498551 0
1468498679 0
1468500599 0
1468502647 0
1468502775 0
1468504695 0
1468504823 3
1468513015 0
1468514039 0
1518486037 0
1518522901 0
1518523029 0
1518748183 0
1585857079 0
1585893943 0
1652686869 0
1652687124 0
1652687125 0
1652687381 0
1652690965 0
1652691477 0
1652703253 0
1652703508 0
1652703509 0
1652703765 0
1652707861 0
1652719636 0
1652719637 0
1652719764 0
1652719765 0
1652719892 0
1652720020 0
1652720149 0
1652720277 0
1652723733 0
1652723861 0
1652724245 0
1652724373 0
1652725397 0
1652736020 0
1652736021 0
1652736148 0
1652736149 0
1652736276 0
1652736277 0
1652736404 0
1652736533 0
1652736661 0
1652740117 0
1652740245 0
1652740629 0
1652740757 0
1652949014 0
1652949015 0
1652949079 0
1652949270 0
1652949271 0
1652949334 0
1652949527 0
1652949591 0
1652953623 0
1652953687 0
1652965399 0
1652965463 0
1652965654 0
1652965655 0
1652965718 0
1652965719 0
1652965911 0
1652965975 0
1652970007 0
1652970071 0
1652981783 0
1652981911 0
1652982038 0
1652982039 0
1652982166 0
1652982230 0
1652982295 0
1652986391 0
1652986519 0
1652998614 0
1653002775 0
1653002903 0
1653014870 0
1653015127 0
1653019223 0
1653031254 0
1653031511 0
1653035607 0
1669726231 0
1669726486 0
1669726487 0
1669726743 0
1669728534 0
1669791831 0
1669792086 0
1669792087 0
1669792343 0
1669794134 0
1669794135 0
1669794391 0
1669796439 0
1669798487 0
1669808470 0
1669808727 0
1669810263 0
1669810518 0
1669810775 0
1669812823 0
1669814871 0
1669827159 0
1669829335 0
1669831383 0
1669831894 0
1669831895 0
1669832407 0
1669841111 0
1669843158 0
1669843159 0
1669845207 0
1669845719 0
1669847255 0
1669847767 0
1720057910 0
1720057911 0
1720058166 0
1720058167 0
1720058230 0
1720058423 0
1720058487 0
1720062007 0
1720062519 0
1720062583 0
1720074295 2
1720074359 0
1720074550 3
1720074551 3
1720074614 0
1720074615 0
1720074807 0
1720074871 0
1720078391 0
1720078903 0
1720078967 0
1720090678 0
1720090679 0
1720090743 0
1720090806 0
1720090807 0
1720090871 0
1720090934 0
1720090998 0
1720091062 0
1720091126 0
1720091191 0
1720091319 0
1720092086 0
1720094775 0
1720094903 0
1720094967 0
1720095287 0
1720095351 0
1720095415 0
1720095479 0
1720096439 0
1720107062 0
1720107063 0
1720107127 0
1720107190 0
1720107191 0
1720107318 0
1720107382 0
1720107446 0
1720107510 0
1720107575 0
1720107639 0
1720107703 0
1720111159 0
1720111287 0
1720111671 0
1720111735 0
1720111799 0
1720111863 0
1720123511 0
1720123766 0
1720124023 0
1720128119 0
1720139895 0
1720140150 0
1720140151 0
1720140407 0
1720144503 0
1720156279 0
1720156407 0
1720156534 0
1720156662 0
1720160887 0
1720161015 0
1720172918 0
1720173046 0
1720177271 0
1720177399 0
1736835127 0
1736835382 0
1736837494 0
1736841335 0
1736867894 0
1736867895 0
1736867958 0
1736868150 0
1736868214 0
1736868278 0
1736870006 0
1736870007 0
1736870135 0
1736870262 0
1736870390 0
1736871991 0
1736872503 0
1736872567 0
1736872631 0
1736874039 0
1736874103 0
1736874551 0
1736874615 0
1736874679 0
1736882743 0
1736900727 0
1736900982 0
1736900983 0
1736901239 0
1736903030 0
1736903287 0
1736905335 0
1736906871 0
1736907383 0
1736917111 0
1736917366 0
1736917367 0
1736917623 0
1736919414 0
1736919671 0
1736921719 0
1736923767 0
1736931959 0
1736933494 0
1736933495 0
1736933623 0
1736933750 0
1736933878 0
1736934007 0
1736935542 0
1736935543 0
1736935798 0
1736937591 0
1736938103 0
1736938231 0
1736939639 0
1736940151 0
1736940279 0
1736943863 0
1736948343 0
1736948471 0
1736949495 0
1736950007 0
1736950134 0
1736950262 0
1736950519 0
1736952055 0
1736952182 0
1736952310 0
1736952567 0
1736954615 0
1736956663 0
1736960502 0
1736964855 0
1786920981 0
1786921236 0
1786921237 0
1786921493 0
1786925589 0
1786954004 0
1786954132 0
1786954261 0
1786954900 0
1786955156 0
1786958357 0
1786958485 0
1787183127 0
1787183191 0
1787183382 0
1787183383 0
1787183446 0
1787183447 0
1787183639 0
1787183703 0
1787187735 0
1787187799 0
1787220503 0
1787248982 0
1787249239 0
1787253335 0
1803962646 0
1804026198 0
1804026455 0
1804028246 0
1804028247 0
1804028503 0
1804032599 0
1854292023 3
1854292087 0
1854292278 3
1854292279 3
1854292342 0
1854292535 3
1854292599 0
1854296631 0
1854296695 0
1854324791 0
1854324918 0
1854325046 0
1854325174 0
1854329015 0
1854329399 0
1854329527 0
1854357878 0
1871135094 0
1871135095 0
1871135351 0
1871137142 0
1871137143 0
1871137399 0
1871139447 0
1871141495 0
1871170167 0
1871174263 0
1921122837 0
1921126933 0
1921139221 0
1921143317 0
1921155605 0
1921159701 0
1921159829 0
1921160853 0
1921176085 0
1921176213 0
1921384983 0
1921389079 0
1921389143 0
1921401367 0
1921405463 0
1921405527 0
1921421847 0
1921421975 0
1921422999 0
1921454679 0
1921471063 0
1921503959 0
1938166295 0
1938227799 0
1938229847 0
1938231895 0
1938233943 0
1938244183 0
1938248279 0
1938250327 0
1938266839 0
1938281175 0
1938283223 0
1988493879 0
1988493943 0
1988497975 0
1988498039 0
1988510263 0
1988510327 0
1988514359 0
1988514423 0
1988526647 0
1988530743 0
1988530871 0
1988530935 0
1988547127 0
1988547191 0
1988547255 0
1988547319 0
1988563575 0
1988579959 0
1988596343 0
1988596471 0
1988597495 0
2005338743 0
2005340791 0
2005342839 0
2005353079 0
2005357175 0
2005359223 0
2005373687 0
2005375607 0
2005375735 0
2005384951 0
2005392119 0
2055356949 0
2055361045 0
2055389717 0
2055393813 0
2055393941 0
2055619095 0
2055619159 0
2055623191 0
2055623255 0
2055688791 0
2122727991 0
2122732087 0
2122732151 0
2122764855 0
2122764919 0
2122764983 0
2122830583 0
2139574903 0
2139576951 0
2424967685 0
2425229831 2
2451178005 0
2451182101 0
2451194389 3
2451198485 0
2451214869 0
2451231253 0
2451231381 0
2451440151 0
2451444247 0
2451456535 0
2451460631 3
2451493527 0
2451526231 0
2458518037 0
2458522133 0
2458534421 0
2458538517 0
2458571413 0
2458784279 0
2458800663 3
2458866263 0
2458899159 0
2459058709 0
2459566613 0
2459570709 0
2459582997 0
2459587093 1
2459619989 0
2459832855 0
2459849239 3
2459914839 0
2459947735 0
2468219415 3
2468303447 0
2468305495 0
2475643479 0
2475645527 0
2476671575 3
2476692055 0
2476726871 0
2485047975 0
2492389031 0
2493436583 0
2509231847 0
2518024759 0
2518024823 0
2518057527 0
2518549047 0
2518585911 0
2518585975 0
2518586039 0
2518586103 0
2518602295 0
2518602423 0
2518651511 0
2518651639 0
2518652663 0
2518668023 0
2525364791 0
2525364855 0
2525397559 0
2525889079 0
2525909559 0
2525925943 0
2525926007 0
2525926071 0
2525926135 0
2525942327 0
2525958775 0
2525991543 0
2525991671 0
2526007927 0
2526008055 0
2526413367 0
2526413431 0
2526446135 0
2526446199 0
2526446263 0
2526937655 0
2526937719 0
2526941751 2
2526958135 0
2526974519 0
2526974583 0
2526974647 0
2526974711 0
2527007351 0
2527040119 0
2527040247 0
2527056503 0
2527056631 0
2534801975 0
2534802039 0
2534867575 0
2534900343 0
2535363127 0
2535363191 0
2535363255 0
2535363319 0
2535398007 0
2535414391 0
2535428727 0
2535428855 0
2535430775 0
2535430903 0
2535440119 0
2535445111 0
2535445239 0
2535447159 0
2535447287 0
2542142007 0
2542142071 0
2542174775 0
2542174839 0
2542207607 0
2542240375 0
2542666359 0
2542699127 0
2542703159 0
2542703223 0
2542703287 0
2542703351 0
2542731895 0
2542746231 2
2542764663 0
2542764791 0
2542768759 0
2542768887 0
2542769911 0
2542770935 2
2542785143 0
2542785271 0
2542787191 0
2542787319 0
2542788343 0
2542795511 3
2542796535 0
2543190583 0
2543190647 0
2543223351 0
2543223415 0
2543227639 0
2543256183 0
2543288951 0
2543293175 0
2543714871 0
2543751735 0
2543751799 0
2543751863 0
2543751927 0
2543780471 0
2543794807 0
2543800951 0
2543802999 0
2543813239 0
2543813367 0
2543817335 0
2543817463 0
2543819511 0
2543833719 0
2543833847 0
2543835767 0
2543835895 0
2543836919 0
2543844087 3
2543845111 0
2559201797 0
2585412117 0
2585416213 0
2585448981 0
2585449109 0
2585450133 0
2585678359 0
2585711255 0
2592752149 0
2592756245 0
2592789013 0
2592789141 0
2593018391 0
2593051159 0
2593083991 0
2593116759 0
2593800725 0
2593804821 0
2593837589 0
2594066967 0
2594099735 0
2594165335 0
2594165463 3
2602521175 0
2602523223 0
2602553943 3
2602554071 2
2602555991 3
2602556119 0
2609861207 0
2609863255 0
2609893975 0
2609894103 0
2609896023 0
2609896151 0
2610909783 0
2610911831 0
2610942551 1
2610942679 0
2610944599 0
2610944727 0
2626606759 0
2626606823 0
2627654311 0
2643449575 0
2652820151 0
2652885623 0
2652885751 0
2660160183 0
2660225783 0
2661208631 0
2661208759 0
2661274359 0
2669632119 0
2669662839 0
2669662967 0
2669664887 0
2669665015 0
2669666039 0
2669674231 2
2676980343 0
2677002871 0
2677002999 0
2677004919 0
2677005047 0
2677006071 0
2677013111 0
2677013239 0
2677014263 1
2678051447 0
2678051575 0
2678052599 0
2678053495 0
2678053623 0
2678054647 3
2678061815 0
2678062839 3
2988048917 0
2988053013 0
2988065301 0
2988069397 0
2988102293 0
2988311063 0
2988315159 0
2988327447 0
2988331543 0
2988331607 0
2988348055 0
2988348119 0
2988364439 0
2988380759 0
2988393047 0
2988397143 0
2988413655 0
2995388949 0
2995393045 0
2995405333 0
2995409429 0
2995425813 0
2995425941 0
2995442197 0
2995442325 0
2995651095 0
2995655191 0
2995655255 0
2995667479 0
2995671575 0
2995671639 0
2995687959 0
2995688087 0
2995688151 0
2995704343 0
2995704471 0
2995720791 0
2995737175 0
2995753559 0
2995753687 0
2995769943 0
2995770071 0
2995929621 0
2996437525 0
2996441621 0
2996453909 0
2996458005 0
2996474389 0
2996474517 0
2996490901 0
2996699671 0
2996699735 0
2996703767 0
2996703831 0
2996716055 0
2996716119 0
2996720151 0
2996720215 0
2996736535 0
2996736663 0
2996752983 0
2996753047 0
2996753111 0
2996765271 0
2996769367 0
2996781655 0
2996785751 0
2996802263 0
3005088279 0
3005090327 0
3005092375 0
3005094423 0
3005104663 0
3005157975 0
3005160023 0
3005170263 0
3005174359 0
3005176407 0
3012432407 0
3012495959 0
3012498007 0
3012500055 0
3012514391 0
3012516439 0
3012532823 0
3012549335 0
3013483031 0
3013542487 0
3013544535 0
3013546583 0
3013548631 0
3013560919 0
3013562967 0
3013565015 0
3013595735 0
3013597911 0
3054895735 0
3054912119 0
3055424055 0
3055424119 0
3055440439 0
3055440503 0
3055456823 0
3055456951 0
3055457015 0
3055473207 0
3055473271 0
3055473335 0
3055473399 0
3055489655 0
3055506039 0
3055522551 0
3055538807 0
3055538935 0
3062235703 0
3062764087 0
3062764151 0
3062780471 0
3062780535 0
3062796855 0
3062796919 0
3062796983 0
3062797047 0
3062813239 0
3062813367 0
3062813431 0
3062829687 0
3062846071 0
3062862455 0
3062862583 0
3062878839 0
3062878967 0
3062879991 0
3063284279 0
3063317047 0
3063337655 0
3063808567 0
3063812663 0
3063812727 0
3063829047 0
3063829111 0
3063845431 0
3063845495 0
3063845559 0
3063845623 0
3063861815 0
3063861879 0
3063861943 1
3063862007 0
3063862967 2
3063878263 0
3063894647 0
3063911031 0
3063911159 0
3063927543 0
3063928567 0
3072268919 0
3072283255 0
3072285303 0
3072293495 0
3072299767 0
3072301815 0
3072316151 0
3072317175 0
3072318071 0
3072318199 0
3072319223 0
3079606903 0
3079608951 0
3079623287 0
3079625335 0
3079639671 0
3079639799 0
3079641719 0
3079641847 0
3079642871 0
3079650039 0
3079656183 0
3079657207 0
3079658103 0
3079658231 0
3079659255 0
3079666423 0
3079667447 0
3080655479 0
3080657527 0
3080665719 0
3080671863 0
3080673911 0
3080682103 0
3080690423 0
3080691447 0
3080698615 0
3080704759 0
3080705783 0
3080706679 0
3080706807 0
3080707831 0
3080714999 0
3080716023 0
3122283029 0
3122287125 0
3122319893 0
3122549271 0
3122549335 0
3122582039 0
3122582167 0
3122614871 0
3122647639 0
3122647767 0
3129623061 0
3129627157 0
3129659925 0
3129660053 0
3129885271 0
3129889303 0
3129889367 0
3129922071 0
3129922199 0
3129954903 0
3129987671 0
3129987799 0
3130147349 0
3130671637 0
3130675733 0
3130708501 0
3130708629 0
3130933783 0
3130933847 0
3130937879 0
3130937943 0
3130970647 0
3131003479 0
3131036247 0
3131036375 0
3139392087 0
3139394135 0
3139424983 0
3146732119 0
3146764887 0
3146765015 0
3146768087 0
3147780695 0
3147782743 0
3147813463 0
3189129847 0
3189658167 0
3189690935 0
3189723767 0
3189756535 0
3189757687 0
3196998199 0
3197031159 0
3197096567 0
3197096695 0
3197097719 0
3197518391 0
3198046775 0
3198079671 0
3198079735 0
3198112375 0
3198145271 0
3198146295 0
3206500983 0
3206533879 0
3206535927 0
3206536951 0
3206544119 0
3213841015 0
3213843063 0
3213851255 0
3213873911 0
3213874935 0
3213875831 0
3213875959 0
3213876983 0
3213884151 0
3213885175 0
3214889591 0
3214922487 0
3214923511 0
3214924535 0
3214925559 0
3214932727 0
3214933751 0
3229762053 2
3230269700 0
3230285829 0
3230286084 0
3230286341 3
3230289925 0
3230290437 0
3230302596 0
3230318596 0
3230318724 0
3230318725 0
3230318852 0
3230318980 0
3230323333 1
3230531591 3
3230531846 3
3230531847 3
3230532103 3
3230536199 3
3230547975 0
3230548230 0
3230552583 0
3230564358 3
3230564359 3
3230564614 3
3230564871 3
3230568967 3
3230580742 0
3230580743 0
3230580871 0
3230585351 0
3230585479 0
3230613830 0
3230646726 0
3263823893 0
3263824148 0
3263824149 0
3263824405 0
3263828501 0
3263840276 3
3263840277 2
3263840532 3
3263840533 3
3263840789 3
3263844373 3
3263844885 3
3263861269 0
3264086039 1
3264086551 0
3264090647 3
3264102423 0
3264102678 3
3264102935 0
3264106519 0
3264107031 3
3264123543 3
3264172631 0
3280931415 2
3280949847 0
3280984791 0
3297137191 3
3297657126 0
3297657383 0
3297689638 0
3297689639 0
3297689894 0
3297694375 0
3297695399 0
3330671159 0
3330671223 0
3330691639 3
3330703414 0
3330703415 0
3330703479 0
3330703927 0
3330703991 0
3330708087 0
3330769015 0
3330769527 0
3330773751 0
3331195190 0
3331195447 0
3331199543 3
3331211574 3
3331215927 3
3331227702 0
3331227703 0
3331227766 0
3331227767 0
3331227830 0
3331227831 0
3331227894 0
3331227895 0
3331227958 0
3331228022 0
3331228086 0
3331228150 0
3331228215 0
3331228279 0
3331228343 0
3331228407 0
3331231799 0
3331231863 0
3331231927 0
3331231991 0
3331232311 0
3331232375 0
3331232439 0
3331232503 0
3331244087 0
3331244342 0
3331244470 0
3331260790 0
3331277431 0
3331281527 0
3331293302 0
3331293303 0
3331293430 0
3331293431 0
3331293558 0
3331293686 0
3331293815 0
3331293943 0
3331297399 0
3331297527 0
3331297911 0
3331298039 0
3331314423 0
3347448375 0
3347448439 0
3347481143 0
3347481207 0
3347513975 0
3347546743 0
3347550839 0
3348004918 0
3348004919 0
3348004982 0
3348004983 0
3348005046 0
3348005047 0
3348005110 0
3348005111 0
3348005238 0
3348005302 0
3348005366 0
3348005495 0
3348005559 0
3348005623 0
3348009015 0
3348009079 0
3348009143 0
3348009207 0
3348009527 0
3348009591 0
3348009655 0
3348009719 0
3348038006 0
3348038263 0
3348044407 2
3348048503 0
3348064375 0
3348064630 3
3348064887 0
3348068471 2
3348068983 1
3348070518 0
3348070519 0
3348070646 0
3348070647 0
3348070774 0
3348070902 0
3348071031 0
3348071159 0
3348073207 0
3348074615 0
3348074743 0
3348075127 0
3348075255 0
3348077175 0
3348077303 0
3348085495 0
3348086519 0
3348091511 0
3348091639 0
3348093559 0
3348093687 0
3348097143 0
3348101751 0
3348101879 3
3348102903 0
3364503556 0
3364503812 0
3364507653 0
3364508165 0
3364536452 0
3364536453 0
3364540933 3
3364541061 3
3364799622 0
3364799623 0
3364803207 2
3364804231 0
3398058005 0
3398058260 0
3398058261 0
3398058517 0
3398062101 0
3398062613 0
3398095381 3
3398320151 0
3398320406 0
3398320663 0
3398324759 0
3398357527 0
3398423127 0
3398423255 3
3415167575 0
3415200471 0
3431907622 0
3431912103 3
3431913127 0
3465495159 0
3465499255 0
3465532151 0
3482272375 0
3482274423 0
3482276471 0
3482278519 0
3482282615 0
3482286711 0
3482309239 0
3482309367 0
3482311287 0
3482311415 0
3482312439 0
3482319607 0
3482320631 2
3498705413 3
3498988039 0
3532259861 0
3532263957 0
3532276245 0
3532280341 3
3532526103 3
3532542487 3
3532558999 0
3532608087 0
3549387351 0
3566129831 0
3566130855 0
3582973671 0
3582975719 0
3599106615 0
3599106679 0
3599139383 0
3599139511 0
3599143671 0
3599172215 0
3599204983 0
3599630903 0
3599651383 0
3599663671 0
3599667767 0
3599667831 0
3599667895 0
3599667959 0
3599684279 3
3599733367 0
3599733495 0
3599734519 0
3599749879 0
3615883831 0
3615883895 0
3615916599 0
3615916663 0
3615949431 0
3615982199 0
3615986295 0
3616408119 0
3616408183 0
3616444983 0
3616445047 0
3616445111 0
3616445175 0
3616473719 0
3616494199 0
3616506615 0
3616510583 0
3616510711 0
3616512631 0
3616512759 0
3616526967 0
3616527095 0
3616529015 0
3616529143 0
3616530167 0
3616537335 3
3616538359 0
3666493973 0
3666498069 0
3666530837 0
3666760215 0
3666858583 0
3666858711 0
3683635799 0
3683635927 0
3700347559 2
3700348583 0
3717191399 0
3733869111 0
3733967607 0
3750711927 0
3750713975 0
3750744695 0
3750744823 0
3750746743 0
3750746871 0
3750747895 0
3750755063 0
3750756087 3
3800171029 0
3800187156 0
3800187413 0
3800694804 0
3800694805 0
3800695060 0
3800695061 0
3800695317 0
3800698901 0
3800699413 0
3800711188 0
3800711189 0
3800711444 0
3800711445 0
3800711701 0
3800715285 0
3800715797 0
3800727828 0
3800732181 0
3800732309 0
3800743956 0
3800744085 0
3800744212 0
3800744340 0
3800744469 0
3800748565 0
3800748693 0
3800956950 0
3800956951 0
3800957014 0
3800957015 0
3800957206 0
3800957207 0
3800957270 0
3800957271 0
3800957463 0
3800957527 0
3800961047 0
3800961111 0
3800961559 0
3800961623 0
3800973334 0
3800973335 0
3800973398 0
3800973399 0
3800973590 0
3800973591 0
3800973654 0
3800973655 0
3800973847 0
3800973911 0
3800977431 0
3800977495 0
3800977943 0
3800978007 0
3800989718 0
3800989719 0
3800989782 0
3800989783 0
3800989846 0
3800989911 0
3800989974 0
3800990038 0
3800990102 0
3800990166 0
3800990231 0
3800990295 0
3800993815 0
3800993879 0
3800994327 0
3800994391 0
3800994455 0
3800994519 0
3801006102 0
3801006103 0
3801006166 0
3801006230 0
3801006358 0
3801006486 0
3801010711 0
3801010775 0
3801010839 0
3801010903 0
3801022550 0
3801022551 0
3801022806 0
3801023063 0
3801026647 0
3801027159 0
3801038935 0
3801039190 0
3801039191 0
3801039447 0
3801043030 0
3801043031 0
3801043543 0
3801055446 0
3801055574 0
3801055702 0
3801059927 0
3801060055 0
3801071703 0
3801071958 0
3801072086 0
3801076311 0
3801076439 0
3817734167 0
3817734422 0
3817734679 0
3817736470 0
3817740823 0
3817799766 0
3817799767 0
3817800022 0
3817800279 0
3817801815 0
3817802070 0
3817802071 0
3817802327 0
3817803863 0
3817804375 0
3817805911 0
3817806423 0
3817816150 0
3817816151 0
3817816406 0
3817816663 0
3817818454 0
3817818711 0
3817820247 0
3817820759 0
3817822807 0
3817832534 0
3817832535 0
3817834583 0
3817835223 0
3817836631 0
3817837143 0
3817837271 0
3817839191 0
3817839319 0
3817840343 0
3817849047 0
3817850967 0
3817851222 0
3817852631 0
3817853527 0
3817853655 0
3817855575 0
3817855703 0
3817856727 0
3867541559 0
3867541814 0
3867541815 0
3867542071 0
3867558198 0
3867558455 0
3867562551 3
3867574839 0
3868065846 0
3868065847 0
3868065911 0
3868066102 0
3868066166 0
3868066359 0
3868066423 0
3868069943 0
3868070007 0
3868070455 0
3868070519 0
3868082230 0
3868082231 0
3868082294 0
3868082295 0
3868082486 0
3868082550 0
3868082743 0
3868082807 0
3868086327 0
3868086839 0
3868086903 0
3868098614 0
3868098615 0
3868098678 0
3868098679 0
3868098742 0
3868098743 0
3868098870 0
3868098998 0
3868099062 0
3868099127 0
3868099255 0
3868099766 0
3868099767 0
3868100022 0
3868102710 0
3868102711 0
3868102839 0
3868102903 0
3868103223 0
3868103287 0
3868103351 0
3868103415 0
3868103862 0
3868103863 0
3868114998 0
3868114999 0
3868115062 0
3868115063 0
3868115126 0
3868115127 0
3868115190 0
3868115254 0
3868115318 0
3868115382 0
3868115446 0
3868115511 0
3868115639 0
3868119095 0
3868119159 0
3868119223 0
3868119607 0
3868119671 0
3868119735 0
3868119799 0
3868131446 0
3868131447 0
3868131959 0
3868135543 0
3868136055 0
3868147831 0
3868148086 0
3868148343 0
3868151927 0
3868152439 0
3868164214 0
3868164342 0
3868164343 0
3868164470 0
3868164598 0
3868168438 0
3868168439 0
3868168823 0
3868168951 0
3868180598 0
3868180726 0
3868180727 0
3868180854 0
3868180982 0
3868184695 0
3868184822 0
3868184823 0
3868185207 0
3868185335 0
3868185847 0
3868186359 0
3884875831 0
3884875958 0
3884875959 0
3884876214 0
3884876278 0
3884876471 0
3884878070 0
3884878071 0
3884878326 0
3884880055 0
3884880439 0
3884880567 0
3884880631 0
3884882167 0
3884882487 0
3884882615 0
3884882679 0
3884890807 0
3884908662 0
3884908663 0
3884908918 0
3884909175 0
3884910711 0
3884910966 0
3884911223 0
3884912758 0
3884912759 0
3884913271 0
3884915319 0
3884919415 0
3884925046 0
3884925047 0
3884925302 0
3884925559 0
3884927095 0
3884927350 0
3884927607 0
3884929143 0
3884929655 0
3884931703 0
3884935799 0
3884939895 0
3884941430 0
3884941431 0
3884941558 0
3884941559 0
3884941686 0
3884941814 0
3884942071 0
3884943478 0
3884943479 0
3884943606 0
3884943607 0
3884943862 0
3884944119 0
3884945143 0
3884945655 0
3884946039 0
3884946167 0
3884947575 0
3884947703 0
3884948087 0
3884948215 0
3884949239 0
3884956279 0
3884956407 0
3884957431 0
3884957814 0
3884957815 0
3884957943 0
3884958070 0
3884958198 0
3884959990 0
3884959991 0
3884960118 0
3884960246 0
3884960503 0
3884962423 0
3884962551 0
3884963575 0
3884964086 0
3884964087 0
3884964471 0
3884964599 0
3884965110 0
3884965111 0
3884965623 0
3884969207 0
3884972791 0
3884973815 0
3934405141 0
3934928916 0
3934928917 0
3934929172 0
3934929173 0
3934929429 0
3934933013 0
3934933525 0
3934961940 0
3934962068 0
3934962325 0
3934966293 0
3934966421 0
3935191062 0
3935191063 0
3935191126 0
3935191127 0
3935191318 0
3935191319 0
3935191382 0
3935191383 0
3935191575 0
3935191639 0
3935195159 0
3935195223 0
3935195671 0
3935195735 0
3935224407 0
3935228439 0
3935228567 0
3935256663 0
3935256918 0
3935256919 0
3935257175 0
3935261271 0
3935289686 0
3935290071 0
3935294039 0
3935294167 0
3951968534 0
3952034134 0
3952035926 0
3952035927 0
3952036182 0
3952038487 0
3952040535 0
3952068950 0
3952071255 0
3952071383 0
3952073303 0
3952073431 0
3952074455 0
4001776183 0
4002299959 0
4002300214 0
4002304055 0
4002304567 0
4002304631 0
4002332854 0
4002332982 0
4002333110 0
4002337463 0
4002337527 0
4002370167 0
4002398326 0
4002398327 0
4002398454 0
4002398455 0
4002398582 0
4002398710 0
4002399734 0
4002402550 0
4002402551 0
4002402935 0
4002403063 0
4002404087 0
4019143287 0
4019144822 0
4019145335 0
4019147383 0
4019149431 0
4019157623 0
4019176695 0
4019179255 0
4019180151 0
4019180279 0
4019180791 0
4019181303 0
4019182327 0
4019182839 0
4019183351 0
4019190007 0
4019190519 0
4019191543 0
4069130773 0
4069134869 0
4069147157 0
4069151253 0
4069167637 0
4069167765 0
4069184021 0
4069184149 0
4069392919 0
4069397015 0
4069397079 0
4069409303 0
4069409367 0
4069413399 0
4069413463 0
4069429783 0
4069429911 0
4069429975 0
4069446167 0
4069446231 0
4069446295 0
4069446359 0
4069462615 0
4069478999 0
4069495383 0
4069495511 0
4069496535 0
4069511767 0
4069511895 0
4086174231 0
4086235735 0
4086239831 0
4086241879 0
4086256215 0
4086258263 0
4086272599 0
4086272727 0
4086274647 0
4086274775 0
4086275799 0
4086288983 0
4086289111 0
4086291031 0
4086291159 0
4086292183 0
4135977527 0
4135993911 0
4136010295 0
4136505911 0
4136505975 0
4136522295 0
4136522359 0
4136538679 0
4136538743 0
4136538807 0
4136538871 0
4136555063 0
4136555127 0
4136555191 0
4136555255 0
4136571511 0
4136587895 0
4136604279 0
4136604407 0
4136620663 0
4136620791 3
4136621815 0
4153348727 0
4153350775 0
4153365111 0
4153367159 0
4153375351 0
4153381495 0
4153381623 0
4153382647 0
4153383543 0
4153383671 0
4153384695 0
4153391735 0
4153392887 0
4153397879 0
4153398007 0
4153399031 0
4153399927 0
4153400055 0
4153401079 0
4153408247 0
4153409271 0
4202840597 0
4203364885 0
4203368981 0
4203401749 0
4203401877 0
4203631127 0
4203631191 0
4203663895 0
4203664023 0
4203664087 0
4203696727 0
4203729495 0
4203729623 0
4220473943 0
4220475991 0
4220506711 0
4220509911 0
4270211639 0
4270740023 0
4270740087 0
4270772919 0
4270772983 0
4270805623 0
4270838391 0
4270838519 0
4270839543 0
4287582839 0
4287584887 0
4287615735 0
4287616759 0
4287617783 0
4287618807 0
4287625847 0
4287625975 0
4287626999 0
4564455949 0
4564582917 0
4564587013 1
4564587021 0
4568646157 0
4568650253 0
4568781325 0
4570747405 0
4572975621 0
4572975629 0
4598022677 0
4598022685 0
4598043285 0
4598059669 0
4598137365 0
4598153749 0
4598157845 0
4598174357 0
4598190613 0
4598190741 0
4598190749 0
4598268439 0
4598284823 0
4598284831 2
4598399511 0
4598415895 0
4598415903 2
4598419991 0
4598452887 0
4602200597 0
4602216981 0
4602216989 0
4602462743 0
4602466839 0
4602479127 0
4602479135 3
4602483223 0
4602516127 0
4602647199 0
4615144031 3
4665377335 0
4665377343 0
4665397823 0
4665430583 0
4665430711 0
4665508407 0
4665508415 0
4665508471 0
4665512503 3
4665524791 0
4665528887 0
4665541175 0
4665545271 0
4665545279 0
4665545335 0
4665545343 0
4665545399 3
4665545407 0
4665545463 0
4665545471 0
4665561655 0
4665561783 0
4665561791 0
4665610871 0
4665610879 0
4665610999 0
4665611007 0
4667494975 0
4669592119 0
4669592127 0
4669608511 0
4669608575 0
4669608639 0
4669608703 0
4669625023 0
4669674111 0
4669674239 0
4669739583 0
4669739647 0
4669739711 0
4669739775 0
4669756095 0
4669805183 0
4669805311 0
4671672895 0
4671705663 0
4671705727 0
4671705791 0
4671705855 0
4671771263 0
4671771391 0
4682220159 0
4682285623 0
4682285631 0
4682285687 0
4682322487 0
4682322495 0
4682322551 0
4682322559 0
4682322615 0
4682322679 0
4682322687 0
4682351223 0
4682351231 0
4682357367 0
4682383991 0
4682388087 0
4682388095 0
4682388215 0
4682388223 0
4682390135 0
4682390263 0
4686385727 0
4686385791 0
4686385855 0
4686385919 0
4686451327 0
4686451455 0
4686516863 0
4686516991 0
4686582399 0
4686582527 0
4688450175 0
4688482879 0
4688482943 0
4688483007 0
4688483071 0
4688515711 0
4688548479 0
4688548607 0
4732240413 0
4732371477 0
4732408341 0
4732502551 0
4732502559 0
4732633623 0
4732637719 0
4736434709 0
4736434717 0
4736696855 0
4736696863 0
4736864799 0
4736864927 0
4799611455 0
4799648311 0
4799746615 0
4799779383 0
4803809847 0
4803842751 0
4803973823 0
4816585335 0
5134893589 0
5134897685 0
5134914197 0
5134930581 0
5135008277 0
5135024661 0
5135028757 0
5135061653 0
5135061661 0
5135139351 0
5135155735 0
5135155743 0
5135159839 0
5135270423 0
5135286807 0
5135290903 0
5135290911 0
5135356503 0
5135356511 0
5139087893 0
5139091989 0
5139333655 0
5139333663 0
5139337751 0
5139350039 0
5139350047 0
5139354135 0
5139534431 0
5151916567 0
5151932951 0
5151998559 0
5152000607 0
5152047639 0
5152049687 0
5152053791 0
5152064023 0
5152066071 0
5152113239 0
5156110871 0
5156127255 0
5156129303 0
5156311647 0
5202248311 0
5202264639 0
5202285183 0
5202285247 0
5202286271 0
5202301623 0
5202301631 0
5202301695 0
5202350719 0
5202367223 0
5202379319 0
5202379383 0
5202383415 0
5202395703 0
5202399799 0
5202399807 0
5202416311 0
5202416319 0
5202416375 0
5202432567 0
5202432631 0
5202432639 0
5202432695 0
5202432703 0
5202432759 0
5202432767 0
5202444919 0
5202449015 0
5202461303 0
5202465399 2
5202481783 0
5202481911 0
5204382399 0
5206446655 0
5206463031 0
5206463039 0
5206479423 0
5206479551 0
5206495807 0
5206495871 0
5206495935 0
5206495999 0
5206577727 0
5206627007 0
5208576703 0
5210822327 0
5219130111 0
5219144439 0
5219222135 0
5219226231 0
5219232375 0
5219242615 0
5219242623 0
5219258999 0
5219259127 0
5219259135 0
5219260151 0
5219260159 0
5219261175 0
5219261183 0
5219275383 0
5219275511 0
5223471871 0
5269111325 0
5269242389 0
5269279381 0
5269373463 0
5269373471 0
5269504535 0
5269541535 0
5269570135 0
5269574231 0
5273305621 0
5273567767 0
5273567775 0
5273571863 0
5273604767 0
5286281751 0
5286283799 0
5286347351 0
5290347031 0
5336482367 0
5336486463 0
5336519231 0
5336519359 0
5336584831 0
5336617527 0
5336617535 0
5336650295 0
5336650303 0
5336650423 0
5336650431 0
5336650487 0
5336650495 0
5336651455 0
5336716023 0
5338583615 0
5340680759 0
5340680767 0
5340713663 0
5340713727 0
5353325183 0
5353458295 0
5353460343 0
5353495295 0
6216356375 0
6712628877 0
6712645261 0
6746030613 0
6746030621 3
6746145301 3
6746149397 0
6746161685 3
6746161693 3
6746165781 0
6746165789 0
6746198549 0
6746198557 0
6746198677 0
6746198685 0
6746292767 2
6746296855 0
6746296863 3
6746407447 0
6746411543 0
6746423831 0
6746427927 2
6746427935 3
6746460823 0
6746460831 0
6746493527 0
6746493535 0
6746526423 0
6750208533 0
6750212629 0
6750224917 0
6750224925 3
6750229013 0
6750229021 3
6750245405 2
6750245533 0
6750246557 0
6750261789 3
6750261917 0
6750262941 0
6750360085 0
6750376605 0
6750392861 0
6750392989 0
6750474775 3
6750474783 3
6750487071 2
6750491159 0
6750491167 3
6750507679 3
6750523935 3
6750524063 0
6750525087 0
6750590687 0
6750622231 0
6750622239 3
6750655007 0
6750655127 0
6750655135 0
6752322077 3
6752326173 3
6752358941 3
6752567839 2
6752571935 3
6752588319 3
6752604703 2
6752604831 3
6752621087 3
6763186711 3
6763270743 0
6763303639 0
6767249943 3
6767352415 3
6767366879 0
6767367903 0
6767497951 0
6780015271 0
6780015279 0
6780015335 0
6780016303 0
6787356327 0
6788404903 0
6801053423 0
6801054447 0
6804199143 0
6805247719 0
6805247727 0
6809442031 0
6812992055 0
6813438647 0
6813504247 0
6813505279 0
6813536823 0
6813536831 0
6813553207 0
6813553215 0
6813553271 0
6813553279 0
6813553335 0
6813553343 0
6813553399 0
6813553407 0
6813554367 0
6813569591 0
6813569599 0
6813569719 0
6813570751 0
6813618807 0
6813618815 0
6813618935 0
6813618943 0
6813619959 0
6813619967 0
6813635191 0
6813635199 0
6813635319 0
6813635327 0
6813636351 0
6817600055 0
6817616447 0
6817616511 0
6817616575 0
6817616639 0
6817632959 0
6817633983 0
6817682047 0
6817682175 0
6817683199 0
6817698551 0
6817698559 0
6817699583 0
6817747519 0
6817747583 0
6817747647 0
6817747711 0
6817748671 0
6817763903 0
6817764031 0
6817813119 0
6817813247 0
6817814271 0
6817829623 0
6817829631 0
6817830655 0
6819680831 0
6819680895 0
6819713599 0
6819713663 0
6819713727 0
6819713791 0
6819730111 3
6819746431 0
6819762815 3
6819779199 0
6819779327 0
6819795711 0
6821941943 0
6821942007 0
6822007543 0
6829834871 0
6830281463 0
6830281471 0
6830282495 0
6830283511 0
6830283519 0
6830330423 0
6830330431 0
6830330487 0
6830330495 0
6830330551 0
6830330559 0
6830330615 0
6830330623 0
6830363255 0
6830365303 0
6830389887 2
6830396023 0
6830396031 0
6830396151 0
6830396159 0
6830398071 0
6830398199 0
6830398207 0
6830412407 0
6830412415 0
6830412535 0
6830412543 0
6830413559 0
6830413567 0
6830414455 0
6830414463 0
6830414583 0
6830414591 0
6830415607 0
6830415615 0
6830422775 1
6830422783 3
6830423799 0
6830423807 0
6832380671 0
6832381695 0
6832512767 0
6833869567 0
6833934975 0
6833935103 0
6834393663 0
6834393727 0
6834393791 0
6834393855 0
6834426495 0
6834442879 3
6834459263 0
6834459391 0
6834460415 0
6834461439 0
6834470655 3
6834475767 0
6834475775 0
6834476799 0
6834477815 0
6834477823 0
6834478839 0
6834478847 0
6834486007 0
6834486015 3
6834487031 0
6834487039 3
6834524799 0
6834524863 0
6834524927 0
6834590335 0
6834590463 0
6834591487 0
6834593535 0
6834601727 3
6834606839 0
6834606847 0
6834607871 0
6834608887 0
6834608895 0
6834609911 0
6834609919 0
6834617087 0
6834618103 0
6834618111 0
6836458111 0
6836490815 0
6836490879 0
6836490943 0
6836491007 0
6836523647 0
6836540031 3
6836542079 2
6836556415 0
6836556543 0
6836567807 3
6836572927 0
6836574975 0
6836583167 3
6836584191 3
6836715263 0
6837755639 0
6837763831 0
6837763839 0
6838784759 0
6838801143 0
6838803191 0
6838804215 0
6838804223 0
6838811383 3
6838812407 0
6838812415 0
6841958135 0
6841958143 0
6842998527 0
6843006719 0
6855217669 0
6880248341 0
6880285341 3
6880379413 0
6880383509 3
6880383517 0
6880416277 0
6880416285 0
6880416405 0
6880645655 0
6880645663 0
6880678423 0
6880678551 0
6880744023 3
6880744151 1
6884442645 0
6884442653 0
6884446741 0
6884446749 3
6884479517 0
6884479645 1
6884480669 0
6884610581 0
6884610589 0
6884704799 0
6884708887 0
6884708895 0
6884741791 0
6884742815 0
6884807391 3
6884839967 0
6884872863 0
6884938463 2
6886904543 3
6897359455 0
6897488471 0
6897490519 0
6897490527 0
6897521239 3
6897521247 3
6897521367 0
6897521375 2
6897523287 1
6897523295 2
6897523415 0
6901584607 3
6901585631 0
6901586655 3
6901715551 3
6901715679 3
6901716703 0
6903681759 3
6903683807 3
6914234023 3
6914299623 3
6918296111 3
6921574055 0
6922622639 0
6922688231 3
6930945767 3
6931076839 3
6935271151 0
6938416871 0
6939465447 3
6939465455 0
6947623487 0
6947721975 0
6947754551 0
6947754559 0
6947787319 0
6947787455 0
6947820159 0
6947852919 0
6947853047 0
6947853055 0
6951817791 0
6951850559 0
6951850687 0
6951851711 0
6951883383 0
6951916279 0
6951916287 0
6951917311 0
6951981631 0
6951981759 0
6952047359 0
6952048383 0
6964499191 0
6964501239 0
6964502263 0
6964599415 0
6964630135 0
6964630263 0
6964630271 0
6964631287 0
6964631295 0
6964632183 0
6964632191 0
6964632311 0
6964632319 3
6964633335 0
6964633343 0
6964640503 0
6964640511 3
6964641527 0
6964641535 3
6968693367 0
6968693495 0
6968693503 3
6968694527 0
6968695415 0
6968695543 0
6968695551 3
6968696567 0
6968696575 0
6968703735 0
6968704759 0
6968704767 3
6968824447 0
6968824567 0
6968824575 0
6968825599 0
6968826615 0
6968826623 1
6968827639 0
6968827647 0
6968834815 0
6968835831 0
6968835839 0
6970793727 0
6971973367 0
6971981559 0
6971981567 0
6973018871 0
6973019895 0
6973020919 0
6973021943 0
6973021951 0
6973030135 0
6973030143 0
6976175863 0
6976175871 0
6977216247 0
6977224439 0
6977224447 0
7282885141 0
7282901533 0
7282905629 0
7283016213 0
7283020309 0
7283032597 0
7283032605 0
7283036693 0
7283036701 0
7283054237 0
7283069461 0
7283069469 0
7283069589 0
7283069597 0
7283070621 0
7283147287 0
7283163671 0
7283167767 0
7283200671 0
7283278359 0
7283282455 0
7283282463 0
7283282519 0
7283294743 0
7283298839 0
7283298847 0
7283298903 0
7283298911 0
7283315351 0
7283315415 0
7283316439 0
7283331735 0
7283332759 0
7283348055 0
7283364439 0
7283364447 0
7283380951 0
7283397207 0
7283397215 0
7283397335 0
7287079445 0
7287083541 0
7287095829 0
7287099925 0
7287099933 0
7287116445 0
7287117469 0
7287132829 0
7287133853 0
7287231005 0
7287263901 0
7287341591 0
7287341599 0
7287345687 0
7287345695 0
7287345759 0
7287357975 0
7287362071 0
7287362079 0
7287362135 0
7287362143 0
7287378591 0
7287394967 0
7287394975 0
7287395999 0
7287411295 0
7287423575 0
7287427679 0
7287460575 0
7287461599 0
7287476767 0
7287476831 0
7287493143 0
7287493151 0
7287525919 0
7287526039 0
7287526047 0
7287527071 0
7287542367 0
7287558751 0
7287591647 0
7289442847 0
7289459231 0
7289459295 0
7289508447 0
7289573919 0
7289639519 0
7290622487 0
7290622495 0
7291671063 0
7291671071 0
7291687455 0
7291703959 0
7291736663 0
7294816799 0
7295865375 0
7295881759 0
7299924503 0
7299926551 0
7299930655 0
7299940887 0
7300055575 0
7300057623 0
7300059671 0
7300061727 0
7300071959 0
7300125271 0
7300125279 0
7300127319 0
7300127327 0
7300141655 0
7300141663 0
7300143703 0
7300143711 0
7300177631 0
7304118807 0
7304120855 0
7304124959 0
7304135191 0
7304184407 0
7304188503 0
7304190559 0
7304206935 0
7304224479 0
7304240863 0
7304253983 0
7304254047 0
7304256031 0
7304319583 0
7304321631 0
7304368863 0
7304371935 0
7306222111 0
7306304095 0
7307399703 0
7307465303 0
7308448279 0
7308448287 0
7308450335 0
7308513879 0
7350276671 0
7350293247 0
7350309631 0
7350310591 0
7350375167 0
7350376191 0
7350391351 0
7350391359 0
7350391415 0
7350391423 0
7350407735 0
7350407743 0
7350407799 0
7350407807 0
7350424119 0
7350424247 0
7350424255 0
7350424311 0
7350424319 0
7350425271 0
7350425279 0
7350440503 0
7350440511 0
7350440567 0
7350440575 0
7350440631 0
7350440639 0
7350440695 0
7350440703 0
7350441655 0
7350441663 0
7350456951 0
7350473335 0
7350473343 0
7350489727 0
7350489855 0
7350490871 0
7350490879 0
7350506111 0
7350506231 0
7350506239 0
7350507255 0
7350507263 0
7353963071 0
7354454591 0
7354454647 0
7354454655 0
7354470967 0
7354470975 0
7354471031 0
7354471039 0
7354487359 0
7354487423 0
7354487487 0
7354487551 0
7354488511 0
7354488575 0
7354503743 0
7354503807 0
7354503871 0
7354503927 0
7354503935 0
7354504895 0
7354504959 0
7354520191 0
7354536567 0
7354536575 0
7354552959 0
7354553087 0
7354554111 0
7354569343 0
7354569463 0
7354569471 0
7354570495 0
7354585663 0
7354602039 0
7354602047 0
7354602103 0
7354602111 0
7354618559 0
7354618623 0
7354619583 0
7354619647 0
7354634815 0
7354634879 0
7354634943 0
7354634999 0
7354635007 0
7354635967 0
7354636031 0
7354651263 0
7354684159 0
7354685183 0
7354700415 0
7354700535 0
7354700543 0
7354701559 0
7354701567 0
7356584639 0
7356585663 0
7356600895 3
7356633727 0
7356666623 0
7357847287 0
7358894839 0
7358895863 0
7362041599 0
7363090175 0
7366593143 0
7367152375 2
7367154431 0
7367155455 0
7367234167 0
7367236215 0
7367250551 0
7367250559 0
7367252599 0
7367252607 0
7367267071 0
7367268095 0
7367268983 0
7367269111 0
7367269119 0
7367270135 0
7367270143 0
7367283327 0
7367283447 0
7367283455 0
7367284471 0
7367284479 0
7367285367 0
7367285495 0
7367285503 0
7367286519 0
7367286527 0
7367293687 0
7367293695 0
7367294711 0
7367294719 0
7369251583 0
7371297407 0
7371313783 0
7371313791 0
7371315839 0
7371330175 0
7371330303 0
7371331327 0
7371332351 0
7371333375 0
7371340543 0
7371341567 0
7371346559 0
7371346679 0
7371346687 0
7371347711 0
7371348599 0
7371348607 0
7371348727 0
7371348735 0
7371349751 0
7371349759 0
7371356919 0
7371356927 0
7371357943 0
7371357951 0
7371462399 0
7371463415 0
7371463423 0
7371464447 0
7371472631 0
7371472639 0
7371477751 0
7371477759 0
7371478775 0
7371478783 0
7371479799 0
7371479807 0
7371480823 0
7371480831 0
7371487991 0
7371489015 0
7371489023 0
7373429503 0
7373430527 0
7373443839 0
7373444863 1
7373445887 0
7373446911 0
7373577983 0
7374610167 0
7374618359 0
7374618367 0
7374624503 0
7374624511 0
7374626551 0
7374626559 0
7374634743 0
7374634751 0
7375655671 0
7375656695 0
7375657719 0
7375658743 0
7375658751 0
7375666943 0
7375672055 0
7375673079 0
7375673087 0
7375673975 0
7375674103 0
7375675127 0
7375675135 0
7375682295 0
7375683319 0
7375683327 0
7378812671 0
7378818815 0
7378820863 0
7378829047 0
7378829055 0
7379851007 0
7379853055 0
7379861239 0
7379861247 0
7379867391 0
7379869431 0
7379869439 0
7379877623 0
7379877631 0
7417119253 0
7417250325 0
7417254421 0
7417254429 0
7417287189 2
7417287317 0
7417381399 0
7417385503 0
7417451103 0
7417512471 0
7417516567 0
7417516575 0
7417516631 0
7417516639 0
7417549335 0
7417549463 0
7417549471 3
7417582167 0
7417582175 0
7417614935 0
7417615063 0
7421313557 0
7421317653 0
7421317661 0
7421350557 0
7421351581 0
7421481629 0
7421575703 0
7421575711 0
7421579799 0
7421579807 0
7421612703 0
7421613727 0
7421645407 0
7421710871 0
7421710879 0
7421743647 0
7421743775 0
7423676959 0
7434359383 0
7434359391 0
7434361431 0
7434361439 0
7434392287 0
7434394327 0
7438424671 0
7438455391 0
7438553695 0
7438555743 0
7484494399 0
7484527167 0
7484592895 0
7484625463 0
7484625471 0
7484625527 0
7484625535 0
7484658231 0
7484658239 0
7484658295 0
7484658359 0
7484658423 0
7484658431 0
7484691063 0
7484723831 0
7484723839 0
7484723959 0
7484723967 0
7484724983 0
7484724991 0
7488688703 0
7488688767 0
7488721471 2
7488721535 0
7488721599 0
7488721663 0
7488722623 0
7488787191 0
7488787199 0
7488788215 0
7488788223 0
7488819775 0
7488852543 0
7488852671 0
7488852735 0
7488918263 0
7488918271 0
7488919287 0
7488919295 0
7490818623 3
7490884351 0
7490885375 0
7491999415 0
7492065015 0
7493112567 0
7493113591 0
7496259327 0
7501371135 0
7501372151 0
7501373175 0
7501373183 0
7501468279 0
7501470327 0
7501470335 0
7501501175 0
7501501183 0
7501502199 0
7501502207 0
7501503095 0
7501503223 0
7501503231 0
7501504247 0
7501504255 0
7501511415 0
7501511423 0
7501512439 0
7501512447 0
7503470335 0
7505531519 0
7505564287 0
7505564407 0
7505564415 0
7505565431 0
7505565439 0
7505566455 0
7505566463 0
7505567479 0
7505567487 0
7505574647 0
7505574655 0
7505695479 0
7505695487 0
7505696503 0
7505696511 0
7505697527 0
7505697535 0
7505698551 0
7505698559 0
7505705727 0
7505706743 0
7505706751 0
7507661567 0
7507662591 0
7507663615 0
7507664639 0
7507672831 0
7507793663 0
7507795711 0
7507803903 0
7508842231 0
7508844279 0
7508844287 0
7508852471 0
7508852479 0
7509889783 0
7509890807 0
7509890815 0
7509891831 0
7509892855 0
7509892863 0
7509901047 0
7509901055 0
7513038591 0
7513046775 0
7513046783 0
7514085119 0
7514087159 0
7514087167 0
7514095351 0
7514095359 0
7515143935 0
7516192511 0
7911505655 0
7911505663 0
7915699959 0
7915699967 0
8045723383 0
8045723391 0
8049917687 0
8364364311 0
8448360191 0
8448368375 0
8448368383 0
8448376567 0
8448376575 0
8452554495 0
8452562687 2
8452570871 0
8452570879 0
8582586103 0
8582586111 0
8582594295 0
8582594303 0
8586788607 0
8588885759 0
9790013175 0
10326878967 0
10326879991 0
10326884087 0
11125390071 3
11132730103 3
11132731127 0
11133778679 3
11259607799 3
11259608823 2
11266947831 3
11266948855 3
11267996407 3
11267997431 3
11669585655 0
11669602039 1
11803819767 0
11938036471 3
11938037495 0
12072254071 2
12072254199 3
12072255223 3
12206456567 0
12206471927 3
12206472951 0
12340689655 3
12340690679 3
12474874487 0
12474887927 0
12474892023 0
12474907383 0
12474908407 0
12609126135 0
12743327479 2
12743342839 0
12743343863 0
12877560567 0
12877561591 0
15420357367 3
15420357375 3
15420358391 0
15420358399 0
15424404223 3
15424405247 3
15424420607 3
15424421631 3
15424535295 2
15424536319 3
15424551679 3
15424552695 0
15424552703 2
15426501375 3
15426502399 3
15426517759 3
15426518783 3
15427698423 0
15427698431 0
15428745975 3
15428746999 0
15428747007 0
15431892727 0
15431892735 0
15432941311 0
15554575095 3
15554575103 3
15554576119 3
15554576127 3
15558638335 3
15558639359 3
15558769407 3
15558770423 0
15558770431 3
15561916151 0
15561916159 0
15562964727 0
15562964735 0
15566110455 0
15566110463 0
15567159031 0
15567159039 0
15957229311 0
15961423615 0
15964569335 0
15964569343 0
15965617911 0
15965617919 0
15968763639 0
15968763647 0
15969812215 0
15969812223 0
16091447039 0
16095641335 0
16095641343 0
16097738495 0
16098787063 0
16098787071 0
16099835639 0
16099835647 0
16102981367 0
16102981375 0
16104029951 0
16105078527 0
16501440247 0
16501440255 0
16505634551 0
16505634559 0
16635657975 0
16635657983 0
16639852287 0
17038294775 2
17038311159 0
17038311167 0
17042505471 0
17172528887 0
17172528895 0
17176723199 0

# Neuron 3: 2018 entries
# Connections: [137, 280, 105, 56, 92, 219, 82, 200, 159, 265, 110, 23, 155, 149, 119, 86, 224, 235, 170, 121, 281, 308, 174, 185, 242, 334, 313, 335, 159, 37, 271, 225, 233, 29]
0 0
4096 0
36992 0
39040 0
4194305 0
4194625 0
4195328 0
4195329 0
4195648 0
4195649 0
4198401 0
4198721 0
4199424 0
4199425 0
4199744 0
4199745 0
8389960 0
8914248 0
8917000 0
8917128 0
8949896 0
12583945 0
12584264 0
12584265 0
13108552 0
13108553 0
13112649 0
16816256 0
29924488 0
29924744 0
29924808 0
67108864 2
67108872 0
67109184 0
67109192 0
67109200 0
67112960 0
67112968 0
67113088 0
67113280 0
67113288 3
67145856 3
68157464 3
68158480 3
68158488 3
68161560 3
68162576 3
68162584 3
71303168 3
71303169 0
71303176 0
71303177 0
71303185 0
71303192 2
71303193 0
71303488 0
71303489 0
71303497 0
71303504 3
71303505 0
71304193 0
71304209 0
71307264 1
71307265 0
71307272 3
71307273 0
71307281 0
71307288 3
71307289 0
71307392 0
71307393 0
71307400 0
71307401 0
71307416 3
71307417 0
71307584 3
71307585 0
71307593 0
71307713 0
71307721 0
71340160 0
71340161 0
71340168 0
71340169 0
71340176 0
71340177 0
71340184 0
71340481 0
71342208 0
71342209 0
71342529 0
72351760 3
72351761 0
72351768 0
72351769 0
72352081 0
72352784 0
72352785 0
72352792 0
72352793 0
72353105 0
72353113 0
72355856 3
72355857 0
72355864 1
72355865 0
72355984 2
72355985 0
72355992 3
72355993 0
72356177 0
72356881 0
72356889 0
72357009 0
72357017 0
72357200 0
72357201 0
72388752 0
72388753 0
72389777 0
72389785 0
72390801 0
72391825 0
74449937 0
74450257 0
74454033 0
74454041 0
74454161 0
74454169 0
74486929 0
74488976 3
74488977 0
75497480 0
75497800 0
75501576 0
76021768 0
76022088 0
76025864 0
76026184 3
77071704 0
77074776 0
77075480 0
77075800 3
79691784 0
79691785 0
79691793 0
79691801 0
79692104 3
79692105 0
79692120 3
79692121 0
79695880 0
79695881 0
79695896 2
79696009 0
79696200 3
79696201 0
79696329 0
80216072 0
80216073 0
80216088 0
80216089 0
80216392 3
80216393 0
80216408 3
80216409 0
80220168 0
80220169 0
80220177 0
80220184 3
80220185 0
80220296 3
80220297 0
80220312 3
80220313 0
80220488 3
80220489 0
80220504 3
80220505 0
80220616 3
80220617 0
80220632 3
80220633 0
80253064 0
80253065 0
80253384 0
80253385 0
80253401 0
80254409 0
80255113 0
80740697 0
80741401 0
80741721 0
80745497 0
80745816 0
80745817 0
81264985 0
81265689 0
81266008 0
81266009 0
81268761 0
81268889 0
81269081 0
81269209 0
81269785 0
81269913 0
81270104 0
81270105 0
81270233 0
81301977 0
81302681 0
81303001 0
82838553 0
82838873 0
82842969 0
83362841 0
83363161 0
83366937 0
83367065 0
83367256 3
83367257 0
83367384 0
83367385 0
83400025 0
83400153 0
88119424 0
88119425 0
88119744 2
88119745 0
88120449 0
89168016 0
89168017 0
89169041 0
89169361 0
91266193 0
96508361 0
97032329 0
97032648 0
97032649 0
97032664 0
97032665 0
285448836 0
289644164 0
339974788 0
339974789 0
356752004 3
356752005 0
356752006 3
357800596 0
357800597 0
357800598 2
357801621 0
1610613768 0
1610614088 0
1610617856 0
1610617864 0
1610617984 0
1610617992 0
1610618184 0
1610618312 0
1610650752 0
1610652800 0
1611662352 0
1611662360 0
1611662680 0
1611666448 0
1611666456 0
1611666576 0
1611666584 0
1611666776 0
1611666904 0
1611699344 0
1611699352 0
1611699672 0
1611701392 0
1614808064 0
1614808072 0
1614808088 0
1614808392 0
1614812160 2
1614812168 0
1614812184 0
1614812288 0
1614812488 0
1614845056 0
1614845073 0
1614847104 0
1615856657 0
1615856664 0
1615856665 0
1615856984 0
1615856985 0
1615860760 0
1615860761 0
1615860881 0
1615861080 0
1615893649 0
1615893977 0
1619526984 0
1619531080 0
1619531208 0
1619563976 0
1620050968 0
1620575256 0
1620575576 0
1620579672 0
1620579800 0
1620612568 0
1623197016 0
1623721288 0
1623721304 0
1623725192 0
1623725385 0
1623725400 0
1623725512 0
1624769881 0
1624773657 0
1624773977 0
1626870809 0
1626871129 0
1677721600 0
1677721608 0
1677721616 2
1677721624 0
1677721944 0
1677725696 0
1677725704 0
1677725712 3
1677725720 3
1677725824 0
1678770192 3
1678770200 0
1678771224 0
1678774288 3
1678775320 0
1681915904 0
1681915905 0
1681915912 0
1681915913 0
1681915920 3
1681915921 3
1681915928 0
1681915929 0
1681916232 2
1681916233 0
1681916248 0
1681916249 0
1681916944 2
1681916953 0
1681920000 0
1681920001 0
1681920008 0
1681920009 0
1681920016 3
1681920017 3
1681920024 3
1681920025 0
1681920128 0
1681920129 0
1681920136 0
1681920137 0
1681920152 0
1681920153 0
1681920329 0
1681920344 0
1681920345 0
1681920473 0
1681921041 0
1681921168 3
1681921176 3
1681952896 0
1681952897 0
1681952904 0
1681952905 0
1681952912 0
1681952913 0
1681952921 0
1681953241 0
1681954944 0
1681954945 0
1681955969 0
1682964496 3
1682964497 3
1682964504 0
1682964505 0
1682965521 0
1682965528 0
1682965529 0
1682965849 0
1682968592 3
1682968593 3
1682968600 3
1682968601 0
1682968720 0
1682968721 0
1682968728 3
1682968729 0
1682969617 0
1682969624 0
1682969625 0
1682969745 0
1682969753 0
1682969945 0
1683001488 0
1683001489 0
1683001497 0
1683002513 0
1683002521 0
1683003536 0
1683003537 0
1683004561 0
1685062680 0
1685062681 0
1685066777 0
1685066905 0
1685099673 0
1686110216 0
1686634504 0
1686638600 0
1687687512 3
1687687640 2
1687688536 0
1687721304 0
1687721432 0
1690304520 3
1690304521 0
1690304841 0
1690304848 0
1690304856 0
1690304857 0
1690308616 2
1690308617 0
1690308745 0
1690308937 0
1690309065 0
1690828808 0
1690828809 0
1690829129 0
1690829144 0
1690829145 0
1690832905 0
1690832921 0
1690833033 0
1690833049 0
1690833225 0
1690833240 1
1690833241 0
1690833353 0
1690833368 3
1690833369 0
1690834072 3
1690866137 0
1691353113 0
1691353432 2
1691354137 0
1691354449 0
1691354456 0
1691354457 0
1691358233 0
1691358553 0
1691877721 0
1691878425 0
1691878744 0
1691878745 0
1691881496 3
1691881497 0
1691881624 3
1691881817 0
1691882521 0
1691882649 0
1691882841 0
1691882969 0
1691914392 3
1691915417 0
1691915608 0
1691915609 0
1691915737 0
1693451289 0
1693451609 0
1693975577 0
1693975896 0
1693975897 0
1693979673 0
1693979801 0
1693979992 0
1693979993 0
1693980120 0
1693980121 0
1694012760 0
1694012761 0
1694012888 0
1694012889 0
1745880080 0
1745880088 0
1745880408 0
1745884176 0
1745884184 0
1745884304 0
1745884312 0
1745884504 0
1745884632 0
1745917072 0
1745917080 0
1745919120 0
1747977240 0
1747977560 0
1747981336 0
1747981456 0
1747981464 0
1747981656 0
1747981784 0
1748014224 0
1748016272 0
1754797400 0
1754797528 0
1754830296 0
1756894552 0
1756894680 0
1756927448 0
1819280400 0
1819280401 0
1819280409 0
1819284505 0
1819284624 0
1819284633 0
1819319441 0
1825572185 0
1828197400 0
1828197720 0
1828197721 0
1828197848 0
1828197849 0
1828230488 0
1828230616 0
1828230617 0
1828459544 0
1828459545 0
1828459864 0
1828459865 0
1828459993 0
1879285380 0
1950587524 0
1950587525 0
1951636116 0
1951636117 0
4303884424 0
4303917192 0
4303925384 0
4303941768 0
4303943816 0
4308112521 0
4308112713 0
4308112841 0
4308139464 0
4311791752 0
4320704648 0
4320721032 1
4324915657 0
4324916361 0
4324916680 0
4324916681 0
4324916697 0
4325424600 0
4325948568 0
4325948888 0
4325964952 0
4325965272 0
4325965273 0
4363169944 2
4366274696 0
4366274697 0
4366274712 2
4366274713 0
4366275017 0
4366307464 0
4366307465 0
4366307480 3
4366307481 0
4366307785 0
4366315656 0
4366315657 0
4366315672 0
4366315673 0
4366315977 0
4366315993 0
4366317704 0
4366317705 0
4366317720 0
4366317721 0
4366318024 0
4366318025 0
4367323289 0
4367324313 0
4367357081 0
4367364249 0
4367365273 0
4367366297 0
4367367321 0
4369454233 0
4369462425 0
4369464473 0
4371026376 0
4371034568 0
4371050952 0
4371053000 0
4374663305 0
4374663625 0
4374696073 0
4374696089 0
4374696393 0
4374696409 0
4374704265 0
4374704281 0
4374704585 0
4374704601 0
4374706313 0
4374706329 0
4374706633 0
4375187592 0
4375187593 0
4375187608 3
4375187609 0
4375187912 3
4375187913 0
4375187928 0
4375187929 0
4375220360 0
4375220361 0
4375220376 3
4375220377 0
4375220680 1
4375220681 0
4375220696 0
4375220697 0
4375221705 0
4375228552 0
4375228553 0
4375228569 0
4375228872 3
4375228873 0
4375228888 0
4375228889 0
4375230601 0
4375230617 0
4375230920 0
4375230921 0
4375230937 0
4375244936 0
4375244937 0
4375244953 0
4375245256 3
4375245257 0
4375245272 0
4375245273 0
4375245961 0
4375246984 0
4375246985 0
4375247000 0
4375247001 0
4375247304 3
4375247305 0
4375247320 0
4375247321 0
4376236505 0
4376237209 0
4376237529 0
4376268953 0
4376269273 0
4376269977 0
4376270297 0
4376277465 0
4376278169 0
4376278489 0
4376280217 0
4376280537 0
4376286361 0
4376293849 0
4376294553 0
4376294873 0
4376295897 0
4376296601 0
4376296921 0
4378334361 0
4378334681 0
4378367129 0
4378367448 0
4378367449 0
4378375321 0
4378375640 0
4378375641 0
4378377688 0
4378391705 0
4378392024 0
4378392025 0
4378393753 0
4378394072 0
4378394073 0
4383094920 0
4383094921 0
4383094936 0
4383094937 0
4383095241 0
4384143512 3
4384143513 0
4384144536 3
4384144537 0
4386241689 0
4387830216 0
4391999945 0
4391999961 0
4392008136 0
4392008137 0
4392008152 0
4392024200 0
4392024201 0
4392024216 0
4392024217 0
4392024472 0
4392024520 2
4392024521 0
4392024536 0
4392024537 0
4393073113 0
4393073817 0
4393074137 0
4395170969 0
4395171288 3
4395171289 0
4563647116 0
4580424334 0
4589353612 0
4589353614 0
4593549260 0
4593549261 0
4593549262 0
4593549263 0
4593549277 0
4593549279 0
4594597533 0
4594597852 0
4594597853 0
4594597855 0
4596695005 0
4630755980 0
4630756300 0
4634950284 0
4634950285 0
4634950604 0
4651727500 0
4651727516 0
4651727517 0
4652776094 3
4654874269 0
4660116428 0
4660640412 0
4660640413 0
4660640716 0
4660640717 0
4660640732 0
4660640733 0
4660656780 3
4660656781 0
4660656796 0
4660656797 0
4660657100 3
4660657101 0
4660657102 3
4660657116 0
4660657117 0
4660657118 3
4661690013 0
4661690333 0
4661705692 3
4661705693 0
4661706397 0
4661706399 0
4661706717 0
4661706719 0
4663803549 0
4663803868 2
4663803869 0
4663803870 3
5905585288 0
5905618056 0
5905618376 0
5905626248 0
5905626568 0
5905628296 0
5905628616 0
5906633880 0
5906634200 0
5906666648 0
5906666968 0
5906674840 0
5906675160 0
5906676888 0
5906677208 0
5909822617 0
5910860953 0
5910869465 0
5914531272 0
5914539464 0
5914541512 0
5914547656 0
5914555848 0
5914557896 0
5915547096 0
5915579864 0
5915588056 0
5915590104 0
5915596248 0
5915604440 0
5915606488 0
5918692488 0
5918692808 0
5918725256 0
5918725576 0
5919782041 0
5919790552 0
5919798425 0
5923454104 0
5923454424 0
5931335112 0
5932367320 0
5932381656 0
5932383384 0
5932383704 0
5935512712 0
5935512968 0
5935513032 0
5935529096 0
5935529352 0
5935529416 0
5935529432 0
5936578009 0
5938675161 0
5976887432 0
5976887433 0
5976887449 0
5976887769 0
5976888472 2
5976920200 0
5976920201 0
5976920216 0
5976920217 0
5976920537 0
5976921240 2
5976921241 0
5976928392 0
5976928393 0
5976928408 0
5976928409 0
5976928729 0
5976930440 0
5976930441 0
5976930456 0
5976930457 0
5976930777 0
5976931465 0
5976931480 3
5977936024 3
5977936025 0
5977937049 0
5977968792 3
5977968793 0
5977969817 0
5977976984 3
5977976985 0
5977978009 0
5977979032 3
5977979033 0
5977980057 0
5980034201 0
5980066969 0
5980075161 0
5980077209 0
5982688600 0
5982688728 0
5982698968 0
5982705112 0
5982712280 2
5982713304 0
5982715352 0
5985276041 0
5985308809 0
5985309129 0
5985317001 0
5985319049 0
5985800329 0
5985800665 0
5985833097 0
5985833417 0
5985833432 0
5985833433 0
5985834137 0
5985841289 0
5985841624 0
5985841625 0
5985842329 0
5985843672 3
5985844376 2
5985849481 0
5985857673 0
5985857689 0
5985857993 0
5985858008 0
5985858009 0
5985858713 0
5985859721 0
5985859737 0
5985860056 0
5985860057 0
5986366617 0
5986368665 0
5986849945 0
5986850265 0
5986881688 3
5986882009 0
5986882713 0
5986882905 0
5986883033 0
5986889880 2
5986889881 0
5986890201 0
5986890905 0
5986891225 0
5986891928 3
5986891929 0
5986892953 0
5986893273 0
5986898393 0
5986906584 3
5986906585 0
5986907289 0
5986907609 0
5986908633 0
5986909337 0
5986909657 0
5988947097 0
5988947416 0
5988947417 0
5988979865 0
5988980056 0
5988980184 0
5988980185 0
5988988057 0
5988988376 0
5988988377 0
5988990105 0
5988990424 0
5988990425 0
5988996568 0
5988996569 3
5989004441 0
5989004760 0
5989004761 3
5989006808 0
5989006809 0
5993699481 0
5993707656 0
5993707657 0
5993707672 0
5993707673 0
5993707993 0
5994756249 0
5994757273 0
5996854425 0
5998442968 0
5999491544 0
5999492568 3
6001589720 3
6002096601 0
6002620888 0
6002620889 1
6002636937 0
6002636953 0
6002637257 0
6002637272 0
6002637273 0
6003670489 0
6003685529 0
6003685849 0
6003686553 0
6003686873 0
6005781977 0
6005783705 0
6005784024 0
6005784025 0
6040851608 0
6040851928 0
6040884376 0
6040884696 0
6040892568 0
6040892888 0
6040894616 0
6040894936 0
6042948760 0
6042949080 0
6042981528 0
6042981848 0
6042989720 0
6042990040 0
6042991768 0
6042992088 0
6045078681 0
6045086873 0
6049764824 0
6049797592 0
6049805784 0
6049807832 0
6049813976 0
6049822168 0
6049824216 0
6051861976 0
6051894744 0
6051902936 0
6051904984 0
6051911128 0
6051919320 0
6051921368 0
6057663640 0
6057671832 0
6057672152 0
6059768984 0
6059769304 0
6066585048 0
6066599384 0
6066601112 0
6066601432 0
6068698584 0
6068960728 0
6072892568 0
6114251929 0
6114284696 0
6114284697 0
6114292889 0
6114294936 0
6114294937 0
6114295256 0
6121127385 0
6123197912 0
6123197913 0
6123206104 0
6123206105 0
6123208152 0
6123208153 0
6123214296 0
6123214297 0
6123222488 0
6123222489 0
6123224536 0
6123224537 0
6123468249 0
6123484633 0
6123486360 0
6123486681 0
6131072152 0
6131072153 0
6131334297 0
6135807448 2
6140001752 0
6140001753 0
6140263896 0
6140263897 0
6174260876 0
6174261196 0
6191038092 0
6191038094 0
6192086684 0
6192086686 0
6192087004 0
6192087006 0
6194183836 0
6195232396 0
6195232398 0
6195232652 0
6195232716 0
6199967692 0
6201015964 0
6201015966 0
6201016284 0
6201016286 0
6203113436 0
6204161676 0
6204161996 0
6204161998 0
6204162012 0
6205194205 0
6205210588 0
6205210589 0
6205210590 0
6241368716 0
6245563020 0
6245563021 0
6245563022 0
6245563023 0
6245563036 0
6245563037 0
6245563039 0
6245563356 0
6246611613 0
6246612637 0
6248709789 0
6254493645 0
6255542237 0
6257623004 0
6257623005 0
6257639388 0
6257639389 0
6258146268 3
6262340236 0
6262340237 0
6262340252 0
6262340253 0
6262340254 2
6262340255 3
6262340572 3
6262340573 3
6262340575 3
6263388829 0
6263389853 0
6265487006 3
6268125148 0
6270728860 0
6271253132 0
6271253133 0
6271253148 0
6271253452 0
6271253453 0
6271253468 0
6271253469 0
6271254493 0
6271269516 0
6271269517 0
6271269836 0
6271269837 0
6271269852 0
6271269853 0
6271270861 0
6271777757 0
6272301725 0
6272302045 0
6272302749 0
6272303069 0
6272318109 0
6272318428 0
6272318429 0
6272319133 0
6272319135 0
6272319452 0
6272319453 0
6272319454 3
6274416285 0
6274416604 0
6274416605 0
6274416606 0
6274416607 0
6326304412 0
6326304414 0
6326304668 0
6326304732 0
6326304734 0
6328401564 0
6328401566 0
6328401884 0
6328401886 0
6335233692 0
6335233694 0
6335233948 0
6335234012 0
6335234014 0
6337330844 0
6337330846 0
6337331164 0
6337331166 0
6382927517 0
6391840733 0
6406537181 0
6408634012 0
6408634013 0
6408634332 0
6408634333 0
6408634334 0
6408634335 0
8594129921 0
8594130241 0
8594134017 0
8594134337 0
8602518537 0
8602518856 0
8602518857 0
8603043144 0
8603043145 0
8603567448 0
8604091736 0
8604095832 0
8661238785 0
8662287377 0
8664384529 0
8664384537 0
8664384849 0
8664388625 0
8664388633 0
8664388753 0
8664388761 0
8664421521 0
8664421529 0
8664423568 3
8664423569 0
8672773145 0
8672773465 0
8673297433 0
8673297753 0
8673301529 0
8673301657 0
8673301849 0
8673301976 0
8673301977 0
8673334745 0
8678055040 3
8678055041 0
8679103633 0
8681200785 0
8697938992 3
8697938993 0
8697939313 0
8697943088 3
8697943089 0
8697943097 0
8697943217 0
8697943225 0
8697975985 0
8697978033 0
8706327929 0
8706332025 0
8706851897 0
8706852217 0
8706855993 0
8706856121 0
8706856312 0
8706856313 0
8706856441 0
8706889081 0
8706889209 0
8933056148 3
8949833365 0
10200552448 0
10200585344 0
10200587392 0
10201596952 0
10201601040 0
10201601048 0
10201601168 0
10201601368 0
10201633936 0
10201635984 0
10205791257 0
10205795352 0
10205795353 0
10207888409 0
10214708569 0
10216805401 0
10241446968 0
10241479857 0
10274997264 3
10274997265 0
10274997273 0
10275001360 3
10275001361 0
10275001369 0
10275001488 0
10275001489 0
10275001497 0
10283385881 0
10283910169 0
10283910489 0
10283914265 0
10283914393 0
10283914584 0
10283914585 0
10283914712 0
10283914713 0
10283947352 0
10283947353 0
10283947480 0
10283947481 0
10308551729 0
10308551737 0
10308555825 0
10308555833 0
10308555961 0
10308588729 0
10317464633 0
10317464952 0
10317464953 0
10317468729 0
10317468857 0
10317469048 0
10317469049 0
10317469176 0
10317469177 0
10317501817 0
10317501944 0
10317501945 0
10334766080 0
10334770176 0
10334770184 0
10334770504 0
10334803072 0
10335814680 0
10335815000 0
10335818768 0
10335818776 0
10335818896 0
10335818904 0
10335819032 0
10335819096 0
10335819224 0
10335851664 0
10335851672 0
10335851992 0
10335853712 0
10337911832 0
10337912152 0
10337915920 0
10337915928 0
10337916048 0
10337916056 0
10337916248 0
10337916376 0
10337948816 0
10337948824 0
10337949144 0
10337950864 0
10338173976 0
10338178064 0
10338178072 0
10338178192 0
10338178200 0
10338178392 0
10338178520 0
10338210960 0
10338210968 0
10338213008 0
10338960392 0
10338960408 0
10338964488 0
10338964504 0
10338964808 0
10338964824 0
10340008984 0
10340013080 0
10340013400 0
10342106136 0
10342110232 0
10342110360 0
10342110552 0
10344727896 0
10344731992 0
10344732120 0
10344764888 0
10346829144 0
10346829272 0
10346862040 0
10347091288 0
10347091416 0
10347124184 0
10351023448 0
10351056345 0
10351318489 0
10375926840 0
10375926968 0
10375927160 0
10384840185 0
10384872953 0
10409214992 0
10409219088 0
10409219096 3
10409219097 0
10409219224 3
10409251993 0
10409254032 0
10409254033 0
10409477137 0
10409477145 0
10409481233 0
10409481241 0
10409481361 0
10409514129 0
10409516177 0
10413970776 0
10413970904 0
10414200152 0
10418132312 0
10418132313 0
10418132440 0
10418132441 0
10418165080 0
10418165081 0
10418165208 0
10418165209 0
10418394136 0
10418394137 0
10418394456 0
10418394457 0
10418394584 0
10418394585 0
10418427224 0
10418427225 0
10418427352 0
10418427353 0
10418443737 0
10443031608 3
10443031609 0
10443035704 3
10451686777 0
10451686904 0
10451686905 0
10451719672 0
10451719673 0
10451944824 0
10451948920 0
10451948921 0
10451949048 0
10451949049 0
10451981688 0
10451981689 0
10451981816 0
10451981817 0
10469219972 0
10543668885 0
10604486292 0
10606583444 0
12485694608 0
12486710296 0
12487758872 0
12489856024 0
12498802137 0
12523410488 0
12523410616 0
12523410808 0
12532323833 0
12532356473 0
12532356601 0
12556960793 0
12556961113 0
12556965009 0
12556997777 0
12556997785 0
12556999825 0
12565353496 0
12565353816 0
12565877784 0
12565878104 0
12565878105 0
12565878232 0
12565878233 0
12565910872 0
12565910873 0
12565911000 0
12565911001 0
12590515248 3
12590515256 3
12590515257 0
12590515577 0
12590519344 3
12590519352 3
12590519353 0
12590519480 3
12590519481 0
12590552240 2
12590552248 3
12590554289 0
12598903864 3
12598908280 3
12599428152 3
12599428472 2
12599432248 0
12599432249 0
12599432376 3
12599432568 3
12599432569 0
12599432696 3
12599432697 0
12599465336 0
12599465337 0
12599465464 3
12599465465 0
12599467384 0
12599467385 0
12599481849 0
12616244600 0
12616244601 0
12884877180 0
12898074057 0
12914851273 0
12915899865 0
12917997017 0
12959356057 0
12959388825 0
12959397017 0
12959399065 0
12968268953 0
12968269273 0
12968301721 0
12968302040 0
12968302041 0
12968309913 0
12968310232 0
12968310233 0
12968318424 0
12968326297 0
12968326616 0
12968326617 0
12968328345 0
12968328664 0
12968328665 0
12976176280 0
12976176281 0
12985105561 0
12985105880 2
12985105881 0
12992910521 0
12992943289 0
12992951481 0
12992953528 0
12992953529 0
13001823737 0
13001856185 0
13001856377 0
13001856504 0
13001856505 0
13001864697 0
13001880761 0
13001881080 0
13001881081 0
13001882809 0
13001883001 0
13001883128 0
13001883129 0
13018660025 0
13018660344 0
13018660345 0
13183483852 0
13183483853 0
13183483854 0
13184532124 0
13184532444 0
13184532445 0
13186629277 0
13186629597 0
13250592717 0
13253738141 0
13253738460 3
13253738461 0
13253738462 3
13253738463 0
13287292605 0
13287292925 0
14495560840 0
14495561160 0
14495562888 0
14496601240 0
14496609432 0
14496611480 0
14504474056 0
14509708761 0
14511830489 0
14513388696 0
14528609753 0
14536455353 0
14536457401 0
14569968793 0
14570001561 0
14570009753 0
14570011800 0
14570011801 0
14578881689 0
14578882008 0
14578914457 0
14578914648 0
14578914776 0
14578914777 0
14578922649 0
14578922968 0
14578922969 0
14578925016 0
14578925017 0
14578931161 0
14578939033 0
14578939352 0
14578939353 0
14578941081 0
14578941400 0
14578941401 0
14586789016 0
14586789017 0
14591524312 2
14595694041 3
14595716569 0
14595718297 0
14595718616 0
14595718617 0
14603523257 0
14603556025 0
14603564217 0
14603566265 0
14612436153 0
14612468921 0
14612469113 0
14612469240 0
14612469241 0
14612471161 2
14612477113 0
14612477432 0
14612477433 0
14612479480 0
14612479481 0
14612485624 0
14612485625 0
14612493497 0
14612493816 0
14612493817 0
14612495545 0
14612495737 3
14612495864 0
14612495865 0
14620343480 0
14620343481 0
14629272761 0
14629273080 0
14629273081 0
14630786200 0
14630786520 0
14630818968 0
14630819288 0
14630827160 0
14630827480 0
14630829208 0
14630829528 0
14632883352 0
14632883672 0
14632916120 0
14632916440 0
14632924312 0
14632924632 0
14632926360 0
14632926680 0
14633145496 0
14633145816 0
14633178264 0
14633178584 0
14633186456 0
14633186776 0
14633188504 0
14633188824 0
14639699416 0
14639732184 0
14639740376 0
14639742424 0
14639748568 0
14639756760 0
14639758808 0
14641796568 0
14641829336 0
14641837528 0
14641839576 0
14641845720 0
14641853592 0
14641853912 0
14641855960 0
14642058712 0
14642091480 0
14642099672 0
14642101720 0
14642107864 0
14642116056 0
14642118104 0
14646023641 0
14646048217 0
14646050265 0
14646285785 0
14646302169 0
14646310361 0
14646312409 0
14647604376 0
14647606424 0
14647606744 0
14649701528 0
14649703576 0
14649703896 0
14649965720 0
14649966040 0
14656519640 0
14656535704 0
14656536024 0
14658616792 0
14658632856 0
14658633176 0
14658878936 0
14658895320 0
14662827480 0
14662827481 0
14663087577 0
14663089625 0
14679602681 0
14679604729 0
14679839929 0
14679840249 0
14679848121 0
14679848441 0
14679856633 0
14679864505 0
14679864825 0
14679866873 0
14696381945 0
14696644089 0
14704219289 0
14704227480 2
14704229529 0
14704489624 0
14704489625 0
14704491672 0
14704491673 0
14708938200 0
14708948440 0
14708954584 0
14708962776 0
14709224920 0
14712616408 0
14712880600 0
14713099736 0
14713132376 0
14713132504 0
14713132505 0
14713134425 0
14713140696 0
14713140697 0
14713142744 0
14713142745 0
14713148888 0
14713148889 0
14713157080 0
14713157081 0
14713159128 0
14713159129 0
14713361880 0
14713394329 0
14713394520 0
14713394521 0
14713394648 0
14713394649 0
14713402840 0
14713402841 0
14713404888 0
14713404889 0
14713411032 0
14713411033 0
14713419224 0
14713419225 0
14713421272 0
14713421273 0
14721268889 0
14725742040 0
14729934297 0
14729936344 0
14729936345 0
14730196441 0
14730198169 0
14730198488 0
14730198489 0
14738035896 3
14738044088 3
14738046136 2
14746686968 0
14746686969 0
14746695160 0
14746695161 0
14746697208 0
14746697209 0
14746703352 0
14746703353 0
14746711544 0
14746711545 0
14746713592 0
14746713593 0
14746948984 0
14746949112 0
14746949113 0
14746957304 0
14746957305 0
14746959352 0
14746959353 0
14746965497 0
14746973688 0
14746973689 0
14746975736 0
14746975737 0
14754823673 0
14763490808 0
14763490809 0
14763750905 0
14763752952 0
14763752953 0
14782021276 0
14782021278 0
14782021596 0
14790950876 0
14838644381 0
14847557596 0
14847557597 0
14847573980 0
14847573981 0
14855421596 3
14855421597 0
14855421598 3
14864351196 2
14864351197 0
14864351198 0
14864351199 0
14872198845 0
14881112060 0
14881112061 0
14881128444 0
14881128445 0
14897905341 0
14897905660 0
14897905661 0
14897905663 0
14916239004 0
14916239006 0
14916239260 0
14916239262 0
14916239324 0
14916239326 0
14918336156 0
14918336158 0
14918336476 0
14918336478 0
14918598300 0
14918598302 0
14918598620 0
14918598622 0
14925168284 0
14925168286 0
14925168604 0
14925168606 0
14927265436 0
14927265438 0
14927265756 0
14927265758 0
14927527900 0
14927527902 0
14931460061 0
14931722205 0
14965014525 0
14965276669 0
14972862109 0
14981775324 0
14981775325 0
14981791708 0
14981791709 0
14982037468 0
14982037469 0
14982037471 0
14982053852 0
14982053853 0
14994374620 0
14994636764 0
14998568604 0
14998568605 0
14998568924 0
14998568925 0
14998568926 0
14998568927 0
14998830749 0
14998831068 0
14998831069 0
14998831070 0
14998831071 0
15006416573 0
15015329788 0
15015329789 0
15015346172 0
15015346173 0
15015346174 0
15015591932 0
15015591933 0
15015591934 0
15015591935 0
15015608316 0
15015608317 0
15032123069 0
15032123071 0
15032123388 0
15032123389 0
15032123390 0
15032123391 0
15032385532 0
15032385533 0
15032385534 0
15032385535 0
16793794009 0
16810573273 0
16818410681 0
16827323577 0
16827323897 0
16827332089 0
16827340281 0
16827348473 0
16827350521 0
16844127609 0
16844127737 0
16851965081 0
16851975321 0
16860878168 0
16860878296 0
16860878297 0
16860886488 0
16860886489 0
16860888536 0
16860888537 0
16860894681 0
16860902872 0
16860902873 0
16860904920 0
16860904921 0
16868752536 0
16877680089 0
16877681816 0
16877681817 0
16877682136 0
16877682137 0
16885486776 3
16885519544 3
16885527736 3
16885527737 0
16885529784 3
16885529785 0
16893918712 3
16894399992 0
16894432632 0
16894432633 0
16894432760 2
16894432761 0
16894434680 0
16894434681 0
16894434808 0
16894434809 0
16894440952 3
16894440953 0
16894442681 0
16894442872 0
16894442873 0
16894443000 3
16894443001 0
16894449144 0
16894449145 0
16894451065 0
16894451192 0
16894451193 0
16894457016 2
16894457336 0
16894457337 0
16894459064 3
16894459065 0
16894459384 2
16894459385 0
16902307000 2
16902307001 0
16911211896 0
16911211897 0
16911212025 0
16911220088 0
16911220089 0
16911220216 0
16911220217 0
16911228280 0
16911228281 0
16911228408 0
16911228409 0
16911234553 0
16911236280 0
16911236281 0
16911236472 0
16911236473 0
16911236600 1
16911236601 0
17079205853 0
17112760317 0
17129521117 0
17129521119 0
17129537501 0
17146314397 0
17146314716 0
17146314717 0
17146314718 0
17146314719 0
17163075452 0
17163075453 0
17163075580 0
17163075581 0
17163075582 0
17163075583 0
17163091964 0
17163091965 0
17163091966 0
17163091967 0
17170939581 0
17179852668 0
17179852796 0
17179852797 0
17179869052 0
17179869053 0
17179869180 3
17179869181 0
17179869182 3
17179869183 0

# Neuron 4: 5003 entries
# Connections: [349, 52, 173, 70, 191, 265, 57, 210, 67, 306, 197, 245, 129, 94, 178, 26, 90, 121, 25, 208, 45, 214, 159, 31, 267, 43, 275, 331, 337, 254, 20, 13, 337, 239]
131072 0
131080 0
131088 0
131096 0
131152 0
131160 3
131194 3
131280 0
131288 3
131314 3
131322 3
147456 0
147464 0
147536 0
147544 3
147578 3
147664 0
147672 3
147706 3
425992 0
426008 0
426072 0
426136 0
426200 0
427016 0
427032 0
427096 0
427130 0
427160 0
427224 0
427258 0
442376 0
442456 0
443400 0
443416 0
443480 0
443514 0
443544 0
443592 0
443608 0
443642 0
2228224 3
2228232 2
2228240 0
2228248 0
2228304 3
2228432 2
2228440 0
2228466 0
2244632 0
2523160 0
2523224 0
2523288 0
2523352 0
2523386 0
2523400 0
2523416 0
2523480 0
2524168 0
2524184 0
2524248 0
2524312 0
2524376 0
2524410 0
2524440 0
2524504 0
2524538 0
2524568 0
2524632 0
2524666 0
2531608 0
2531672 0
2531800 0
2532696 0
2532824 0
2532858 0
2539544 0
2539784 0
2539800 0
2539864 0
2540568 0
2540632 0
2540760 0
2540794 0
2540824 0
2540888 0
2540952 0
2541016 0
2547976 0
2548056 0
2549016 0
2549080 0
2549208 0
2549242 0
16908288 3
16908296 0
16908304 0
16908312 0
16908368 0
16908376 3
16908410 2
16908432 0
16908440 0
16908488 0
16908496 0
16908504 3
16908538 3
16924672 0
16924680 0
16924696 0
16924760 3
16924880 0
16924888 3
16924922 3
16973968 0
16990458 2
17203208 0
17203224 0
17203288 0
17203336 0
17203352 0
17203416 0
17203450 0
17204232 0
17204248 0
17204312 0
17204360 0
17204376 0
17204424 0
17204440 0
17204474 0
17219592 0
17219608 0
17219672 0
17219736 0
17219800 0
17219834 0
17220616 0
17220632 0
17220696 0
17220760 0
17220808 0
17220824 0
17220858 0
17268952 0
17269976 0
17270010 0
17285336 0
17285370 0
17286360 0
19005440 3
19005448 3
19005456 0
19005464 0
19005520 3
19005576 2
19005592 3
19005648 3
19005656 3
19005682 0
19005690 3
19014130 0
19021848 0
19022040 0
19071192 3
19300360 0
19300376 0
19300440 0
19300474 0
19300488 0
19300504 0
19300568 0
19300602 0
19300616 0
19300632 0
19300696 0
19300760 0
19300824 0
19300858 0
19301384 0
19301400 0
19301464 0
19301528 0
19301592 0
19301626 0
19301640 0
19301656 0
19301720 0
19301768 0
19301784 0
19301848 0
19301882 0
19308824 0
19308888 0
19308952 0
19309016 0
19309050 0
19309832 0
19309848 0
19309912 0
19309976 0
19310040 0
19310074 0
19316760 0
19316824 0
19316952 0
19316986 0
19317000 0
19317016 0
19317080 0
19317144 0
19317208 0
19317242 0
19317784 0
19317848 0
19317912 0
19317976 0
19318010 0
19318024 0
19318040 0
19318104 0
19318168 0
19318216 0
19318232 0
19318266 0
19325192 0
19325208 0
19325272 0
19325400 0
19326232 0
19326296 0
19326360 0
19326424 0
19326458 0
19366104 0
19366360 0
19367128 0
19367162 0
19367384 0
19374552 0
19375576 0
19382488 0
19382744 0
19382778 0
19383512 0
19383546 0
19383768 0
67256320 0
67256328 0
67256336 0
67256344 0
67256400 0
67256408 0
67256528 0
67260424 0
67260440 0
67260496 0
67260504 0
67260530 0
67551240 0
67551256 0
67551320 0
67552264 0
67552280 0
67552344 0
67552378 0
67552408 0
67552472 0
67552506 0
67555336 0
67555352 0
67555416 0
67555544 0
67556360 0
67556376 0
67556440 0
67556474 0
67556504 0
67556568 0
67556602 0
69353488 0
69353496 0
69353552 0
69357592 0
69357656 0
69648408 0
69648648 0
69648664 0
69648728 0
69649432 0
69649496 0
69649624 0
69649658 0
69649688 0
69649752 0
69649880 0
69652504 0
69652760 0
69652824 0
69653528 0
69653592 0
69653720 0
69653784 0
69653848 0
69653976 0
69656920 0
69657880 0
69657944 0
69658072 0
69660952 0
69661016 0
69662168 0
84033536 0
84033544 0
84033552 0
84033560 0
84033616 0
84033624 1
84033680 0
84033688 0
84033752 0
84033786 0
84037632 0
84037640 0
84037656 0
84037712 0
84037720 0
84037848 0
84037874 0
84037882 0
84099288 0
84103384 0
84328456 0
84328472 0
84328536 0
84328600 0
84328664 0
84328698 0
84329480 0
84329496 0
84329560 0
84329624 0
84329672 0
84329688 0
84329722 0
84332552 0
84332568 0
84332632 0
84332680 0
84332696 0
84332744 0
84332760 0
84332794 0
84333576 0
84333592 0
84333656 0
84333720 0
84333784 0
84333818 0
84394200 0
84395224 0
84395258 0
84398296 0
86130704 0
86130712 0
86130896 0
86130904 0
86134808 0
86135000 0
86139352 0
86139378 0
86425608 0
86425624 0
86425688 0
86425752 0
86425816 0
86425850 0
86425864 0
86425880 0
86425944 0
86426008 0
86426072 0
86426106 0
86426632 0
86426648 0
86426712 0
86426776 0
86426840 0
86426874 0
86426888 0
86426904 0
86426968 0
86427032 0
86427080 0
86427096 0
86427130 0
86429704 0
86429720 0
86429784 0
86429832 0
86429848 0
86429912 0
86429946 0
86429960 0
86429976 0
86430040 0
86430168 0
86430202 0
86430744 0
86430808 0
86430872 0
86430936 0
86430984 0
86431000 0
86431128 0
86431192 0
86431226 0
86434056 0
86434072 0
86434136 0
86434264 0
86435080 0
86435096 0
86435160 0
86435224 0
86435288 0
86435322 0
86438168 0
86438232 0
86438360 0
86438394 0
86439192 0
86439320 0
86439384 0
86491352 0
86491608 0
86492376 0
86492632 0
86495448 0
86495482 0
86495704 0
86495738 0
86496472 0
86500824 0
134660184 0
134660312 0
135709704 0
136741896 0
137494528 0
137494536 0
137494680 3
137494744 3
137494992 0
137502984 0
137510920 0
137789448 0
137789592 0
137789704 0
137790472 0
137790488 0
137790600 0
137790616 0
137790680 0
137790728 0
137790808 0
137790872 0
137790936 0
137805832 0
137806856 0
137806872 0
137807000 0
137807064 0
137807192 0
137807320 0
151421144 0
151437528 0
152174600 0
152174808 0
152174842 2
152190984 0
152191192 0
152469512 0
152470536 0
152470744 0
152485896 0
152486104 0
152486920 0
152487128 0
152551640 0
152552664 0
153519112 0
154271744 0
154271752 0
154271808 0
154271880 2
154271888 0
154271896 0
154271952 0
154271960 3
154272000 0
154272064 0
154272144 0
154280192 0
154280200 0
154280256 0
154280336 0
154280400 0
154280408 0
154288136 0
154288280 0
154566664 0
154566792 0
154566808 0
154566872 0
154566906 0
154566920 0
154567064 0
154567128 0
154567162 0
154567688 0
154567704 0
154567816 0
154567832 0
154567896 0
154567930 0
154567944 0
154568024 0
154568088 0
154568152 0
154568186 0
154575112 0
154575256 0
154575354 0
154576136 0
154576280 0
154576344 0
154576378 0
154583048 0
154583192 0
154583256 0
154583290 0
154583304 0
154583512 0
154584072 0
154584088 0
154584216 0
154584280 0
154584314 0
154584328 0
154584408 0
154584472 0
154584520 0
154584536 0
154584570 0
154591496 0
154591704 0
154592520 0
154592664 0
154592728 0
154592762 0
154632408 0
154632442 0
154632664 0
154633432 0
154633688 0
154641880 0
154648792 0
154649816 0
154650072 0
187834840 0
188129752 0
188130776 0
188146170 0
202526720 3
202821640 3
202822664 3
204619776 1
204619784 0
204623880 0
204914696 0
204915720 3
204915736 0
204915800 0
204915864 0
204915928 0
204916056 0
204916184 0
204918792 0
204919816 0
204919832 0
204919960 0
204920024 0
204920216 0
218251272 0
218251408 3
218251416 3
218251480 0
218255576 0
218546328 3
218546392 0
218547352 3
218547416 0
218550488 0
219303936 3
219303944 3
219594760 0
219595784 0
219595992 0
219596026 0
219598856 3
219599880 3
219600088 0
219600122 0
220357080 0
220651992 0
220656088 0
221396992 3
221397000 0
221397136 0
221397144 0
221401096 0
221401240 0
221691912 3
221692056 0
221692120 0
221692154 0
221692168 0
221692376 0
221692410 0
221692936 2
221693080 0
221693144 0
221693178 0
221693192 0
221693272 0
221693336 0
221693384 0
221693400 0
221693434 0
221696008 0
221696152 0
221696216 0
221696264 0
221696408 0
221696472 0
221697032 0
221697176 0
221697240 0
221697432 0
221697496 0
221701384 0
221701528 0
221701592 0
221701626 0
221704664 0
221704698 0
221705480 0
221705624 0
221705688 0
221705722 0
221757912 0
221758680 0
221758936 0
221762008 0
221767128 0
221767162 0
221771224 0
254964184 0
255255034 0
539394298 0
539395096 0
539395160 0
539395224 0
539395322 0
539402504 0
539403544 0
539403608 0
539403736 0
539403770 0
539405656 0
539405784 0
539419928 0
539419992 0
539420026 0
539420120 0
539420154 0
547794264 0
547794392 0
556171514 0
556172312 0
556172376 0
556172538 0
556179720 0
556179928 0
556180744 0
556180760 0
556180824 0
556180888 0
556180952 0
556180986 0
556182792 0
556182872 0
556183000 0
556183034 0
556196104 0
556196312 0
556196346 0
556197128 0
556197144 0
556197208 0
556197272 0
556197336 0
556197370 0
556199384 0
556246488 0
556248536 0
556248570 0
556264920 0
564569432 0
564569594 0
564571400 0
564571416 0
564571480 0
564571608 0
564571642 0
564587784 0
564588026 0
606524440 0
606528792 0
606528856 0
606528984 0
606530904 0
606532872 0
606532888 0
606532952 0
606533080 0
614923608 0
623010264 0
623014360 0
623304984 0
623305176 0
623306008 0
623306072 0
623306136 0
623306200 0
623306234 0
623308248 0
623308282 0
623309272 0
623309306 0
623310088 0
623310104 0
623310168 0
623310232 0
623310296 0
623312344 0
623373784 0
623374842 0
631696648 0
631696664 0
631696890 0
631700744 0
631700760 0
631700952 0
674669832 0
674669976 0
674670040 0
691142656 0
691142800 0
691142912 0
691143056 0
691151104 0
691151112 3
691151168 0
691151248 0
691151312 0
691167496 0
691437720 0
691437976 0
691446168 0
691447048 0
691447192 0
691447256 0
691447290 0
691449096 0
691449240 0
691449304 0
691449338 0
691462408 0
691463432 0
691463576 0
691463640 0
691463674 0
691465480 0
691465688 0
691465722 0
691512792 0
691514840 0
691514874 0
691529176 0
691531224 0
699835898 0
699836680 0
699837704 0
699837912 0
699837946 0
699852282 0
699854088 0
699854296 0
699854330 0
707930520 2
707930584 2
708223240 0
724705536 0
724705600 0
724705752 0
724707592 3
724707736 3
724707800 3
724707834 0
724724184 0
725000456 0
725000664 0
725000698 0
725001480 0
725002648 0
725002712 0
725002746 0
725016840 0
725017082 0
725018072 0
725019096 0
725019130 0
725066200 0
733391320 0
741794056 0
757522904 0
758571272 0
758572296 0
758572440 0
758572504 0
758572538 0
758574344 0
758574488 0
758574552 0
758574586 0
758575512 0
758576392 0
758576536 0
758576600 0
758578584 0
758578648 0
758638040 0
758644184 0
766961146 0
766962952 0
766963160 0
766963194 0
766965208 0
766967256 0
766967290 0
791833048 0
791835096 0
791835130 0
791837178 0
791900666 0
792125912 0
792126872 0
792127896 0
792127960 0
792127994 0
792129800 0
792130008 0
792130042 0
792132090 0
2164391936 0
2164391944 0
2164391952 0
2164391960 0
2164392024 0
2164392088 0
2164392152 0
2164392186 3
2164408328 0
2164408344 0
2164408408 0
2164408536 0
2164457616 0
2164457688 0
2164457714 0
2164457722 3
2164474072 0
2164474106 3
2164686856 0
2164686872 0
2164686936 0
2164686984 0
2164687000 0
2164687064 0
2164687880 0
2164687896 0
2164687960 0
2164688024 0
2164688088 0
2164703240 0
2164703256 0
2164703320 0
2164703384 0
2164703448 0
2164704264 0
2164704280 0
2164704344 0
2164704408 0
2164704472 0
2164752600 0
2164752634 0
2164753624 0
2164753658 0
2164768984 0
2164769018 0
2164770008 0
2164770042 0
2166489096 0
2166489112 0
2166489240 0
2166489296 2
2166489304 0
2166489338 3
2166497624 3
2166505496 0
2166554840 3
2166554874 3
2166784008 0
2166784024 0
2166784136 0
2166784152 0
2166784216 0
2166784250 0
2166784264 0
2166784472 0
2166785032 0
2166785048 0
2166785112 0
2166785176 0
2166785240 0
2166785274 0
2166785368 0
2166785432 0
2166785496 0
2166792600 0
2166793560 0
2166793624 0
2166793688 0
2166793722 0
2166800408 0
2166800600 0
2166800648 0
2166800856 0
2166801432 0
2166801560 0
2166801816 0
2166801880 0
2166808840 0
2166808920 0
2166849752 0
2166849786 0
2166850008 0
2166850776 0
2166850810 0
2166851032 0
2166851066 0
2166858200 0
2166859224 0
2166866136 0
2166866170 0
2166866392 0
2166866426 0
2166867160 0
2166867194 0
2166867416 0
2166867450 0
2166875608 0
2168586369 0
2231517192 0
2231517208 0
2231517272 0
2231517400 0
2231521288 0
2231521304 0
2231521368 0
2231521432 0
2231521496 0
2231582936 0
2231587032 0
2231587058 0
2231587066 0
2231812104 0
2231812120 0
2231812184 0
2231812248 0
2231812312 0
2231813128 0
2231813144 0
2231813208 0
2231813272 0
2231813336 0
2231816200 0
2231816216 0
2231816344 0
2231816392 0
2231816408 0
2231816442 0
2231817224 0
2231817240 0
2231817368 0
2231817432 0
2231877848 0
2231877882 0
2231878872 0
2231878906 0
2231881944 0
2231881978 0
2231882968 0
2231883002 0
2233614360 0
2233614488 0
2233614552 0
2233618456 0
2233618648 0
2233684184 0
2233688536 0
2233692632 0
2233909256 0
2233909272 0
2233909400 0
2233909720 0
2233910296 0
2233910680 0
2233913352 0
2233913368 0
2233913496 0
2233913560 0
2233913608 0
2233913688 0
2233913816 0
2233914392 0
2233914520 0
2233914776 0
2233917912 0
2233921800 0
2233922008 0
2233975000 0
2233975256 0
2233975290 0
2233976024 0
2233976280 0
2233976314 0
2233979096 0
2233979130 0
2233979352 0
2233979386 0
2233980120 0
2233980410 0
2233983448 0
2233984472 0
2233987544 0
2233987578 0
2236239881 0
2236534793 0
2299658248 0
2299953160 0
2299953368 0
2299954184 0
2299954392 0
2299969544 0
2299969752 0
2299970568 0
2300019928 0
2301755392 0
2301755400 0
2301755456 0
2301755544 1
2301755608 2
2301755648 0
2301755712 0
2301763840 0
2301763848 0
2301763904 0
2301771784 0
2302050312 0
2302050376 0
2302050440 0
2302050456 0
2302050520 0
2302050568 0
2302050712 0
2302050776 0
2302051336 0
2302051480 0
2302051544 0
2302051592 0
2302051736 0
2302051800 0
2302051834 0
2302058760 0
2302058904 0
2302058968 0
2302059784 0
2302059928 0
2302059992 0
2302060026 0
2302066696 0
2302066840 0
2302066904 0
2302066952 0
2302067160 0
2302067864 0
2302067962 0
2302067976 0
2302068120 0
2302076376 0
2302116056 0
2302116312 0
2302117080 0
2302117114 0
2302117336 0
2302117370 0
2302124504 0
2302125528 0
2302125562 0
2302132474 0
2302132696 0
2302132730 0
2302133464 0
2302133498 0
2302133720 0
2302141912 0
2302141946 0
2305949697 0
2305958145 0
2306244617 0
2306473985 0
2306768905 0
2335384024 0
2335678936 0
2335678970 0
2335695354 0
2365734920 0
2365800664 0
2366029832 0
2366030040 0
2366095576 0
2366783704 0
2366787592 0
2367078408 0
2367078616 0
2367082504 0
2367145176 0
2368135640 0
2368201176 0
2368205272 0
2368880648 0
2368884744 0
2368884888 0
2368893192 0
2369175560 0
2369175704 0
2369175768 0
2369175816 0
2369176024 0
2369176584 0
2369176728 0
2369176792 0
2369176840 0
2369176984 0
2369177048 0
2369179656 0
2369179800 0
2369179864 0
2369179912 0
2369180056 0
2369180120 0
2369180680 0
2369180824 0
2369180888 0
2369180936 0
2369181080 0
2369181144 0
2369184008 0
2369184152 0
2369185032 0
2369185240 0
2369188104 0
2369189336 0
2369189370 0
2369242328 0
2369242362 0
2369242584 0
2369245400 0
2369245656 0
2369246424 0
2369246680 0
2369250776 0
2369250810 0
2370981897 0
2371276809 0
2371277017 0
2371506185 0
2371801097 0
2371801305 0
2373079049 0
2373373961 0
2373374105 0
2373599385 0
2373603337 0
2373898249 0
2373898393 0
2432827408 0
2432827416 0
2432827480 0
2432827536 0
2432827544 0
2432827608 0
2432827928 0
2432827992 0
2432843800 0
2432843864 3
2432843928 0
2432843992 0
2432893072 1
2432893144 0
2432893178 3
2432909528 0
2432909562 3
2433122328 0
2433122392 0
2433122554 0
2433123352 0
2433123416 0
2433123480 0
2433123544 0
2433123928 0
2433138712 0
2433138776 0
2433138904 0
2433139736 0
2433139800 0
2433139864 0
2433139928 0
2433188056 0
2433188090 0
2433189080 0
2433189114 0
2433204440 0
2433204474 0
2433205464 0
2433352216 0
2433352280 0
2433352408 3
2433368600 0
2433368664 0
2433417944 0
2433434328 0
2433663576 0
2433713880 0
2433729240 0
2434924568 0
2434924696 0
2434924760 0
2434924794 0
2434925080 0
2434940952 0
2434941080 0
2434941178 0
2434941464 0
2434990296 3
2434990330 3
2435006680 0
2435219480 0
2435219544 0
2435219608 0
2435219672 0
2435219706 0
2435219864 0
2435219928 0
2435219992 0
2435220120 0
2435220504 0
2435220888 0
2435220952 0
2435227928 0
2435228056 0
2435228120 0
2435228952 0
2435229080 0
2435235864 0
2435235928 0
2435236056 0
2435236184 0
2435236312 0
2435236376 0
2435236888 0
2435237144 0
2435237272 0
2435244376 0
2435244888 0
2435285144 0
2435285208 0
2435285242 0
2435285464 0
2435285498 0
2435286168 0
2435286232 0
2435286266 0
2435286488 0
2435293656 0
2435294680 0
2435294714 0
2435301592 0
2435301626 0
2435301848 0
2435301882 0
2435302616 0
2435302650 0
2435302872 0
2435449368 0
2435449496 0
2435449560 3
2435465752 0
2435465880 0
2435744280 0
2435744344 0
2435744408 0
2435760664 0
2435760728 0
2435760792 0
2435761688 0
2435810008 0
2435810264 0
2435826648 0
2437021721 0
2437021785 2
2437038169 3
2437038681 3
2437087377 0
2437087449 1
2437087889 0
2437316761 0
2437546513 0
2437546521 0
2437546585 2
2437546641 0
2437562969 3
2437612177 0
2437612249 3
2437612283 3
2437628667 3
2437923545 0
2439118873 2
2439119385 3
2439135257 0
2439184601 3
2439184635 3
2439185113 3
2439185147 3
2439413785 0
2439413913 0
2439422233 0
2439422361 0
2439479513 0
2439479547 0
2439479769 0
2439480059 0
2439480281 0
2439480571 0
2439481083 0
2439487961 0
2439488473 0
2439488985 0
2439495897 0
2439496153 0
2439496187 0
2439496409 0
2439496443 0
2439496955 0
2439497211 0
2439497467 0
2439643673 3
2439643737 2
2439660057 0
2439709401 3
2439709435 3
2439938585 0
2439938649 0
2440004313 0
2440004347 0
2440004569 0
2440004603 0
2440005371 0
2440005593 0
2440005627 0
2440012761 0
2440013785 0
2440013819 0
2440020697 0
2440020953 0
2440020987 0
2440021977 0
2440029179 0
2440030203 0
2499952664 0
2499952728 0
2499952792 0
2499952856 0
2499952890 0
2499953368 0
2499956760 0
2499956824 0
2499956952 0
2499956986 0
2499957336 0
2500018392 0
2500018426 0
2500018904 0
2500022488 0
2500022514 0
2500022522 3
2500247576 0
2500247640 0
2500247768 0
2500247802 0
2500248600 0
2500248664 0
2500248728 0
2500248792 0
2500249112 0
2500249176 0
2500249240 0
2500249304 0
2500251672 0
2500251736 0
2500251864 0
2500251898 0
2500252184 0
2500252248 0
2500252696 0
2500252760 0
2500252888 0
2500313304 0
2500313338 0
2500313816 0
2500313850 0
2500314328 0
2500317400 0
2500317434 0
2500317912 0
2500318424 0
2500318458 0
2500477464 0
2500481560 0
2500481624 0
2500543192 0
2500547288 0
2500776472 0
2500776536 0
2500838104 0
2500838138 0
2500842200 0
2502049816 0
2502049944 0
2502050008 0
2502050042 0
2502050328 0
2502053912 0
2502054040 0
2502054424 0
2502115544 0
2502119640 0
2502123992 0
2502128088 0
2502344728 0
2502344792 0
2502344856 0
2502344954 0
2502345048 0
2502345112 0
2502345752 0
2502346136 0
2502346264 0
2502348824 0
2502348888 0
2502349016 0
2502349272 0
2502349336 0
2502349400 0
2502349848 0
2502350232 0
2502350296 0
2502353304 0
2502357272 0
2502357400 0
2502410456 0
2502410490 0
2502410712 0
2502411480 0
2502411736 0
2502414552 0
2502414586 0
2502414808 0
2502414842 0
2502415576 0
2502418904 0
2502418938 0
2502423000 0
2502423034 0
2502574616 0
2502574744 0
2502578712 0
2502869528 0
2502869592 0
2502869656 0
2502873624 0
2502873688 0
2502873752 0
2502935512 0
2502939352 0
2504151065 0
2504212697 0
2504212731 0
2504216793 0
2504216827 0
2504217305 0
2504441945 0
2504442969 0
2504507609 0
2504507643 0
2504508121 0
2504508633 0
2504511739 0
2504671769 0
2504675865 0
2504675929 0
2504741593 0
2504741627 3
2504970841 0
2505036539 0
2506244121 0
2506248217 0
2506248729 0
2506318331 0
2506539161 0
2506543129 0
2506604761 0
2506605017 0
2506608857 0
2506609113 0
2506609147 0
2506609369 0
2506609625 0
2506609659 0
2506613243 0
2506617305 0
2506617339 0
2506768921 0
2506773017 0
2507067929 0
2507068185 0
2507068249 0
2507129561 0
2507129817 0
2507129851 0
2507133657 0
2507133691 0
2507133913 0
2507133947 0
2507142105 0
2568388824 0
2568405208 0
2570191000 0
2570485912 0
2570486168 0
2570486232 0
2570486936 0
2570487000 0
2570487192 0
2570495384 1
2570502616 0
2570503320 0
2570503384 0
2570503640 0
2570551512 0
2570551768 0
2570551802 0
2570552536 0
2570552570 0
2570552792 0
2570552826 0
2570559960 0
2570560984 0
2570561018 0
2570567896 0
2570567930 0
2570568152 0
2570568186 0
2570568664 0
2570568920 0
2570576344 0
2570576378 0
2570577368 0
2570715800 0
2571010712 0
2571076568 0
2571092952 0
2571101144 0
2574745817 0
2574745851 0
2574746073 0
2574746107 0
2574746329 0
2574746585 0
2574754777 0
2574762457 0
2574762491 0
2574910097 0
2574910105 0
2574910161 0
2574910353 0
2574910417 0
2574918609 0
2574935001 3
2575205017 0
2575205081 0
2575229913 0
2575270553 0
2575270617 0
2575270873 0
2575270907 0
2575279065 0
2575279099 0
2575287001 0
2575287257 0
2575287291 0
2603819514 0
2604048792 0
2604114392 0
2634236120 0
2634236154 0
2634240216 0
2634531032 0
2634531544 0
2634760920 0
2635055832 0
2635284696 0
2635288826 0
2635515096 0
2635518168 0
2635579608 0
2635583738 0
2636636666 0
2637316248 0
2637320344 0
2637611416 0
2637612184 0
2637612696 0
2637615256 0
2637615512 0
2637616280 0
2637616536 0
2637616600 0
2637676760 0
2637677016 0
2637677050 0
2637677528 0
2637677784 0
2637677818 0
2637680856 0
2637681112 0
2637681146 0
2637681880 0
2637681914 0
2637682136 0
2637686266 0
2637689304 0
2637845144 0
2638140056 0
2638201816 0
2638430459 0
2638665369 0
2639479001 0
2639483131 0
2639773913 0
2639774937 0
2639778043 0
2640007931 0
2640302843 0
2640830971 0
2641580249 0
2641588697 0
2641806489 0
2641809561 0
2641811097 0
2641871065 0
2641871321 0
2641871355 0
2641871833 0
2641872601 0
2641875161 0
2641875417 0
2641876697 0
2642396121 0
2642396155 0
2642399961 0
2642400217 0
2642400251 0
2642404313 0
2671473624 0
2703368536 3
2703656186 0
2703663368 0
2703664408 0
2703664472 0
2703664536 0
2703664600 0
2703664634 0
2703666456 0
2703666520 0
2703680920 0
2703680984 0
2703681018 0
2703721722 0
2703729112 0
2703730136 0
2703730170 0
2703732184 0
2703732218 0
2703746520 0
2703746554 0
2703748568 0
2703748602 0
2712055064 0
2712055128 0
2770559448 0
2770561496 0
2770563544 0
2770565626 0
2770788824 0
2770791704 0
2770791768 0
2770792712 0
2770793752 0
2770793880 0
2770854360 0
2770855384 0
2770855418 0
2770857432 0
2770857466 0
2770858456 0
2770858490 0
2770859480 0
2779180538 0
2779184408 0
2838626304 0
2838626560 0
2838634752 0
2838634816 0
2838634896 0
2838634904 0
2838651352 0
2838930840 0
2838930904 0
2838932952 0
2838947288 0
2838947322 0
2838996440 0
2838998488 0
2838998522 0
2839011800 0
2839011834 0
2839012824 0
2839014872 0
2839014906 0
2842820609 0
2842829057 0
2872189184 0
2872189248 0
2872189336 0
2872191240 2
2872191384 3
2872256984 2
2872484104 0
2872484312 0
2872485128 0
2872485336 0
2872486152 0
2872486296 0
2872486360 0
2872487176 0
2872501720 0
2872549882 0
2872550906 0
2872551896 0
2872552954 0
2872566266 0
2872568314 0
2873024776 0
2880874904 0
2905006552 0
2905072088 0
2905764104 0
2906055944 0
2906056088 0
2906058234 0
2906060184 0
2906121688 0
2906123736 0
2906123770 0
2906125784 0
2906125818 0
2910777609 0
2914446842 0
2914450938 0
2914512344 0
2914512378 0
2939613448 0
2939679226 0
2971795544 3
2972090392 0
2972090456 0
2972090904 0
2972091416 0
2972098968 0
2972099864 0
2972106776 0
2972106840 0
2972115288 0
2972157080 0
2972157144 0
2972157178 0
2972164568 0
2972164602 0
2972165592 0
2972165626 0
2972166650 0
2972167640 0
2972167674 0
2972180952 0
2972182010 0
2972183034 0
2972184024 0
2972320344 3
2972615192 0
2972615256 0
2972623704 0
2972631576 0
2972631640 0
2972689368 0
2976293145 0
2976350459 0
2976350617 0
2976350715 0
2976351483 0
2976358873 0
2976358907 0
2976359897 0
2976359931 0
2976361979 2
2976378329 0
2976875259 0
2976875515 0
2976876283 0
2976876539 0
2976884633 0
2976884697 0
2976884731 0
2976900057 0
2980479064 0
2980553210 0
2981003864 0
2985263867 0
2985264857 0
2985275387 0
3038929304 0
3038929368 0
3038994904 0
3038999000 0
3038999034 0
3039001048 0
3039001082 0
3039216664 0
3039219736 0
3039220760 0
3039228312 0
3039289816 0
3039289850 0
3039290874 0
3039293912 0
3039293946 0
3039294936 0
3039294970 0
3039295960 0
3039295994 0
3039744536 0
3039814616 0
3043193305 0
3043488217 0
3043488251 0
3043488763 0
3044013051 0
3107070360 0
3107070424 0
3107365272 0
3107365336 0
3107366296 0
3107366360 0
3107367384 0
3107381720 0
3107384792 0
3107430906 0
3107431896 0
3107431930 0
3107432920 0
3107433944 0
3107447256 0
3107449338 0
3107450328 0
3111626713 0
3111644633 0
3111789457 0
3111789521 0
3111805913 3
3140624792 0
3140624856 0
3140690392 0
3140692440 0
3140919704 0
3140919768 0
3140921752 0
3140922776 0
3140985304 0
3140987352 0
3141001688 0
3141001722 0
3141003770 0
3144884731 2
3145196027 0
3145704409 0
3173511674 0
3174199704 0
3174201816 0
3174490520 0
3174494616 0
3174495640 0
3174556120 0
3174557144 0
3174559192 0
3174560216 0
3174560250 0
3174561240 0
3174562264 0
3178226683 0
3178230779 0
3178684825 0
3178750425 0
3182947834 0
3207821784 0
3208111576 0
3208114648 0
3208635352 0
3212304857 0
3212308953 0
4842465544 3
4842761496 0
4842761560 0
4851150296 0
4851150330 0
4851166616 0
4851166680 0
4851215832 0
4859242760 3
4859242840 2
4859538712 0
4859538776 0
4859538840 0
4859538904 0
4859538938 0
4859555096 0
4859555322 0
4909886744 0
4909886808 0
4917979608 0
4918279640 0
4926663960 0
4926664152 0
4926664186 0
4926668248 0
4986416600 0
4986416634 0
4986432920 0
4986432984 0
4986482136 0
4994805000 0
4994805242 0
4994821528 0
4994821626 0
5053541848 0
5053541882 0
5053545880 0
5061930456 0
5061930490 0
5061934344 0
5061934488 0
5061934586 0
5061996026 0
6998699480 0
7007022360 0
7007022424 0
7007088122 0
7007104506 0
7074151704 0
7133900248 0
7133965784 0
7142288856 0
7142288890 0
7142354426 0
7209414138 0
7209479674 0
7267134936 0
7267150330 0
7271328251 0
7410789882 0
7410806266 0
7469525464 0
7477915130 0
7477919226 0
8590065664 0
8590065792 0
8590360584 0
8590360712 0
8590361608 0
8590361736 0
8590377096 0
8590377992 0
8590378120 0
8590378234 0
8592458760 0
8592459224 0
8592475352 0
8606843008 0
8606843016 0
8606843032 3
8606843088 0
8606843096 3
8606859272 0
8606859400 0
8607137800 0
8607137928 0
8607137944 0
8607138008 0
8607138824 0
8607138952 0
8607138968 0
8607139032 0
8607154184 0
8607154312 0
8607154392 0
8607154426 0
8607155208 0
8607155336 0
8607155352 0
8607155416 0
8607155450 0
8607203544 0
8607220952 0
8608940240 3
8608940248 1
8608948688 0
8609234952 0
8609235096 0
8609235160 0
8609235194 0
8609235976 0
8609236104 0
8609236120 0
8609236184 0
8609236360 0
8609236440 0
8609236474 0
8609244632 0
8609244666 0
8609252568 0
8609252602 0
8609252744 0
8609252760 0
8609252824 0
8609252858 0
8609259912 0
8609259992 0
8609261016 0
8609261050 0
8609300696 0
8657195008 0
8657195144 0
8657485832 0
8657485960 0
8657486856 0
8657486984 0
8657490056 0
8657491080 0
8657491160 0
8657491194 0
8673968128 0
8673968256 0
8673968264 0
8673968272 0
8673968370 0
8673972232 0
8673972352 0
8673972360 0
8673972432 3
8673972440 0
8673972466 3
8673972474 3
8674038010 0
8674263048 0
8674263176 0
8674263192 0
8674263256 0
8674264072 0
8674264200 0
8674264280 0
8674267144 0
8674267272 0
8674267288 0
8674267336 0
8674267352 0
8674267386 0
8674268296 0
8674268360 0
8674268376 0
8674268410 3
8676069618 2
8676078074 3
8676361608 0
8676361688 0
8676361722 0
8676364794 0
8676365784 0
8676368856 0
8676369880 0
8676372952 0
8676372986 0
8676373976 0
8676374010 0
8676434392 0
8676438522 0
8724578312 0
8724578440 0
8724579464 0
8725628056 0
8725643272 0
8725643400 0
8725644296 0
8725644424 0
8726676504 0
8726676632 0
8727429120 0
8727429136 0
8727429200 0
8727429248 0
8727429256 0
8727429264 0
8727429328 0
8727429392 0
8727429456 0
8727429520 0
8727429584 0
8727437712 0
8727437776 0
8727724040 0
8727724168 0
8727724184 0
8727724248 0
8727724296 0
8727724424 0
8727724428 0
8727724440 0
8727724504 0
8727725064 0
8727725192 0
8727725208 0
8727725272 0
8727725336 0
8727725464 0
8727725528 0
8727732620 0
8727733656 0
8727740808 0
8727741448 0
8727741576 0
8727741912 0
8727748872 0
8727749000 0
8741355656 0
8741355736 0
8741356680 0
8741372040 0
8741372120 0
8741373064 0
8742404232 0
8742404312 0
8742405256 0
8742405272 0
8742405336 0
8742405370 0
8742420616 0
8742421640 0
8742421720 0
8743157896 2
8743157912 3
8743157976 3
8743452808 0
8743452824 0
8743452888 0
8743453832 0
8743453848 0
8743453946 0
8743454088 0
8743454104 0
8743454168 0
8743462296 0
8743462360 0
8743462394 0
8743469272 0
8743470296 0
8743470330 0
8743470472 0
8743470552 0
8743470586 0
8743478744 0
8743478778 0
8744206336 0
8744206344 0
8744206400 0
8744206464 0
8744206472 0
8744206480 0
8744206488 0
8744206528 0
8744206544 0
8744206578 0
8744206592 0
8744206656 0
8744206720 0
8744206736 0
8744206740 0
8744206784 0
8744206800 0
8744206804 0
8744206818 0
8744206834 0
8744206838 0
8744214784 0
8744214848 0
8744214912 0
8744214924 0
8744214928 0
8744214932 0
8744214976 0
8744214992 0
8744214996 0
8744215010 0
8744215026 0
8744215030 0
8744222856 0
8744272080 0
8744272114 0
8744272336 0
8744272370 0
8744280528 0
8744280532 0
8744280562 0
8744280566 0
8744501256 0
8744501384 0
8744501400 0
8744501464 0
8744501498 0
8744501512 0
8744501640 0
8744501644 0
8744501656 0
8744501660 0
8744501720 0
8744501724 0
8744501754 0
8744502280 0
8744502408 0
8744502424 0
8744502488 0
8744502522 0
8744502664 0
8744502680 0
8744502744 0
8744502778 0
8744509708 0
8744509836 0
8744509852 0
8744509916 0
8744510856 0
8744510872 0
8744510936 0
8744510940 0
8744510970 0
8744510974 0
8744517640 0
8744517768 0
8744517784 0
8744517848 0
8744518024 0
8744518040 0
8744518104 0
8744518138 0
8744518792 0
8744518808 0
8744518872 0
8744518906 0
8744519052 0
8744519064 0
8744519128 0
8744519162 0
8744526216 0
8744526334 0
8744527320 0
8744527354 0
8744567000 0
8744568024 0
8744576506 0
8744583384 0
8761287052 0
8778064268 0
8778064284 0
8778064348 0
8778064382 0
8791703688 0
8791704584 0
8791704712 0
8792457216 0
8792457296 0
8792457424 0
8792457432 0
8792461440 0
8792461520 0
8792752136 0
8792752216 0
8792752264 0
8792752328 0
8792752344 0
8792753160 0
8792753240 0
8792753288 0
8792753352 0
8792753368 0
8792756232 0
8794554504 0
8794558600 0
8794849288 0
8794849416 0
8794850312 0
8794850440 0
8794853512 0
8794853768 0
8794854408 0
8794858764 0
8808480904 0
8808480984 0
8808481928 0
8808485000 0
8808485064 0
8808485080 0
8808486104 0
8808547544 0
8809234624 0
8809234632 0
8809234640 0
8809234648 0
8809238656 0
8809238664 0
8809238736 0
8809238770 3
8809529480 0
8809529544 0
8809529560 0
8809530456 0
8809530504 0
8809530568 0
8809530584 0
8809533576 0
8809534600 0
8810283144 0
8810287240 0
8810291672 0
8810295802 0
8810578056 0
8810578072 0
8810579160 0
8810579194 0
8810579450 0
8810582152 0
8810582232 0
8810582488 0
8810582522 0
8810586584 0
8810586618 0
8810590680 0
8810590714 0
8810644730 0
8810652120 0
8810656250 0
8811331584 0
8811331712 0
8811331720 0
8811331736 0
8811331792 0
8811331826 0
8811332082 0
8811335688 0
8811335816 0
8811335832 0
8811335922 0
8811336178 0
8811336182 3
8811340252 0
8811340286 0
8811344348 0
8811344382 0
8811626504 0
8811626632 0
8811626648 0
8811626712 0
8811626888 0
8811626904 0
8811626968 0
8811627656 0
8811627672 0
8811627736 0
8811627912 0
8811627916 0
8811627928 0
8811627992 0
8811628026 0
8811630600 0
8811630728 0
8811630744 0
8811630808 0
8811630984 0
8811630988 0
8811631000 0
8811631064 0
8811631752 0
8811631768 0
8811631832 0
8811635160 0
8811635164 0
8811635194 0
8811635198 0
8811636104 0
8811636108 0
8811636184 0
8811636188 3
8811636218 0
8811636222 0
8811639192 0
8811639256 0
8811639294 0
8811640280 0
8811640314 0
8811640318 0
8811692248 0
8811693528 0
8811701720 0
8811701724 3
8811701754 0
8811701758 0
8844894684 0
8844894718 0
8844898780 0
8844898814 0
8844960220 0
8844964350 0
8845193726 0
8845194750 0
8845256190 0
8845259262 0
9146115464 0
9146115544 0
9146115578 0
9146117512 0
9146117592 0
9146117626 0
9146131928 0
9146131962 0
9146133976 0
9146134010 0
9146183128 0
9154506234 0
9196467672 0
9212944856 0
9212948986 0
9213014522 0
9213240712 0
9213240792 0
9213242760 0
9213242840 0
9213242874 0
9213243898 0
9213244888 0
9213245946 0
9213246936 0
9213246970 0
9213309434 0
9264308560 0
9264308608 0
9264308624 0
9264308688 0
9280333192 0
9280333272 0
9280333306 0
9280335240 0
9280335320 0
9280335354 0
9280349690 0
9280351704 0
9280415192 0
9281077248 0
9281077392 0
9281077456 0
9281077490 0
9281077504 0
9281077632 0
9281077648 0
9281077696 0
9281077712 0
9281077746 0
9281085696 0
9281085760 0
9281085824 0
9281085840 0
9281085844 0
9281085888 0
9281085904 0
9281085908 0
9281085938 0
9281085942 0
9281143248 0
9281143282 0
9281151440 0
9281151444 0
9281151474 0
9281151478 0
9281372312 0
9281372376 0
9281372568 0
9281372632 0
9281373592 0
9281373656 0
9281380744 0
9281380760 0
9281380824 0
9281381768 0
9281381784 0
9281381848 0
9281381882 0
9281382808 0
9281382872 0
9281383816 0
9281383896 0
9281383930 0
9281398232 0
9281398266 0
9281399176 0
9281400280 0
9281400314 0
9281447384 0
9281447418 0
9281449466 0
9288723962 0
9289772538 0
9298177420 0
9314640128 0
9314640192 0
9314640256 0
9314640268 3
9314640272 0
9314640276 0
9314640320 0
9314640336 0
9314640340 0
9314640348 0
9314640370 0
9314640374 0
9314642316 3
9314642396 0
9314642426 0
9314642430 0
9314658810 0
9314658814 0
9314705872 0
9314705906 0
9314705910 0
9314935180 0
9314935192 0
9314935196 0
9314935256 0
9314935260 0
9314935290 0
9314935294 0
9314937228 0
9314937240 0
9314937304 0
9314937308 0
9314937342 0
9314951674 0
9314951678 0
9314952588 0
9314952668 0
9314952698 0
9314953722 0
9314953726 0
9314954636 0
9314954652 0
9314954716 0
9315000830 0
9315002844 0
9315002878 0
9323315352 0
9323315416 0
9323315608 0
9323315672 0
9323323800 0
9323323864 0
9323325848 0
9323325912 0
9323325916 0
9347166680 0
9347232216 0
9347458554 0
9347459578 0
9347460602 0
9348211164 0
9348211198 0
9348213212 0
9348213246 0
9348215260 0
9348215294 0
9348217342 0
9348280830 0
9348506076 0
9348506110 0
9348507016 0
9348507020 0
9348507096 0
9348507100 3
9348507130 0
9348507134 0
9348508158 0
9348509080 0
9348509144 0
9348509148 2
9348509178 0
9348510206 0
9348511192 0
9348512254 0
9348513160 0
9348513240 0
9348571646 0
9348572636 3
9348574684 3
9348575742 0
9348577790 0
9356901848 0
9381765596 0
9381765622 0
9381765630 0
9381767644 0
9381767674 0
9381767678 0
9381769692 0
9381769718 0
9381769726 0
9381771740 0
9381771774 0
9381831132 0
9381831166 0
9381833180 0
9381833214 0
9381835228 0
9381835262 0
9381837276 0
9381837310 0
9382060538 0
9382060542 0
9382061566 0
9382062476 0
9382062586 0
9382062590 0
9382063614 0
9382064604 0
9382064638 0
9382065662 0
9382066652 0
9382066682 0
9382066686 0
9382067710 0
9382126078 0
9382128126 0
9382130174 0
9382132222 0
9382133246 0
9390160382 0
9390225918 0
9390451198 0
9390455294 0
10388679166 0
10396772748 0
10397067660 0
10455509502 0
10455513598 0
10455804414 0
10455807486 0
10455808510 0
10455809534 0
10455869950 0
10455874046 0
10463898110 0
10463902206 0
10463967742 0
10464193022 0
10464197118 0
10754326664 0
10754343048 0
10754343128 0
10754621576 0
10754621592 0
10754621656 0
10754622600 0
10754622616 0
10754622680 0
10754622714 0
10754637960 0
10754638040 0
10754638984 0
10754639064 0
10754687192 0
10754688216 0
10754688250 0
10754704600 0
10755146888 0
10756718744 0
10756718984 0
10756719768 0
10756719832 0
10756720024 0
10756720088 0
10756728216 0
10756728280 0
10756736216 0
10756736408 0
10756784344 0
10756785624 0
10756793816 0
10756793850 0
10758832265 0
10759045329 0
10759061713 0
10759340249 0
10759356633 0
10821451912 0
10821451992 0
10821456008 0
10821456088 0
10821521658 0
10821746824 0
10821746904 0
10821747848 0
10821747864 0
10821747928 0
10821750792 0
10821750920 0
10821750936 0
10821750984 0
10821751000 0
10821751034 0
10821752024 0
10821752058 0
10821813464 0
10821816536 0
10821816570 0
10822272136 0
10823557592 0
10823561722 0
10823623128 0
10823627258 0
10823848328 0
10823849112 0
10823849368 0
10823853528 0
10823856520 0
10823856634 0
10823918040 0
10823922136 0
10823922170 0
10823923194 0
10825646217 0
10825646297 0
10825941129 0
10826174681 3
10888544392 0
10888840442 0
10888855688 0
10888855768 0
10888905944 0
10888905978 0
10889888904 0
10889888984 0
10889905368 0
10889954520 0
10889954554 0
10890641544 0
10890641560 3
10890641624 3
10890936456 0
10890936472 0
10890936712 0
10890937480 0
10890937496 0
10890937752 0
10890944904 0
10890952856 0
10890953112 0
10890953864 0
10890953880 0
10890954200 0
10891003096 0
10891003130 0
10891003352 0
10891003386 0
10891011544 0
10891011578 0
10891019480 0
10891019514 0
10891027962 0
10891165832 0
10891460744 0
10891689984 0
10891690112 0
10891690120 0
10891690128 0
10891690136 0
10891690176 0
10891690192 0
10891690226 0
10891690240 0
10891690368 0
10891690384 0
10891690388 0
10891690432 0
10891690448 0
10891690452 0
10891690482 0
10891698432 0
10891698496 0
10891698560 0
10891698572 0
10891698576 0
10891698580 0
10891698624 0
10891698640 0
10891698644 0
10891698674 0
10891706504 0
10891755728 0
10891755762 0
10891755984 0
10891756018 0
10891756022 0
10891764176 0
10891764180 0
10891764210 0
10891764214 0
10891984904 0
10891985032 0
10891985048 0
10891985112 0
10891985288 0
10891985292 0
10891985304 0
10891985308 0
10891985368 0
10891985372 0
10891986056 0
10891986072 0
10891986136 0
10891986184 0
10891986328 0
10891986332 0
10891986392 0
10891986396 0
10891993484 0
10891993560 0
10891993564 0
10891994508 0
10891994520 0
10891994584 0
10891994588 0
10892001416 0
10892001432 0
10892001496 0
10892001672 0
10892001676 0
10892001688 0
10892001692 0
10892001752 0
10892002440 0
10892002456 0
10892002520 0
10892002554 0
10892002696 0
10892002776 0
10892009944 0
10892050648 0
10892050682 0
10892050904 0
10892050908 0
10892051672 0
10892051928 0
10892051962 0
10892060120 0
10892060124 0
10892060154 0
10892067032 0
10892076538 0
10893033689 0
10893050073 0
10893558921 0
10895884417 0
10895884433 0
10895884497 0
10896179337 0
10896179609 0
10896179613 0
10896180361 0
10896188813 0
10896195721 0
10896195993 0
10896196057 0
10896245209 0
10896408705 0
10896408721 0
10896408785 0
10896703625 0
10896703881 0
10896703885 0
10896703897 0
10896704649 0
10896720009 0
10896720265 0
10896720269 0
10896720281 0
10896769275 0
10896770525 0
10925547916 0
10925547996 0
10925613566 0
10955669640 0
10955669720 0
10955673816 0
10955964552 0
10955964632 0
10955964666 0
10955965656 0
10956030202 0
10956194008 0
10956787954 2
10957014232 0
10957766792 0
10957775320 0
10957832408 3
10957840856 0
10957840890 0
10957844952 0
10957844986 0
10958061720 0
10958065800 0
10958065816 0
10958066056 0
10958070152 0
10958131672 0
10958131706 0
10958135768 0
10958135802 0
10958136792 0
10958139864 0
10958139898 0
10958815368 0
10958815474 0
10958815730 0
10958819464 0
10958819570 0
10958819826 0
10958823900 0
10958823934 0
10958827996 0
10958828030 0
10958881010 0
10958881266 0
10958885080 0
10958885106 0
10958885362 0
10958889432 0
10958889436 0
10958889466 0
10958889470 0
10958893532 0
10958893566 0
10959110280 0
10959110296 0
10959110536 0
10959110552 0
10959110616 0
10959111304 0
10959111320 0
10959111384 0
10959111560 0
10959111576 0
10959111580 0
10959114376 0
10959114392 0
10959114632 0
10959114648 0
10959115400 0
10959115416 0
10959118812 0
10959118846 0
10959119756 0
10959122824 0
10959122942 0
10959175896 0
10959176152 0
10959176920 0
10959176954 0
10959184348 0
10959184382 0
10959185368 0
10959185372 3
10959185402 0
10959185406 1
10959188478 0
10959189498 0
10959189502 0
10959343752 0
10959643134 0
10959644044 0
10959708636 0
10959863945 0
10959864025 0
10959868121 0
10960158857 0
10960158937 0
10960159961 0
10960162953 0
10960163977 0
10960388305 0
10960388313 0
10960683225 0
10960684249 0
10961736921 0
10963304857 0
10963308953 0
10963313117 0
10963313151 0
10963317247 0
10963318157 0
10963378653 0
10963382783 0
10963829129 0
10963829209 0
10963832969 0
10963833225 0
10963837405 0
10963837439 0
10992378332 0
10992382428 0
10992382462 0
10992443868 0
10992443902 0
10992447964 0
10992447998 0
10992673244 0
10992677374 0
10992678398 0
10992738780 0
10992738814 0
10992739804 0
10992739838 0
10992742910 0
10992743934 0
10992906716 0
10992968156 0
10992972252 0
10993198476 0
10993267198 0
10996871679 0
10996937215 0
10997101055 0
10997395967 0
10997461503 0
11022827736 0
11023058136 0
11023123706 0
11025154520 0
11025154554 0
11025155224 0
11025155288 0
11025155480 0
11025155544 0
11025163736 0
11025171608 0
11025171864 0
11025220056 0
11025220090 0
11025229306 0
11026956953 0
11026957017 0
11026957051 0
11026973401 0
11026973435 0
11027022553 0
11027022587 0
11027038937 0
11027038971 0
11027251963 0
11027268313 0
11027268347 0
11027317465 0
11027317499 0
11027333849 0
11027333883 0
11027481305 0
11027497689 0
11027546841 0
11027546875 3
11027563225 0
11027563259 3
11027776217 0
11027792601 0
11027841753 0
11027858137 0
11029128187 0
11029144571 0
11029414617 0
11029414651 0
11029414873 0
11029414907 0
11029431001 0
11029431035 0
11029431291 0
11029439483 0
11029578457 3
11029873625 0
11029890009 0
11029890043 0
11029939195 0
11029955579 0
11029963737 0
11089887448 0
11089891544 0
11089952984 0
11089953018 0
11089953530 0
11089957080 0
11089957114 0
11089957626 0
11090182296 0
11090182360 0
11090186456 0
11090247896 0
11090247930 0
11090248920 0
11090251992 0
11090252026 0
11090253050 0
11090477818 0
11090772730 0
11092058584 0
11092058618 0
11092062714 3
11092280728 0
11092280792 0
11092283544 0
11092284568 0
11092284824 0
11092284888 0
11092346072 0
11092346362 0
11092353496 0
11092353530 0
11092357592 0
11092357626 0
11092358650 0
11094082299 0
11094086297 0
11094086361 0
11094086395 0
11094147289 0
11094147323 0
11094147801 0
11094147835 0
11094151419 0
11094151897 0
11094151931 0
11094377177 0
11094377211 0
11094380697 0
11094381209 0
11094381307 0
11094442201 0
11094442235 0
11094442713 0
11094442747 0
11094446331 3
11094446809 0
11094446843 0
11094606553 0
11094672089 0
11094672123 3
11094676219 0
11094901465 0
11094905561 0
11094967001 0
11094971097 0
11094972155 0
11096257531 0
11096539865 0
11096539899 0
11096540155 0
11096543961 0
11096543995 0
11096544217 0
11096544251 0
11096547835 0
11096548347 0
11096781819 3
11156979864 0
11158324440 0
11158340824 0
11159373208 0
11159397848 0
11159438552 0
11159438808 0
11159454202 0
11159454936 0
11160125584 0
11160125648 0
11160125840 0
11160125844 0
11160125904 0
11160125908 0
11160134032 0
11160134036 0
11160134096 0
11160134100 0
11160191184 0
11160191218 0
11160191440 0
11160191444 0
11160191474 0
11160191478 0
11160199632 0
11160199636 0
11160199666 0
11160199670 0
11160207858 0
11160420504 0
11160420568 0
11160420602 0
11160420764 0
11160420824 0
11160421528 0
11160421592 0
11160421784 0
11160421848 0
11160428956 0
11160429016 0
11160429976 0
11160436888 0
11160437912 0
11160437976 0
11160438168 0
11160486040 0
11160486104 0
11160486138 0
11160486360 0
11160486364 0
11160486394 0
11160486398 0
11160487128 0
11160487162 0
11160487384 0
11160487418 0
11160487422 0
11160494590 0
11160495576 0
11160495610 0
11160495614 0
11160502488 0
11160502744 0
11160502748 0
11160502778 0
11160502782 0
11160503512 0
11160503546 0
11160503802 0
11160510974 0
11160511994 0
11161027548 0
11161035770 0
11161035774 0
11161174681 0
11161174745 0
11161174779 0
11161191065 0
11161240281 0
11161240315 0
11161469657 0
11161469691 0
11161486041 0
11161486075 0
11161534715 0
11161535227 0
11161551099 0
11161551611 0
11161699033 0
11161993881 0
11161994969 0
11162059003 0
11162060539 0
11162075387 0
11162518233 0
11162534617 0
11162583257 0
11162583769 0
11162584793 0
11162584827 0
11162600153 0
11162600187 0
11163566809 0
11163566843 0
11163632379 0
11163657211 0
11163861755 3
11164107481 0
11164156923 0
11164173307 0
11164319889 0
11164319953 0
11164320145 0
11164320149 0
11164320209 0
11164320213 0
11164320401 0
11164320465 0
11164320473 0
11164320507 0
11164320657 0
11164320661 0
11164320721 0
11164320725 0
11164328337 0
11164328341 0
11164328401 0
11164328405 0
11164328849 0
11164328853 0
11164328913 0
11164328917 0
11164336891 0
11164385489 0
11164385523 0
11164385745 0
11164385749 0
11164385779 0
11164385783 0
11164386001 0
11164386009 0
11164386035 0
11164386043 0
11164386257 0
11164386261 0
11164386291 0
11164386295 0
11164393937 0
11164393941 0
11164393971 0
11164393975 0
11164394449 0
11164394453 0
11164394483 0
11164394487 0
11164394491 0
11164394495 0
11164402393 0
11164402427 0
11164410879 0
11164614809 0
11164614873 0
11164615321 0
11164615385 0
11164615419 0
11164615641 0
11164616699 0
11164631705 0
11164631769 0
11164631803 0
11164631961 0
11164632025 0
11164680443 0
11164680665 0
11164680669 0
11164680699 0
11164680703 0
11164680921 0
11164680955 0
11164681177 0
11164681467 0
11164682235 0
11164688861 0
11164689407 0
11164689915 0
11164689919 0
11164690427 0
11164690431 0
11164696793 0
11164697049 0
11164697053 0
11164697083 0
11164697087 0
11164697305 0
11164697339 0
11164697561 0
11164697595 0
11164705279 0
11164705791 0
11164706299 0
11164844689 0
11164844753 0
11164844761 0
11164844945 0
11164844949 0
11164845009 0
11164845013 0
11164853137 0
11164853141 0
11164853201 0
11164853205 0
11164910289 0
11164910323 0
11164910545 0
11164910549 0
11164910579 0
11164910583 0
11164918737 0
11164918741 0
11164918771 0
11164918775 0
11165139609 0
11165139673 0
11165139865 0
11165139869 0
11165139929 0
11165156313 0
11165205145 0
11165205209 0
11165205243 0
11165205465 0
11165205469 0
11165205499 0
11165205503 0
11165206523 0
11165213657 0
11165213661 0
11165213691 0
11165213695 0
11165214715 0
11165214719 0
11165221627 0
11165221849 0
11165221883 0
11165221887 0
11165230075 0
11165230079 0
11193754098 0
11193754102 0
11193983388 0
11194050046 0
11194590206 0
11197948407 0
11197948919 0
11197948927 0
11197965311 0
11198243327 0
11198243839 0
11198244317 0
11198244351 0
11198244863 0
11198260223 0
11198473207 0
11198768093 0
11198768127 0
11198769151 0
11198784511 0
11224105112 0
11224105176 0
11224170712 0
11224170746 0
11224174808 0
11224465624 0
11224465658 0
11224466682 0
11224469754 0
11225153752 0
11225157848 0
11225219288 0
11225219322 0
11225223384 0
11225223410 0
11225223418 0
11225448664 0
11225449688 1
11225514200 0
11225515224 0
11225515258 0
11226276312 0
11226276346 0
11226280408 0
11226280442 0
11226563834 0
11226567128 0
11226571224 0
11226571258 0
11226572282 0
11226575320 0
11226575354 0
11227259356 0
11227316466 0
11227320562 3
11227324892 0
11227324926 0
11227325438 0
11227328984 0
11227329018 0
11227329022 0
11227545752 0
11227546840 0
11227546874 0
11227547032 0
11227547096 0
11227547130 0
11227549848 0
11227550872 0
11227551128 0
11227555288 0
11227559384 0
11227611352 0
11227611608 0
11227611612 0
11227611642 0
11227611646 0
11227612410 0
11227612632 0
11227612666 0
11227615704 0
11227615708 0
11227615738 0
11227615742 0
11227616472 0
11227616506 0
11227619800 0
11227619804 0
11227619838 0
11227620350 0
11227620828 2
11227620862 3
11227623934 0
11227853822 0
11228136412 0
11228144638 0
11228148734 0
11228299929 0
11228299993 0
11228300027 0
11228365051 0
11228594939 0
11228599001 0
11228599035 0
11228659929 0
11228659963 0
11228660475 0
11228660987 0
11228664571 0
11228889851 0
11228893947 0
11229184729 0
11229185787 0
11229189849 0
11229189883 0
11229643481 0
11229644539 0
11229647577 0
11229708505 0
11229709051 0
11229876945 3
11230167769 2
11230168793 3
11230171865 3
11230172889 3
11230471163 0
11230474747 0
11230475259 0
11230692091 0
11230757115 0
11230757627 0
11230758139 0
11230765563 0
11230766075 0
11230770171 0
11231290329 0
11231445721 0
11231449753 0
11231449817 0
11231449851 0
11231510771 0
11231511291 0
11231514867 0
11231515353 0
11231515387 0
11231519227 0
11231519231 0
11231519739 0
11231519743 0
11231523327 0
11231523839 0
11231740057 0
11231740569 0
11231740633 0
11231740667 0
11231740889 0
11231744153 0
11231744729 0
11231744763 0
11231805657 0
11231805913 0
11231805917 0
11231805947 0
11231805951 0
11231806169 0
11231806203 0
11231806425 0
11231807193 0
11231810009 0
11231810013 0
11231810043 0
11231810265 0
11231810299 0
11231810521 0
11231814143 0
11231814655 0
11231815163 0
11231815167 0
11231815645 0
11231815679 0
11231818205 0
11231818239 0
11231818751 0
11231819263 3
11231974105 0
11232035579 0
11232039641 0
11232039675 0
11232044031 0
11232048127 0
11232265113 0
11232265117 0
11232269017 0
11232269209 0
11232269213 0
11232330491 0
11232330713 0
11232330717 0
11232330747 0
11232330751 0
11232334553 0
11232334587 0
11232334809 0
11232334843 0
11232335867 0
11232338909 0
11232338939 0
11232338943 0
11232339967 0
11232342527 0
11232343005 0
11232343039 0
11260879324 0
11260879358 0
11260883446 3
11260883454 0
11261109724 0
11261174270 0
11261174782 0
11261175294 0
11261178366 0
11261179390 0
11261404158 0
11261407708 0
11261407742 0
11261408254 0
11261699070 0
11261703166 0
11265073663 0
11265074175 0
11265077759 0
11265078271 0
11265368575 0
11265369087 0
11265370111 0
11265372671 0
11265373183 0
11265373695 0
11265374207 0
11265598463 0
11265602559 0
11265892863 0
11265893375 0
11265894399 0
11265897471 0
11265898495 0
11293321688 0
11293599226 0
11293664728 0
11293664762 0
11293666776 0
11293666810 0
11293681146 0
11298021641 3
11302055418 0
11360432634 0
11360498170 0
11360724474 0
11360726408 0
11360726522 0
11360727546 0
11360730618 0
11360792024 0
11360792058 0
11360793048 0
11360793082 0
11427816856 0
11427818888 0
11427818904 0
11427882490 0
11428560896 0
11428561040 0
11428561104 0
11428561138 0
11428561152 0
11428561280 0
11428561296 0
11428561300 0
11428561360 0
11428561364 0
11428561394 0
11428569344 0
11428569408 0
11428569472 0
11428569488 0
11428569492 0
11428569536 0
11428569552 0
11428569556 0
11428569586 0
11428626640 0
11428626896 0
11428626930 0
11428635088 0
11428635092 0
11428635122 0
11428635126 0
11428864408 0
11428866520 0
11428867464 0
11428867468 0
11428867544 0
11428930012 0
11428931032 0
11428933080 0
11428933114 0
11428947450 0
11428949498 0
11432011161 0
11432013193 0
11432013209 0
11432537481 0
11433059737 0
11433061769 0
11436273146 0
11462123776 0
11462123904 0
11462123916 1
11462123920 0
11462123924 0
11462123968 0
11462123984 0
11462123988 0
11462124018 0
11462125964 3
11462126044 3
11462189520 0
11462189524 0
11462189532 3
11462189554 0
11462189558 0
11462191580 3
11462205950 0
11462418828 0
11462418844 0
11462419852 0
11462419932 0
11462420952 0
11462420990 0
11462436350 0
11462484478 0
11462486488 0
11462486526 0
11462500862 0
11462502906 0
11470809484 0
11470825982 0
11494650328 0
11494711768 0
11494944250 0
11495006680 0
11495009752 0
11495694812 0
11495694846 0
11495696860 0
11495698942 0
11495700990 0
11495760348 0
11495760382 0
11495762396 0
11495762430 0
11495764444 0
11495764478 0
11495766526 0
11495989724 0
11495989758 0
11495990664 0
11495990668 0
11495991806 0
11495992826 0
11495993854 0
11495995902 0
11495996808 0
11495996922 0
11496055260 0
11496055294 0
11496056284 2
11496056314 0
11496057342 0
11496058328 0
11496058332 3
11496058362 0
11496058366 3
11496059390 0
11496061438 0
11496062424 0
11496062458 0
11496284670 0
11496286718 0
11500184063 0
11500185087 0
11500187135 0
11500188159 0
11500249565 0
11500249599 0
11500250623 0
11500253695 0
11500708317 0
11529249244 0
11529249278 1
11529251292 0
11529251326 0
11529253340 0
11529253366 0
11529253374 0
11529255388 0
11529255422 0
11529314780 0
11529314806 0
11529314814 0
11529316828 0
11529316862 0
11529318876 0
11529318902 0
11529318910 0
11529320920 0
11529320924 0
11529320958 0
11529544156 0
11529544190 0
11529545100 0
11529545214 0
11529546238 0
11529548286 0
11529549310 0
11529550236 0
11529550334 0
11529551358 0
11529609726 0
11529610716 0
11529610750 0
11529611774 0
11529612798 0
11529613822 0
11529614846 0
11529615866 0
11529615870 0
11529616894 0
11529773532 0
11529773566 0
11529775580 0
11529775614 0
11529777628 0
11529777662 0
11529779710 0
11529839068 0
11529839102 0
11529841116 0
11529841150 0
11529843164 0
11529843198 0
11529845246 0
11530068478 0
11530069388 0
11530069502 0
11530070526 0
11530072574 0
11530074622 0
11530134014 0
11530136062 0
11530137086 0
11530138110 0
11530140158 0
11533443583 0
11533445597 0
11533445631 0
11533447679 0
11533449727 0
11533509085 0
11533509119 0
11533511133 0
11533511167 0
11533513215 0
11533515263 0
11533738495 0
11533739519 0
11533740543 0
11533742591 0
11533744639 0
11533803997 0
11533804031 0
11533806079 0
11533808127 0
11533810175 0
11533969919 0
11533971967 0
11533974015 0
11534033373 0
11534033407 0
11534035455 0
11534037503 0
11534262783 0
11534264831 0
11534266781 0
11534266879 0
11534268927 0
11534269951 0
11534328319 0
11534330367 0
11534332415 0
11534334463 0
11537644030 0
11537709566 0
11537934846 0
11537938942 0
11538000382 0
11538004478 0
11538168318 0
11542133247 0
11542198783 0
11562099160 0
11565999099 0
11566310395 0
11566523353 3
11566821371 0
11628929496 0
11628929530 0
11628933626 3
11628935674 0
11629159896 0
11629228538 0
11633124347 0
11633127931 3
11633128443 0
11633422843 0
11633652731 3
11633947643 0
11696996496 0
11696996752 0
11696996756 0
11696996816 0
11696996820 0
11697004944 0
11697004948 0
11697005008 0
11697005012 0
11697005042 0
11697062130 0
11697062352 0
11697062386 0
11697070544 0
11697070548 0
11697070578 0
11697070582 0
11697300888 0
11697302936 0
11697316252 0
11697365404 0
11697365498 0
11697365502 0
11697367550 0
11697368570 0
11697381886 0
11697382906 0
11697382910 0
11697384954 0
11697890298 0
11697890810 2
11697906686 0
11700235259 0
11700511739 0
11700513787 0
11700528123 0
11701191057 0
11701191061 0
11701191121 0
11701191125 0
11701191569 0
11701191573 0
11701191633 0
11701191637 0
11701199249 0
11701199253 0
11701199313 0
11701199317 0
11701199761 0
11701199765 0
11701199825 0
11701199829 0
11701256435 0
11701264849 0
11701264853 0
11701264883 0
11701264887 0
11701264891 0
11701265361 0
11701265365 0
11701265395 0
11701265399 0
11701265407 0
11701281791 0
11701559803 0
11701559807 0
11701560285 0
11701560315 0
11701560319 0
11701561339 0
11701561343 0
11701561855 0
11701562367 0
11701576157 0
11701576187 0
11701576191 0
11701576699 0
11701576703 0
11701577211 0
11701577215 0
11701577723 0
11701578751 0
11701715601 0
11701715665 0
11701715857 0
11701715861 0
11701715921 0
11701715925 0
11701724049 0
11701724053 0
11701724113 0
11701724117 0
11701781457 0
11701781461 0
11701781491 0
11701781495 0
11701789649 0
11701789653 0
11701789683 0
11701789687 0
11701789691 0
11702084569 0
11702084573 0
11702084603 0
11702084607 0
11702085627 3
11702085631 0
11702086621 0
11702086655 0
11702100953 0
11702100957 0
11702100987 0
11702100991 0
11702102011 0
11702102015 0
11702103039 0
11730559376 0
11730559380 0
11730559440 0
11730559444 0
11730559478 0
11730561436 0
11730561530 0
11730624976 0
11730624980 0
11730624988 0
11730625010 0
11730625014 0
11730625022 0
11730627070 0
11730641406 0
11730643454 0
11730856348 0
11730919896 0
11730919900 0
11730919930 0
11730919934 0
11730921948 0
11730921982 0
11730936314 0
11730936318 0
11730937342 0
11730938332 0
11730938362 0
11730938366 0
11731444734 0
11731446748 0
11731446782 0
11731461118 0
11731463166 0
11734753681 0
11734753685 0
11734753745 0
11734753749 0
11734754193 0
11734754197 0
11734754257 0
11734754261 0
11734819281 0
11734819285 0
11734819293 0
11734819315 0
11734819319 0
11734819323 0
11734819327 0
11734819797 0
11734819827 0
11734819831 0
11734819839 0
11734821371 0
11734821375 0
11734821887 0
11734836223 0
11734837759 0
11734838271 0
11735051165 0
11735114205 0
11735114235 0
11735114239 0
11735114751 0
11735115263 0
11735115775 0
11735116283 0
11735116287 0
11735116765 0
11735116799 0
11735130619 0
11735130623 0
11735131131 0
11735131135 0
11735131647 0
11735132155 0
11735132671 0
11735133149 0
11735133183 0
11735278481 0
11735278485 0
11735278545 0
11735278549 0
11735344081 0
11735344085 0
11735344093 0
11735344115 0
11735344119 0
11735362559 2
11735639005 0
11735639039 0
11735640063 0
11735641053 0
11735641083 0
11735641087 0
11735642111 0
11735655419 0
11735655423 0
11735656443 0
11735656447 0
11735657471 0
11739015678 0
11743504895 0
11744029695 0
11763147224 0
11763147258 0
11763149272 0
11763149306 0
11763151320 0
11763151354 0
11763442136 0
11763442170 0
11763446266 0
11764195804 0
11764195838 0
11764196350 0
11764197886 0
11764199900 0
11764199934 0
11764201982 0
11764426200 0
11764426234 3
11764430232 0
11764490716 0
11764490746 0
11764490750 0
11764491262 0
11764492286 0
11764492798 0
11764494846 0
11764496894 0
11764720092 0
11764722174 0
11764724734 0
11764726782 0
11765015550 0
11765016574 0
11765019646 0
11767342075 0
11767346171 0
11767636475 0
11767636987 0
11767640571 0
11767870459 3
11768165371 0
11768390143 0
11768390655 0
11768392191 0
11768392703 0
11768394205 0
11768394239 0
11768394717 0
11768394751 0
11768396287 0
11768396799 0
11768685017 0
11768685021 0
11768685051 0
11768685055 0
11768685563 0
11768685567 0
11768689147 0
11768689151 0
11768689663 0
11768691711 0
11768914943 0
11768916991 0
11768919039 0
11769209851 0
11769209855 0
11769210875 3
11769210879 0
11769211903 0
11769213951 0
11769214975 0
11797690878 0
11797750236 0
11797750262 0
11797750270 0
11797752284 0
11797752314 0
11797752318 0
11797754332 0
11797754358 2
11797754366 0
11797754878 0
11797756376 0
11797756380 0
11797756414 0
11797985756 0
11798045178 0
11798045182 0
11798045694 0
11798046206 0
11798046718 0
11798047196 0
11798047230 0
11798047742 0
11798048254 0
11798049244 0
11798049278 0
11798049790 0
11798050302 0
11798051326 0
11798051838 0
11798052350 0
11798274524 0
11798274558 0
11798275070 0
11798276606 0
11798277118 0
11798278646 3
11798278654 0
11798279166 0
11798280702 0
11798281214 0
11798569470 0
11798569948 0
11798569982 0
11798571006 0
11798571518 0
11798571996 0
11798572030 0
11798573566 0
11798574078 0
11798575614 0
11798576126 0
11798577150 0
11801944541 0
11801944567 0
11801944571 0
11801944575 0
11801945079 0
11801945087 0
11801946589 0
11801946623 0
11801947135 0
11801948637 0
11801948663 0
11801948671 0
11801949149 0
11801949175 0
11801949183 0
11801950719 0
11801951231 0
11802239453 0
11802239483 0
11802239487 0
11802239995 0
11802239999 0
11802240507 2
11802240511 0
11802241023 0
11802241535 0
11802242047 0
11802242525 0
11802242559 0
11802243071 0
11802243549 0
11802243579 0
11802243583 0
11802244061 0
11802244095 0
11802244607 0
11802245119 0
11802245631 0
11802246143 0
11802246655 0
11802247167 0
11802468863 0
11802469367 0
11802469375 0
11802470911 0
11802471423 0
11802472959 0
11802473437 0
11802473471 0
11802475007 0
11802475519 0
11802763775 0
11802764253 0
11802764283 0
11802764287 0
11802765311 0
11802765823 0
11802766301 0
11802766335 0
11802767359 0
11802767871 0
11802768349 0
11802768379 0
11802768383 0
11802769407 0
11802769919 0
11802770431 0
11802771455 0
11806140926 0
11806145022 0
11806145534 0
11806374398 0
11806439934 0
11806669310 0
11806669822 0
11806964734 0
11810335231 0
11810335743 0
11810339327 0
11810339839 0
11810630143 0
11810630655 0
11810634239 0
11810634751 0
11810864127 0
11811154943 0
11811159039 0
12602993116 0
12602993150 0
12602997246 0
12603058652 0
12603058686 0
12603062782 0
12603288062 0
12603290110 0
12603291134 0
12603292158 0
12603351550 0
12603353598 0
12603354622 0
12603356670 0
12603357694 0
12603358718 0
12603517438 0
12603521534 0
12603582974 0
12603587070 0
12603812350 0
12603877886 0
12607187455 0
12607482367 0
12607486463 0
12607547903 0
12607551999 0
12607711743 0
12608006655 0
12608010751 0
12608072191 0
12608076287 0
12611381758 0
12611385854 0
12611447294 0
12611451390 0
12611676670 0
12611680766 0
12611742206 0
12611746302 0
12611906046 0
12611910142 0
12611975678 0
12615870975 0
12615875071 0
12615936511 0
12615940607 0
12804661758 0
12808563711 0
12808580095 0
12808858111 0
12808858623 0
12808874495 0
12808875007 0
12809382911 0
12809397247 0
12809399295 0
12816951807 0
12817247231 0
12817263615 0
12817771519 0
12871428606 0
12871492094 0
12871494142 0
12871496190 2
12871498238 1
12871723518 0
12871727614 0
12871787006 0
12871789054 0
12871789566 0
12871790078 0
12871791102 0
12871792126 0
12871793150 0
12871794174 0
12872018430 0
12872018942 0
12872022526 0
12872023038 0
12872313342 0
12872313854 0
12872317438 0
12872317950 0
12872318974 0
12875686399 0
12875686911 0
12875688447 0
12875688959 0
12875691007 0
12875692543 1
12875693055 0
12875981311 0
12875981823 0
12875982847 0
12875983359 0
12875983871 0
12875984895 0
12875985407 0
12875985919 0
12875986431 0
12875986943 0
12875987455 0
12875987967 0
12875988479 0
12875988991 0
12876212735 0
12876213247 0
12876217343 3
12876506111 0
12876507135 0
12876507647 0
12876508159 0
12876509695 0
12876510207 0
12876511231 0
12876511743 0
12876512255 0
12876513279 0
12879882750 0
12879886846 0
12880116222 0
12880177662 0
12880181758 0
12880182782 0
12880407550 0
12880411134 0
12880411646 0
12880702462 0
12880706046 0
12880706558 0
12884077055 0
12884077567 0
12884081151 0
12884081663 0
12884371967 0
12884372479 0
12884376063 0
12884376575 0
12884601855 0
12884605951 0
12884896767 0
12884900351 0
12884900863 0
13441084922 0
13441101306 0
13449473496 0
13449473530 0
13508210170 0
13508214266 0
13516598778 0
13516602874 0
13575302616 0
13575302650 0
13576351226 0
13576367610 0
13583691258 0
13584739834 0
13584755080 0
13584756218 0
13609609612 3
13609609726 0
13609904604 0
13609921932 0
13618293132 0
13618293246 0
13642427898 0
13643184638 0
13643475454 0
13643476474 0
13643479550 0
13650816506 0
13650820602 0
13651865082 0
13651869144 0
13651869178 0
13651930618 0
13651934680 0
13651934714 0
13676734940 0
13676734974 0
13676739036 0
13676739070 0
13676800510 0
13676804606 0
13677029886 0
13677030910 0
13677033982 0
13677095422 0
13685123582 2
13685127678 0
13685189118 0
13685418494 0
13685419518 0
13685422590 0
13685423614 0
13685484030 0
13685485054 0
14691740044 0
14691740158 0
14692034956 0
14692035070 0
14750476764 0
14750476798 0
14750480894 0
14750771710 0
14750775806 0
14758865372 3
14758865406 2
14758869468 0
14758869502 3
14758930908 3
14759160318 0
14759164414 0
15596957178 0
15655467514 0
15655693818 0
15655759354 0
15655763450 0
15664082426 0
15664086522 0
15664152058 0
15723900376 0
15723900410 0
15731240408 0
15732289018 0
15789911546 0
15789977082 0
15790668286 0
15790733822 0
15791024638 0
15795218943 0
15795223039 0
15798300154 0
15799348730 1
15799352826 0
15799414266 0
15799414270 2
15799418328 0
15799418362 0
15824218588 0
15824218622 0
15824222684 0
15824222718 0
15824284124 0
15824284158 0
15824288220 0
15824288254 0
15824513534 0
15824517630 0
15824579070 0
15824583166 0
15824747006 0
15824812542 0
15828478429 0
15828478463 0
15828482559 0
15828707839 0
15828711935 0
15828773375 0
15828777471 0
15829002751 0
15829236223 0
15832611326 0
15832672766 0
15832676862 0
15832906238 0
15832967678 0
15832968702 0
15832971774 0
15832972798 0
15833135614 0
15837096447 0
15837100509 0
15837100543 0
15837166079 0
15837690367 0
15861279227 0
15861279739 0
15924194810 0
15924198906 0
15932587514 0
15991287290 0
15992269272 0
15995481595 0
15996529151 0
15996529663 0
15996530137 0
15996530171 0
15996530683 0
15996546047 0
15997053917 0
15997053951 0
15997054937 0
15997054971 0
15997070335 0
16000740858 0
16004917759 0
16004918271 0
16004918779 0
16005442559 0
16005443545 0
16005443579 0
16025889278 0
16025905662 0
16026414078 0
16029805567 0
16030083549 0
16030083583 0
16030084095 0
16030099967 0
16030100479 0
16030313471 3
16030329855 3
16030608349 0
16030608383 0
16030609407 0
16030624767 0
16033982940 0
16034277886 0
16034278364 0
16038177279 0
16038472191 0
16038472703 0
16038488575 0
16038489087 0
16038702079 3
16038718463 3
16038996991 0
16038998015 0
16039013375 0
16058412538 0
16059460094 0
16063359999 0
16063363583 0
16063364095 0
16063654911 0
16063658495 0
16063659007 0
16063884287 0
16064179199 0
16066505210 0
16067848702 0
16067849722 0
16067853784 0
16067853818 0
16071752191 0
16072043007 0
16072047103 0
16092719580 0
16092719614 0
16092723676 0
16092723710 0
16093014526 0
16093018622 0
16093019646 0
16093248510 0
16093539326 0
16093543422 0
16096913919 0
16096914431 0
16096918015 0
16096918527 0
16097208831 0
16097209343 0
16097212927 0
16097213405 0
16097213439 0
16097213951 0
16097214463 0
16097438719 0
16097733631 0
16097737215 0
16097737727 0
16097738751 0
16101108222 0
16101112318 0
16101403134 0
16101404158 0
16101407230 0
16101408254 0
16101633022 0
16101636606 0
16101637118 0
16101927934 0
16101932030 0
16105302527 0
16105303039 0
16105306623 0
16105307135 0
16105597439 0
16105597951 0
16105601535 0
16105602047 0
16105602559 0
16105831423 3
16106122239 0
16106125823 0
16106126335 0
16106127359 0
16839518718 0
16839584254 0
16843958783 0
16897960412 0
16897960446 0
16897964542 3
16898025948 0
16898025982 0
16898030078 0
16898255358 0
16898259454 0
16898320894 0
16898324990 0
16898484734 0
16898488830 0
16898554366 0
16898849278 0
16902158847 0
16902224383 0
16902449663 0
16902453759 0
16902515199 0
16902519295 0
16902973951 0
16902978047 0
16903039487 0
16903043583 0
16906349020 3
16906349054 2
16906353116 3
16906353150 3
16906414556 3
16906414590 0
16906418686 3
16906643966 0
16906648062 0
16906709502 0
16906713598 0
16906877438 0
16906942974 0
16907237886 0
16910838271 0
16910842367 0
16910903807 0
16910907903 0
16911067647 0
16911133183 0
16911362559 0
16911366655 0
16911432191 0
17099631102 0
17103530495 3
17103531007 0
17103825919 0
17103842303 0
17104055295 3
17104071679 3
17104350207 0
17104366591 0
17104367103 0
17107675646 0
17108019710 0
17108020734 3
17108036094 0
17108037118 3
17108265982 0
17111869951 0
17111919103 3
17112214527 0
17112230911 0
17112443391 0
17112443903 3
17112460287 3
17112738815 0
17112755199 0
17166395902 0
17166461404 2
17166461438 0
17166465534 3
17166466046 0
17166690814 0
17166694910 0
17166756350 0
17166756862 0
17166760446 0
17166986238 0
17166989822 0
17166990334 0
17167281150 0
17167285246 0
17170655743 1
17170656255 0
17170659839 3
17170660351 0
17170950655 0
17170951167 0
17170954751 0
17170955263 0
17171180543 0
17171184639 3
17171413503 0
17171474943 0
17171475455 0
17171479039 0
17171479551 0
17174784476 3
17174784510 0
17174788606 0
17174850012 3
17174850046 0
17174854142 3
17175079422 0
17175083518 0
17175144958 0
17175145470 0
17175149054 0
17175150078 0
17175312894 0
17175374846 0
17175378430 0
17175378942 0
17175669758 0
17175673342 0
17175673854 0
17178978815 0
17179044351 0
17179044863 0
17179048447 3
17179048959 0
17179273727 0
17179277823 0
17179339263 0
17179339775 0
17179343359 0
17179343871 0
17179344383 2
17179503103 0
17179568639 0
17179569151 0
17179573247 3
17179798015 0
17179863551 0
17179864063 0
17179867647 0
17179868159 0

# Neuron 5: 5003 entries
# Connections: [349, 52, 173, 70, 191, 265, 57, 210, 67, 306, 197, 245, 129, 94, 178, 26, 90, 121, 25, 208, 45, 214, 159, 31, 267, 43, 275, 331, 337, 254, 20, 13, 337, 239]
131072 0
131080 0
131088 0
131096 0
131152 0
131160 3
131194 3
131280 0
131288 3
131314 3
131322 3
147456 0
147464 0
147536 0
147544 3
147578 3
147664 0
147672 3
147706 3
425992 0
426008 0
426072 0
426136 0
426200 0
427016 0
427032 0
427096 0
427130 0
427160 0
427224 0
427258 0
442376 0
442456 0
443400 0
443416 0
443480 0
443514 0
443544 0
443592 0
443608 0
443642 0
2228224 3
2228232 2
2228240 0
2228248 0
2228304 3
2228432 2
2228440 0
2228466 0
2244632 0
2523160 0
2523224 0
2523288 0
2523352 0
2523386 0
2523400 0
2523416 0
2523480 0
2524168 0
2524184 0
2524248 0
2524312 0
2524376 0
2524410 0
2524440 0
2524504 0
2524538 0
2524568 0
2524632 0
2524666 0
2531608 0
2531672 0
2531800 0
2532696 0
2532824 0
2532858 0
2539544 0
2539784 0
2539800 0
2539864 0
2540568 0
2540632 0
2540760 0
2540794 0
2540824 0
2540888 0
2540952 0
2541016 0
2547976 0
2548056 0
2549016 0
2549080 0
2549208 0
2549242 0
16908288 3
16908296 0
16908304 0
16908312 0
16908368 0
16908376 3
16908410 2
16908432 0
16908440 0
16908488 0
16908496 0
16908504 3
16908538 3
16924672 0
16924680 0
16924696 0
16924760 3
16924880 0
16924888 3
16924922 3
16973968 0
16990458 2
17203208 0
17203224 0
17203288 0
17203336 0
17203352 0
17203416 0
17203450 0
17204232 0
17204248 0
17204312 0
17204360 0
17204376 0
17204424 0
17204440 0
17204474 0
17219592 0
17219608 0
17219672 0
17219736 0
17219800 0
17219834 0
17220616 0
17220632 0
17220696 0
17220760 0
17220808 0
17220824 0
17220858 0
17268952 0
17269976 0
17270010 0
17285336 0
17285370 0
17286360 0
19005440 3
19005448 3
19005456 0
19005464 0
19005520 3
19005576 2
19005592 3
19005648 3
19005656 3
19005682 0
19005690 3
19014130 0
19021848 0
19022040 0
19071192 3
19300360 0
19300376 0
19300440 0
19300474 0
19300488 0
19300504 0
19300568 0
19300602 0
19300616 0
19300632 0
19300696 0
19300760 0
19300824 0
19300858 0
19301384 0
19301400 0
19301464 0
19301528 0
19301592 0
19301626 0
19301640 0
19301656 0
19301720 0
19301768 0
19301784 0
19301848 0
19301882 0
19308824 0
19308888 0
19308952 0
19309016 0
19309050 0
19309832 0
19309848 0
19309912 0
19309976 0
19310040 0
19310074 0
19316760 0
19316824 0
19316952 0
19316986 0
19317000 0
19317016 0
19317080 0
19317144 0
19317208 0
19317242 0
19317784 0
19317848 0
19317912 0
19317976 0
19318010 0
19318024 0
19318040 0
19318104 0
19318168 0
19318216 0
19318232 0
19318266 0
19325192 0
19325208 0
19325272 0
19325400 0
19326232 0
19326296 0
19326360 0
19326424 0
19326458 0
19366104 0
19366360 0
19367128 0
19367162 0
19367384 0
19374552 0
19375576 0
19382488 0
19382744 0
19382778 0
19383512 0
19383546 0
19383768 0
67256320 0
67256328 0
67256336 0
67256344 0
67256400 0
67256408 0
67256528 0
67260424 0
67260440 0
67260496 0
67260504 0
67260530 0
67551240 0
67551256 0
67551320 0
67552264 0
67552280 0
67552344 0
67552378 0
67552408 0
67552472 0
67552506 0
67555336 0
67555352 0
67555416 0
67555544 0
67556360 0
67556376 0
67556440 0
67556474 0
67556504 0
67556568 0
67556602 0
69353488 0
69353496 0
69353552 0
69357592 0
69357656 0
69648408 0
69648648 0
69648664 0
69648728 0
69649432 0
69649496 0
69649624 0
69649658 0
69649688 0
69649752 0
69649880 0
69652504 0
69652760 0
69652824 0
69653528 0
69653592 0
69653720 0
69653784 0
69653848 0
69653976 0
69656920 0
69657880 0
69657944 0
69658072 0
69660952 0
69661016 0
69662168 0
84033536 0
84033544 0
84033552 0
84033560 0
84033616 0
84033624 1
84033680 0
84033688 0
84033752 0
84033786 0
84037632 0
84037640 0
84037656 0
84037712 0
84037720 0
84037848 0
84037874 0
84037882 0
84099288 0
84103384 0
84328456 0
84328472 0
84328536 0
84328600 0
84328664 0
84328698 0
84329480 0
84329496 0
84329560 0
84329624 0
84329672 0
84329688 0
84329722 0
84332552 0
84332568 0
84332632 0
84332680 0
84332696 0
84332744 0
84332760 0
84332794 0
84333576 0
84333592 0
84333656 0
84333720 0
84333784 0
84333818 0
84394200 0
84395224 0
84395258 0
84398296 0
86130704 0
86130712 0
86130896 0
86130904 0
86134808 0
86135000 0
86139352 0
86139378 0
86425608 0
86425624 0
86425688 0
86425752 0
86425816 0
86425850 0
86425864 0
86425880 0
86425944 0
86426008 0
86426072 0
86426106 0
86426632 0
86426648 0
86426712 0
86426776 0
86426840 0
86426874 0
86426888 0
86426904 0
86426968 0
86427032 0
86427080 0
86427096 0
86427130 0
86429704 0
86429720 0
86429784 0
86429832 0
86429848 0
86429912 0
86429946 0
86429960 0
86429976 0
86430040 0
86430168 0
86430202 0
86430744 0
86430808 0
86430872 0
86430936 0
86430984 0
86431000 0
86431128 0
86431192 0
86431226 0
86434056 0
86434072 0
86434136 0
86434264 0
86435080 0
86435096 0
86435160 0
86435224 0
86435288 0
86435322 0
86438168 0
86438232 0
86438360 0
86438394 0
86439192 0
86439320 0
86439384 0
86491352 0
86491608 0
86492376 0
86492632 0
86495448 0
86495482 0
86495704 0
86495738 0
86496472 0
86500824 0
134660184 0
134660312 0
135709704 0
136741896 0
137494528 0
137494536 0
137494680 3
137494744 3
137494992 0
137502984 0
137510920 0
137789448 0
137789592 0
137789704 0
137790472 0
137790488 0
137790600 0
137790616 0
137790680 0
137790728 0
137790808 0
137790872 0
137790936 0
137805832 0
137806856 0
137806872 0
137807000 0
137807064 0
137807192 0
137807320 0
151421144 0
151437528 0
152174600 0
152174808 0
152174842 2
152190984 0
152191192 0
152469512 0
152470536 0
152470744 0
152485896 0
152486104 0
152486920 0
152487128 0
152551640 0
152552664 0
153519112 0
154271744 0
154271752 0
154271808 0
154271880 2
154271888 0
154271896 0
154271952 0
154271960 3
154272000 0
154272064 0
154272144 0
154280192 0
154280200 0
154280256 0
154280336 0
154280400 0
154280408 0
154288136 0
154288280 0
154566664 0
154566792 0
154566808 0
154566872 0
154566906 0
154566920 0
154567064 0
154567128 0
154567162 0
154567688 0
154567704 0
154567816 0
154567832 0
154567896 0
154567930 0
154567944 0
154568024 0
154568088 0
154568152 0
154568186 0
154575112 0
154575256 0
154575354 0
154576136 0
154576280 0
154576344 0
154576378 0
154583048 0
154583192 0
154583256 0
154583290 0
154583304 0
154583512 0
154584072 0
154584088 0
154584216 0
154584280 0
154584314 0
154584328 0
154584408 0
154584472 0
154584520 0
154584536 0
154584570 0
154591496 0
154591704 0
154592520 0
154592664 0
154592728 0
154592762 0
154632408 0
154632442 0
154632664 0
154633432 0
154633688 0
154641880 0
154648792 0
154649816 0
154650072 0
187834840 0
188129752 0
188130776 0
188146170 0
202526720 3
202821640 3
202822664 3
204619776 1
204619784 0
204623880 0
204914696 0
204915720 3
204915736 0
204915800 0
204915864 0
204915928 0
204916056 0
204916184 0
204918792 0
204919816 0
204919832 0
204919960 0
204920024 0
204920216 0
218251272 0
218251408 3
218251416 3
218251480 0
218255576 0
218546328 3
218546392 0
218547352 3
218547416 0
218550488 0
219303936 3
219303944 3
219594760 0
219595784 0
219595992 0
219596026 0
219598856 3
219599880 3
219600088 0
219600122 0
220357080 0
220651992 0
220656088 0
221396992 3
221397000 0
221397136 0
221397144 0
221401096 0
221401240 0
221691912 3
221692056 0
221692120 0
221692154 0
221692168 0
221692376 0
221692410 0
221692936 2
221693080 0
221693144 0
221693178 0
221693192 0
221693272 0
221693336 0
221693384 0
221693400 0
221693434 0
221696008 0
221696152 0
221696216 0
221696264 0
221696408 0
221696472 0
221697032 0
221697176 0
221697240 0
221697432 0
221697496 0
221701384 0
221701528 0
221701592 0
221701626 0
221704664 0
221704698 0
221705480 0
221705624 0
221705688 0
221705722 0
221757912 0
221758680 0
221758936 0
221762008 0
221767128 0
221767162 0
221771224 0
254964184 0
255255034 0
539394298 0
539395096 0
539395160 0
539395224 0
539395322 0
539402504 0
539403544 0
539403608 0
539403736 0
539403770 0
539405656 0
539405784 0
539419928 0
539419992 0
539420026 0
539420120 0
539420154 0
547794264 0
547794392 0
556171514 0
556172312 0
556172376 0
556172538 0
556179720 0
556179928 0
556180744 0
556180760 0
556180824 0
556180888 0
556180952 0
556180986 0
556182792 0
556182872 0
556183000 0
556183034 0
556196104 0
556196312 0
556196346 0
556197128 0
556197144 0
556197208 0
556197272 0
556197336 0
556197370 0
556199384 0
556246488 0
556248536 0
556248570 0
556264920 0
564569432 0
564569594 0
564571400 0
564571416 0
564571480 0
564571608 0
564571642 0
564587784 0
564588026 0
606524440 0
606528792 0
606528856 0
606528984 0
606530904 0
606532872 0
606532888 0
606532952 0
606533080 0
614923608 0
623010264 0
623014360 0
623304984 0
623305176 0
623306008 0
623306072 0
623306136 0
623306200 0
623306234 0
623308248 0
623308282 0
623309272 0
623309306 0
623310088 0
623310104 0
623310168 0
623310232 0
623310296 0
623312344 0
623373784 0
623374842 0
631696648 0
631696664 0
631696890 0
631700744 0
631700760 0
631700952 0
674669832 0
674669976 0
674670040 0
691142656 0
691142800 0
691142912 0
691143056 0
691151104 0
691151112 3
691151168 0
691151248 0
691151312 0
691167496 0
691437720 0
691437976 0
691446168 0
691447048 0
691447192 0
691447256 0
691447290 0
691449096 0
691449240 0
691449304 0
691449338 0
691462408 0
691463432 0
691463576 0
691463640 0
691463674 0
691465480 0
691465688 0
691465722 0
691512792 0
691514840 0
691514874 0
691529176 0
691531224 0
699835898 0
699836680 0
699837704 0
699837912 0
699837946 0
699852282 0
699854088 0
699854296 0
699854330 0
707930520 2
707930584 2
708223240 0
724705536 0
724705600 0
724705752 0
724707592 3
724707736 3
724707800 3
724707834 0
724724184 0
725000456 0
725000664 0
725000698 0
725001480 0
725002648 0
725002712 0
725002746 0
725016840 0
725017082 0
725018072 0
725019096 0
725019130 0
725066200 0
733391320 0
741794056 0
757522904 0
758571272 0
758572296 0
758572440 0
758572504 0
758572538 0
758574344 0
758574488 0
758574552 0
758574586 0
758575512 0
758576392 0
758576536 0
758576600 0
758578584 0
758578648 0
758638040 0
758644184 0
766961146 0
766962952 0
766963160 0
766963194 0
766965208 0
766967256 0
766967290 0
791833048 0
791835096 0
791835130 0
791837178 0
791900666 0
792125912 0
792126872 0
792127896 0
792127960 0
792127994 0
792129800 0
792130008 0
792130042 0
792132090 0
2164391936 0
2164391944 0
2164391952 0
2164391960 0
2164392024 0
2164392088 0
2164392152 0
2164392186 3
2164408328 0
2164408344 0
2164408408 0
2164408536 0
2164457616 0
2164457688 0
2164457714 0
2164457722 3
2164474072 0
2164474106 3
2164686856 0
2164686872 0
2164686936 0
2164686984 0
2164687000 0
2164687064 0
2164687880 0
2164687896 0
2164687960 0
2164688024 0
2164688088 0
2164703240 0
2164703256 0
2164703320 0
2164703384 0
2164703448 0
2164704264 0
2164704280 0
2164704344 0
2164704408 0
2164704472 0
2164752600 0
2164752634 0
2164753624 0
2164753658 0
2164768984 0
2164769018 0
2164770008 0
2164770042 0
2166489096 0
2166489112 0
2166489240 0
2166489296 2
2166489304 0
2166489338 3
2166497624 3
2166505496 0
2166554840 3
2166554874 3
2166784008 0
2166784024 0
2166784136 0
2166784152 0
2166784216 0
2166784250 0
2166784264 0
2166784472 0
2166785032 0
2166785048 0
2166785112 0
2166785176 0
2166785240 0
2166785274 0
2166785368 0
2166785432 0
2166785496 0
2166792600 0
2166793560 0
2166793624 0
2166793688 0
2166793722 0
2166800408 0
2166800600 0
2166800648 0
2166800856 0
2166801432 0
2166801560 0
2166801816 0
2166801880 0
2166808840 0
2166808920 0
2166849752 0
2166849786 0
2166850008 0
2166850776 0
2166850810 0
2166851032 0
2166851066 0
2166858200 0
2166859224 0
2166866136 0
2166866170 0
2166866392 0
2166866426 0
2166867160 0
2166867194 0
2166867416 0
2166867450 0
2166875608 0
2168586369 0
2231517192 0
2231517208 0
2231517272 0
2231517400 0
2231521288 0
2231521304 0
2231521368 0
2231521432 0
2231521496 0
2231582936 0
2231587032 0
2231587058 0
2231587066 0
2231812104 0
2231812120 0
2231812184 0
2231812248 0
2231812312 0
2231813128 0
2231813144 0
2231813208 0
2231813272 0
2231813336 0
2231816200 0
2231816216 0
2231816344 0
2231816392 0
2231816408 0
2231816442 0
2231817224 0
2231817240 0
2231817368 0
2231817432 0
2231877848 0
2231877882 0
2231878872 0
2231878906 0
2231881944 0
2231881978 0
2231882968 0
2231883002 0
2233614360 0
2233614488 0
2233614552 0
2233618456 0
2233618648 0
2233684184 0
2233688536 0
2233692632 0
2233909256 0
2233909272 0
2233909400 0
2233909720 0
2233910296 0
2233910680 0
2233913352 0
2233913368 0
2233913496 0
2233913560 0
2233913608 0
2233913688 0
2233913816 0
2233914392 0
2233914520 0
2233914776 0
2233917912 0
2233921800 0
2233922008 0
2233975000 0
2233975256 0
2233975290 0
2233976024 0
2233976280 0
2233976314 0
2233979096 0
2233979130 0
2233979352 0
2233979386 0
2233980120 0
2233980410 0
2233983448 0
2233984472 0
2233987544 0
2233987578 0
2236239881 0
2236534793 0
2299658248 0
2299953160 0
2299953368 0
2299954184 0
2299954392 0
2299969544 0
2299969752 0
2299970568 0
2300019928 0
2301755392 0
2301755400 0
2301755456 0
2301755544 1
2301755608 2
2301755648 0
2301755712 0
2301763840 0
2301763848 0
2301763904 0
2301771784 0
2302050312 0
2302050376 0
2302050440 0
2302050456 0
2302050520 0
2302050568 0
2302050712 0
2302050776 0
2302051336 0
2302051480 0
2302051544 0
2302051592 0
2302051736 0
2302051800 0
2302051834 0
2302058760 0
2302058904 0
2302058968 0
2302059784 0
2302059928 0
2302059992 0
2302060026 0
2302066696 0
2302066840 0
2302066904 0
2302066952 0
2302067160 0
2302067864 0
2302067962 0
2302067976 0
2302068120 0
2302076376 0
2302116056 0
2302116312 0
2302117080 0
2302117114 0
2302117336 0
2302117370 0
2302124504 0
2302125528 0
2302125562 0
2302132474 0
2302132696 0
2302132730 0
2302133464 0
2302133498 0
2302133720 0
2302141912 0
2302141946 0
2305949697 0
2305958145 0
2306244617 0
2306473985 0
2306768905 0
2335384024 0
2335678936 0
2335678970 0
2335695354 0
2365734920 0
2365800664 0
2366029832 0
2366030040 0
2366095576 0
2366783704 0
2366787592 0
2367078408 0
2367078616 0
2367082504 0
2367145176 0
2368135640 0
2368201176 0
2368205272 0
2368880648 0
2368884744 0
2368884888 0
2368893192 0
2369175560 0
2369175704 0
2369175768 0
2369175816 0
2369176024 0
2369176584 0
2369176728 0
2369176792 0
2369176840 0
2369176984 0
2369177048 0
2369179656 0
2369179800 0
2369179864 0
2369179912 0
2369180056 0
2369180120 0
2369180680 0
2369180824 0
2369180888 0
2369180936 0
2369181080 0
2369181144 0
2369184008 0
2369184152 0
2369185032 0
2369185240 0
2369188104 0
2369189336 0
2369189370 0
2369242328 0
2369242362 0
2369242584 0
2369245400 0
2369245656 0
2369246424 0
2369246680 0
2369250776 0
2369250810 0
2370981897 0
2371276809 0
2371277017 0
2371506185 0
2371801097 0
2371801305 0
2373079049 0
2373373961 0
2373374105 0
2373599385 0
2373603337 0
2373898249 0
2373898393 0
2432827408 0
2432827416 0
2432827480 0
2432827536 0
2432827544 0
2432827608 0
2432827928 0
2432827992 0
2432843800 0
2432843864 3
2432843928 0
2432843992 0
2432893072 1
2432893144 0
2432893178 3
2432909528 0
2432909562 3
2433122328 0
2433122392 0
2433122554 0
2433123352 0
2433123416 0
2433123480 0
2433123544 0
2433123928 0
2433138712 0
2433138776 0
2433138904 0
2433139736 0
2433139800 0
2433139864 0
2433139928 0
2433188056 0
2433188090 0
2433189080 0
2433189114 0
2433204440 0
2433204474 0
2433205464 0
2433352216 0
2433352280 0
2433352408 3
2433368600 0
2433368664 0
2433417944 0
2433434328 0
2433663576 0
2433713880 0
2433729240 0
2434924568 0
2434924696 0
2434924760 0
2434924794 0
2434925080 0
2434940952 0
2434941080 0
2434941178 0
2434941464 0
2434990296 3
2434990330 3
2435006680 0
2435219480 0
2435219544 0
2435219608 0
2435219672 0
2435219706 0
2435219864 0
2435219928 0
2435219992 0
2435220120 0
2435220504 0
2435220888 0
2435220952 0
2435227928 0
2435228056 0
2435228120 0
2435228952 0
2435229080 0
2435235864 0
2435235928 0
2435236056 0
2435236184 0
2435236312 0
2435236376 0
2435236888 0
2435237144 0
2435237272 0
2435244376 0
2435244888 0
2435285144 0
2435285208 0
2435285242 0
2435285464 0
2435285498 0
2435286168 0
2435286232 0
2435286266 0
2435286488 0
2435293656 0
2435294680 0
2435294714 0
2435301592 0
2435301626 0
2435301848 0
2435301882 0
2435302616 0
2435302650 0
2435302872 0
2435449368 0
2435449496 0
2435449560 3
2435465752 0
2435465880 0
2435744280 0
2435744344 0
2435744408 0
2435760664 0
2435760728 0
2435760792 0
2435761688 0
2435810008 0
2435810264 0
2435826648 0
2437021721 0
2437021785 2
2437038169 3
2437038681 3
2437087377 0
2437087449 1
2437087889 0
2437316761 0
2437546513 0
2437546521 0
2437546585 2
2437546641 0
2437562969 3
2437612177 0
2437612249 3
2437612283 3
2437628667 3
2437923545 0
2439118873 2
2439119385 3
2439135257 0
2439184601 3
2439184635 3
2439185113 3
2439185147 3
2439413785 0
2439413913 0
2439422233 0
2439422361 0
2439479513 0
2439479547 0
2439479769 0
2439480059 0
2439480281 0
2439480571 0
2439481083 0
2439487961 0
2439488473 0
2439488985 0
2439495897 0
2439496153 0
2439496187 0
2439496409 0
2439496443 0
2439496955 0
2439497211 0
2439497467 0
2439643673 3
2439643737 2
2439660057 0
2439709401 3
2439709435 3
2439938585 0
2439938649 0
2440004313 0
2440004347 0
2440004569 0
2440004603 0
2440005371 0
2440005593 0
2440005627 0
2440012761 0
2440013785 0
2440013819 0
2440020697 0
2440020953 0
2440020987 0
2440021977 0
2440029179 0
2440030203 0
2499952664 0
2499952728 0
2499952792 0
2499952856 0
2499952890 0
2499953368 0
2499956760 0
2499956824 0
2499956952 0
2499956986 0
2499957336 0
2500018392 0
2500018426 0
2500018904 0
2500022488 0
2500022514 0
2500022522 3
2500247576 0
2500247640 0
2500247768 0
2500247802 0
2500248600 0
2500248664 0
2500248728 0
2500248792 0
2500249112 0
2500249176 0
2500249240 0
2500249304 0
2500251672 0
2500251736 0
2500251864 0
2500251898 0
2500252184 0
2500252248 0
2500252696 0
2500252760 0
2500252888 0
2500313304 0
2500313338 0
2500313816 0
2500313850 0
2500314328 0
2500317400 0
2500317434 0
2500317912 0
2500318424 0
2500318458 0
2500477464 0
2500481560 0
2500481624 0
2500543192 0
2500547288 0
2500776472 0
2500776536 0
2500838104 0
2500838138 0
2500842200 0
2502049816 0
2502049944 0
2502050008 0
2502050042 0
2502050328 0
2502053912 0
2502054040 0
2502054424 0
2502115544 0
2502119640 0
2502123992 0
2502128088 0
2502344728 0
2502344792 0
2502344856 0
2502344954 0
2502345048 0
2502345112 0
2502345752 0
2502346136 0
2502346264 0
2502348824 0
2502348888 0
2502349016 0
2502349272 0
2502349336 0
2502349400 0
2502349848 0
2502350232 0
2502350296 0
2502353304 0
2502357272 0
2502357400 0
2502410456 0
2502410490 0
2502410712 0
2502411480 0
2502411736 0
2502414552 0
2502414586 0
2502414808 0
2502414842 0
2502415576 0
2502418904 0
2502418938 0
2502423000 0
2502423034 0
2502574616 0
2502574744 0
2502578712 0
2502869528 0
2502869592 0
2502869656 0
2502873624 0
2502873688 0
2502873752 0
2502935512 0
2502939352 0
2504151065 0
2504212697 0
2504212731 0
2504216793 0
2504216827 0
2504217305 0
2504441945 0
2504442969 0
2504507609 0
2504507643 0
2504508121 0
2504508633 0
2504511739 0
2504671769 0
2504675865 0
2504675929 0
2504741593 0
2504741627 3
2504970841 0
2505036539 0
2506244121 0
2506248217 0
2506248729 0
2506318331 0
2506539161 0
2506543129 0
2506604761 0
2506605017 0
2506608857 0
2506609113 0
2506609147 0
2506609369 0
2506609625 0
2506609659 0
2506613243 0
2506617305 0
2506617339 0
2506768921 0
2506773017 0
2507067929 0
2507068185 0
2507068249 0
2507129561 0
2507129817 0
2507129851 0
2507133657 0
2507133691 0
2507133913 0
2507133947 0
2507142105 0
2568388824 0
2568405208 0
2570191000 0
2570485912 0
2570486168 0
2570486232 0
2570486936 0
2570487000 0
2570487192 0
2570495384 1
2570502616 0
2570503320 0
2570503384 0
2570503640 0
2570551512 0
2570551768 0
2570551802 0
2570552536 0
2570552570 0
2570552792 0
2570552826 0
2570559960 0
2570560984 0
2570561018 0
2570567896 0
2570567930 0
2570568152 0
2570568186 0
2570568664 0
2570568920 0
2570576344 0
2570576378 0
2570577368 0
2570715800 0
2571010712 0
2571076568 0
2571092952 0
2571101144 0
2574745817 0
2574745851 0
2574746073 0
2574746107 0
2574746329 0
2574746585 0
2574754777 0
2574762457 0
2574762491 0
2574910097 0
2574910105 0
2574910161 0
2574910353 0
2574910417 0
2574918609 0
2574935001 3
2575205017 0
2575205081 0
2575229913 0
2575270553 0
2575270617 0
2575270873 0
2575270907 0
2575279065 0
2575279099 0
2575287001 0
2575287257 0
2575287291 0
2603819514 0
2604048792 0
2604114392 0
2634236120 0
2634236154 0
2634240216 0
2634531032 0
2634531544 0
2634760920 0
2635055832 0
2635284696 0
2635288826 0
2635515096 0
2635518168 0
2635579608 0
2635583738 0
2636636666 0
2637316248 0
2637320344 0
2637611416 0
2637612184 0
2637612696 0
2637615256 0
2637615512 0
2637616280 0
2637616536 0
2637616600 0
2637676760 0
2637677016 0
2637677050 0
2637677528 0
2637677784 0
2637677818 0
2637680856 0
2637681112 0
2637681146 0
2637681880 0
2637681914 0
2637682136 0
2637686266 0
2637689304 0
2637845144 0
2638140056 0
2638201816 0
2638430459 0
2638665369 0
2639479001 0
2639483131 0
2639773913 0
2639774937 0
2639778043 0
2640007931 0
2640302843 0
2640830971 0
2641580249 0
2641588697 0
2641806489 0
2641809561 0
2641811097 0
2641871065 0
2641871321 0
2641871355 0
2641871833 0
2641872601 0
2641875161 0
2641875417 0
2641876697 0
2642396121 0
2642396155 0
2642399961 0
2642400217 0
2642400251 0
2642404313 0
2671473624 0
2703368536 3
2703656186 0
2703663368 0
2703664408 0
2703664472 0
2703664536 0
2703664600 0
2703664634 0
2703666456 0
2703666520 0
2703680920 0
2703680984 0
2703681018 0
2703721722 0
2703729112 0
2703730136 0
2703730170 0
2703732184 0
2703732218 0
2703746520 0
2703746554 0
2703748568 0
2703748602 0
2712055064 0
2712055128 0
2770559448 0
2770561496 0
2770563544 0
2770565626 0
2770788824 0
2770791704 0
2770791768 0
2770792712 0
2770793752 0
2770793880 0
2770854360 0
2770855384 0
2770855418 0
2770857432 0
2770857466 0
2770858456 0
2770858490 0
2770859480 0
2779180538 0
2779184408 0
2838626304 0
2838626560 0
2838634752 0
2838634816 0
2838634896 0
2838634904 0
2838651352 0
2838930840 0
2838930904 0
2838932952 0
2838947288 0
2838947322 0
2838996440 0
2838998488 0
2838998522 0
2839011800 0
2839011834 0
2839012824 0
2839014872 0
2839014906 0
2842820609 0
2842829057 0
2872189184 0
2872189248 0
2872189336 0
2872191240 2
2872191384 3
2872256984 2
2872484104 0
2872484312 0
2872485128 0
2872485336 0
2872486152 0
2872486296 0
2872486360 0
2872487176 0
2872501720 0
2872549882 0
2872550906 0
2872551896 0
2872552954 0
2872566266 0
2872568314 0
2873024776 0
2880874904 0
2905006552 0
2905072088 0
2905764104 0
2906055944 0
2906056088 0
2906058234 0
2906060184 0
2906121688 0
2906123736 0
2906123770 0
2906125784 0
2906125818 0
2910777609 0
2914446842 0
2914450938 0
2914512344 0
2914512378 0
2939613448 0
2939679226 0
2971795544 3
2972090392 0
2972090456 0
2972090904 0
2972091416 0
2972098968 0
2972099864 0
2972106776 0
2972106840 0
2972115288 0
2972157080 0
2972157144 0
2972157178 0
2972164568 0
2972164602 0
2972165592 0
2972165626 0
2972166650 0
2972167640 0
2972167674 0
2972180952 0
2972182010 0
2972183034 0
2972184024 0
2972320344 3
2972615192 0
2972615256 0
2972623704 0
2972631576 0
2972631640 0
2972689368 0
2976293145 0
2976350459 0
2976350617 0
2976350715 0
2976351483 0
2976358873 0
2976358907 0
2976359897 0
2976359931 0
2976361979 2
2976378329 0
2976875259 0
2976875515 0
2976876283 0
2976876539 0
2976884633 0
2976884697 0
2976884731 0
2976900057 0
2980479064 0
2980553210 0
2981003864 0
2985263867 0
2985264857 0
2985275387 0
3038929304 0
3038929368 0
3038994904 0
3038999000 0
3038999034 0
3039001048 0
3039001082 0
3039216664 0
3039219736 0
3039220760 0
3039228312 0
3039289816 0
3039289850 0
3039290874 0
3039293912 0
3039293946 0
3039294936 0
3039294970 0
3039295960 0
3039295994 0
3039744536 0
3039814616 0
3043193305 0
3043488217 0
3043488251 0
3043488763 0
3044013051 0
3107070360 0
3107070424 0
3107365272 0
3107365336 0
3107366296 0
3107366360 0
3107367384 0
3107381720 0
3107384792 0
3107430906 0
3107431896 0
3107431930 0
3107432920 0
3107433944 0
3107447256 0
3107449338 0
3107450328 0
3111626713 0
3111644633 0
3111789457 0
3111789521 0
3111805913 3
3140624792 0
3140624856 0
3140690392 0
3140692440 0
3140919704 0
3140919768 0
3140921752 0
3140922776 0
3140985304 0
3140987352 0
3141001688 0
3141001722 0
3141003770 0
3144884731 2
3145196027 0
3145704409 0
3173511674 0
3174199704 0
3174201816 0
3174490520 0
3174494616 0
3174495640 0
3174556120 0
3174557144 0
3174559192 0
3174560216 0
3174560250 0
3174561240 0
3174562264 0
3178226683 0
3178230779 0
3178684825 0
3178750425 0
3182947834 0
3207821784 0
3208111576 0
3208114648 0
3208635352 0
3212304857 0
3212308953 0
4842465544 3
4842761496 0
4842761560 0
4851150296 0
4851150330 0
4851166616 0
4851166680 0
4851215832 0
4859242760 3
4859242840 2
4859538712 0
4859538776 0
4859538840 0
4859538904 0
4859538938 0
4859555096 0
4859555322 0
4909886744 0
4909886808 0
4917979608 0
4918279640 0
4926663960 0
4926664152 0
4926664186 0
4926668248 0
4986416600 0
4986416634 0
4986432920 0
4986432984 0
4986482136 0
4994805000 0
4994805242 0
4994821528 0
4994821626 0
5053541848 0
5053541882 0
5053545880 0
5061930456 0
5061930490 0
5061934344 0
5061934488 0
5061934586 0
5061996026 0
6998699480 0
7007022360 0
7007022424 0
7007088122 0
7007104506 0
7074151704 0
7133900248 0
7133965784 0
7142288856 0
7142288890 0
7142354426 0
7209414138 0
7209479674 0
7267134936 0
7267150330 0
7271328251 0
7410789882 0
7410806266 0
7469525464 0
7477915130 0
7477919226 0
8590065664 0
8590065792 0
8590360584 0
8590360712 0
8590361608 0
8590361736 0
8590377096 0
8590377992 0
8590378120 0
8590378234 0
8592458760 0
8592459224 0
8592475352 0
8606843008 0
8606843016 0
8606843032 3
8606843088 0
8606843096 3
8606859272 0
8606859400 0
8607137800 0
8607137928 0
8607137944 0
8607138008 0
8607138824 0
8607138952 0
8607138968 0
8607139032 0
8607154184 0
8607154312 0
8607154392 0
8607154426 0
8607155208 0
8607155336 0
8607155352 0
8607155416 0
8607155450 0
8607203544 0
8607220952 0
8608940240 3
8608940248 1
8608948688 0
8609234952 0
8609235096 0
8609235160 0
8609235194 0
8609235976 0
8609236104 0
8609236120 0
8609236184 0
8609236360 0
8609236440 0
8609236474 0
8609244632 0
8609244666 0
8609252568 0
8609252602 0
8609252744 0
8609252760 0
8609252824 0
8609252858 0
8609259912 0
8609259992 0
8609261016 0
8609261050 0
8609300696 0
8657195008 0
8657195144 0
8657485832 0
8657485960 0
8657486856 0
8657486984 0
8657490056 0
8657491080 0
8657491160 0
8657491194 0
8673968128 0
8673968256 0
8673968264 0
8673968272 0
8673968370 0
8673972232 0
8673972352 0
8673972360 0
8673972432 3
8673972440 0
8673972466 3
8673972474 3
8674038010 0
8674263048 0
8674263176 0
8674263192 0
8674263256 0
8674264072 0
8674264200 0
8674264280 0
8674267144 0
8674267272 0
8674267288 0
8674267336 0
8674267352 0
8674267386 0
8674268296 0
8674268360 0
8674268376 0
8674268410 3
8676069618 2
8676078074 3
8676361608 0
8676361688 0
8676361722 0
8676364794 0
8676365784 0
8676368856 0
8676369880 0
8676372952 0
8676372986 0
8676373976 0
8676374010 0
8676434392 0
8676438522 0
8724578312 0
8724578440 0
8724579464 0
8725628056 0
8725643272 0
8725643400 0
8725644296 0
8725644424 0
8726676504 0
8726676632 0
8727429120 0
8727429136 0
8727429200 0
8727429248 0
8727429256 0
8727429264 0
8727429328 0
8727429392 0
8727429456 0
8727429520 0
8727429584 0
8727437712 0
8727437776 0
8727724040 0
8727724168 0
8727724184 0
8727724248 0
8727724296 0
8727724424 0
8727724428 0
8727724440 0
8727724504 0
8727725064 0
8727725192 0
8727725208 0
8727725272 0
8727725336 0
8727725464 0
8727725528 0
8727732620 0
8727733656 0
8727740808 0
8727741448 0
8727741576 0
8727741912 0
8727748872 0
8727749000 0
8741355656 0
8741355736 0
8741356680 0
8741372040 0
8741372120 0
8741373064 0
8742404232 0
8742404312 0
8742405256 0
8742405272 0
8742405336 0
8742405370 0
8742420616 0
8742421640 0
8742421720 0
8743157896 2
8743157912 3
8743157976 3
8743452808 0
8743452824 0
8743452888 0
8743453832 0
8743453848 0
8743453946 0
8743454088 0
8743454104 0
8743454168 0
8743462296 0
8743462360 0
8743462394 0
8743469272 0
8743470296 0
8743470330 0
8743470472 0
8743470552 0
8743470586 0
8743478744 0
8743478778 0
8744206336 0
8744206344 0
8744206400 0
8744206464 0
8744206472 0
8744206480 0
8744206488 0
8744206528 0
8744206544 0
8744206578 0
8744206592 0
8744206656 0
8744206720 0
8744206736 0
8744206740 0
8744206784 0
8744206800 0
8744206804 0
8744206818 0
8744206834 0
8744206838 0
8744214784 0
8744214848 0
8744214912 0
8744214924 0
8744214928 0
8744214932 0
8744214976 0
8744214992 0
8744214996 0
8744215010 0
8744215026 0
8744215030 0
8744222856 0
8744272080 0
8744272114 0
8744272336 0
8744272370 0
8744280528 0
8744280532 0
8744280562 0
8744280566 0
8744501256 0
8744501384 0
8744501400 0
8744501464 0
8744501498 0
8744501512 0
8744501640 0
8744501644 0
8744501656 0
8744501660 0
8744501720 0
8744501724 0
8744501754 0
8744502280 0
8744502408 0
8744502424 0
8744502488 0
8744502522 0
8744502664 0
8744502680 0
8744502744 0
8744502778 0
8744509708 0
8744509836 0
8744509852 0
8744509916 0
8744510856 0
8744510872 0
8744510936 0
8744510940 0
8744510970 0
8744510974 0
8744517640 0
8744517768 0
8744517784 0
8744517848 0
8744518024 0
8744518040 0
8744518104 0
8744518138 0
8744518792 0
8744518808 0
8744518872 0
8744518906 0
8744519052 0
8744519064 0
8744519128 0
8744519162 0
8744526216 0
8744526334 0
8744527320 0
8744527354 0
8744567000 0
8744568024 0
8744576506 0
8744583384 0
8761287052 0
8778064268 0
8778064284 0
8778064348 0
8778064382 0
8791703688 0
8791704584 0
8791704712 0
8792457216 0
8792457296 0
8792457424 0
8792457432 0
8792461440 0
8792461520 0
8792752136 0
8792752216 0
8792752264 0
8792752328 0
8792752344 0
8792753160 0
8792753240 0
8792753288 0
8792753352 0
8792753368 0
8792756232 0
8794554504 0
8794558600 0
8794849288 0
8794849416 0
8794850312 0
8794850440 0
8794853512 0
8794853768 0
8794854408 0
8794858764 0
8808480904 0
8808480984 0
8808481928 0
8808485000 0
8808485064 0
8808485080 0
8808486104 0
8808547544 0
8809234624 0
8809234632 0
8809234640 0
8809234648 0
8809238656 0
8809238664 0
8809238736 0
8809238770 3
8809529480 0
8809529544 0
8809529560 0
8809530456 0
8809530504 0
8809530568 0
8809530584 0
8809533576 0
8809534600 0
8810283144 0
8810287240 0
8810291672 0
8810295802 0
8810578056 0
8810578072 0
8810579160 0
8810579194 0
8810579450 0
8810582152 0
8810582232 0
8810582488 0
8810582522 0
8810586584 0
8810586618 0
8810590680 0
8810590714 0
8810644730 0
8810652120 0
8810656250 0
8811331584 0
8811331712 0
8811331720 0
8811331736 0
8811331792 0
8811331826 0
8811332082 0
8811335688 0
8811335816 0
8811335832 0
8811335922 0
8811336178 0
8811336182 3
8811340252 0
8811340286 0
8811344348 0
8811344382 0
8811626504 0
8811626632 0
8811626648 0
8811626712 0
8811626888 0
8811626904 0
8811626968 0
8811627656 0
8811627672 0
8811627736 0
8811627912 0
8811627916 0
8811627928 0
8811627992 0
8811628026 0
8811630600 0
8811630728 0
8811630744 0
8811630808 0
8811630984 0
8811630988 0
8811631000 0
8811631064 0
8811631752 0
8811631768 0
8811631832 0
8811635160 0
8811635164 0
8811635194 0
8811635198 0
8811636104 0
8811636108 0
8811636184 0
8811636188 3
8811636218 0
8811636222 0
8811639192 0
8811639256 0
8811639294 0
8811640280 0
8811640314 0
8811640318 0
8811692248 0
8811693528 0
8811701720 0
8811701724 3
8811701754 0
8811701758 0
8844894684 0
8844894718 0
8844898780 0
8844898814 0
8844960220 0
8844964350 0
8845193726 0
8845194750 0
8845256190 0
8845259262 0
9146115464 0
9146115544 0
9146115578 0
9146117512 0
9146117592 0
9146117626 0
9146131928 0
9146131962 0
9146133976 0
9146134010 0
9146183128 0
9154506234 0
9196467672 0
9212944856 0
9212948986 0
9213014522 0
9213240712 0
9213240792 0
9213242760 0
9213242840 0
9213242874 0
9213243898 0
9213244888 0
9213245946 0
9213246936 0
9213246970 0
9213309434 0
9264308560 0
9264308608 0
9264308624 0
9264308688 0
9280333192 0
9280333272 0
9280333306 0
9280335240 0
9280335320 0
9280335354 0
9280349690 0
9280351704 0
9280415192 0
9281077248 0
9281077392 0
9281077456 0
9281077490 0
9281077504 0
9281077632 0
9281077648 0
9281077696 0
9281077712 0
9281077746 0
9281085696 0
9281085760 0
9281085824 0
9281085840 0
9281085844 0
9281085888 0
9281085904 0
9281085908 0
9281085938 0
9281085942 0
9281143248 0
9281143282 0
9281151440 0
9281151444 0
9281151474 0
9281151478 0
9281372312 0
9281372376 0
9281372568 0
9281372632 0
9281373592 0
9281373656 0
9281380744 0
9281380760 0
9281380824 0
9281381768 0
9281381784 0
9281381848 0
9281381882 0
9281382808 0
9281382872 0
9281383816 0
9281383896 0
9281383930 0
9281398232 0
9281398266 0
9281399176 0
9281400280 0
9281400314 0
9281447384 0
9281447418 0
9281449466 0
9288723962 0
9289772538 0
9298177420 0
9314640128 0
9314640192 0
9314640256 0
9314640268 3
9314640272 0
9314640276 0
9314640320 0
9314640336 0
9314640340 0
9314640348 0
9314640370 0
9314640374 0
9314642316 3
9314642396 0
9314642426 0
9314642430 0
9314658810 0
9314658814 0
9314705872 0
9314705906 0
9314705910 0
9314935180 0
9314935192 0
9314935196 0
9314935256 0
9314935260 0
9314935290 0
9314935294 0
9314937228 0
9314937240 0
9314937304 0
9314937308 0
9314937342 0
9314951674 0
9314951678 0
9314952588 0
9314952668 0
9314952698 0
9314953722 0
9314953726 0
9314954636 0
9314954652 0
9314954716 0
9315000830 0
9315002844 0
9315002878 0
9323315352 0
9323315416 0
9323315608 0
9323315672 0
9323323800 0
9323323864 0
9323325848 0
9323325912 0
9323325916 0
9347166680 0
9347232216 0
9347458554 0
9347459578 0
9347460602 0
9348211164 0
9348211198 0
9348213212 0
9348213246 0
9348215260 0
9348215294 0
9348217342 0
9348280830 0
9348506076 0
9348506110 0
9348507016 0
9348507020 0
9348507096 0
9348507100 3
9348507130 0
9348507134 0
9348508158 0
9348509080 0
9348509144 0
9348509148 2
9348509178 0
9348510206 0
9348511192 0
9348512254 0
9348513160 0
9348513240 0
9348571646 0
9348572636 3
9348574684 3
9348575742 0
9348577790 0
9356901848 0
9381765596 0
9381765622 0
9381765630 0
9381767644 0
9381767674 0
9381767678 0
9381769692 0
9381769718 0
9381769726 0
9381771740 0
9381771774 0
9381831132 0
9381831166 0
9381833180 0
9381833214 0
9381835228 0
9381835262 0
9381837276 0
9381837310 0
9382060538 0
9382060542 0
9382061566 0
9382062476 0
9382062586 0
9382062590 0
9382063614 0
9382064604 0
9382064638 0
9382065662 0
9382066652 0
9382066682 0
9382066686 0
9382067710 0
9382126078 0
9382128126 0
9382130174 0
9382132222 0
9382133246 0
9390160382 0
9390225918 0
9390451198 0
9390455294 0
10388679166 0
10396772748 0
10397067660 0
10455509502 0
10455513598 0
10455804414 0
10455807486 0
10455808510 0
10455809534 0
10455869950 0
10455874046 0
10463898110 0
10463902206 0
10463967742 0
10464193022 0
10464197118 0
10754326664 0
10754343048 0
10754343128 0
10754621576 0
10754621592 0
10754621656 0
10754622600 0
10754622616 0
10754622680 0
10754622714 0
10754637960 0
10754638040 0
10754638984 0
10754639064 0
10754687192 0
10754688216 0
10754688250 0
10754704600 0
10755146888 0
10756718744 0
10756718984 0
10756719768 0
10756719832 0
10756720024 0
10756720088 0
10756728216 0
10756728280 0
10756736216 0
10756736408 0
10756784344 0
10756785624 0
10756793816 0
10756793850 0
10758832265 0
10759045329 0
10759061713 0
10759340249 0
10759356633 0
10821451912 0
10821451992 0
10821456008 0
10821456088 0
10821521658 0
10821746824 0
10821746904 0
10821747848 0
10821747864 0
10821747928 0
10821750792 0
10821750920 0
10821750936 0
10821750984 0
10821751000 0
10821751034 0
10821752024 0
10821752058 0
10821813464 0
10821816536 0
10821816570 0
10822272136 0
10823557592 0
10823561722 0
10823623128 0
10823627258 0
10823848328 0
10823849112 0
10823849368 0
10823853528 0
10823856520 0
10823856634 0
10823918040 0
10823922136 0
10823922170 0
10823923194 0
10825646217 0
10825646297 0
10825941129 0
10826174681 3
10888544392 0
10888840442 0
10888855688 0
10888855768 0
10888905944 0
10888905978 0
10889888904 0
10889888984 0
10889905368 0
10889954520 0
10889954554 0
10890641544 0
10890641560 3
10890641624 3
10890936456 0
10890936472 0
10890936712 0
10890937480 0
10890937496 0
10890937752 0
10890944904 0
10890952856 0
10890953112 0
10890953864 0
10890953880 0
10890954200 0
10891003096 0
10891003130 0
10891003352 0
10891003386 0
10891011544 0
10891011578 0
10891019480 0
10891019514 0
10891027962 0
10891165832 0
10891460744 0
10891689984 0
10891690112 0
10891690120 0
10891690128 0
10891690136 0
10891690176 0
10891690192 0
10891690226 0
10891690240 0
10891690368 0
10891690384 0
10891690388 0
10891690432 0
10891690448 0
10891690452 0
10891690482 0
10891698432 0
10891698496 0
10891698560 0
10891698572 0
10891698576 0
10891698580 0
10891698624 0
10891698640 0
10891698644 0
10891698674 0
10891706504 0
10891755728 0
10891755762 0
10891755984 0
10891756018 0
10891756022 0
10891764176 0
10891764180 0
10891764210 0
10891764214 0
10891984904 0
10891985032 0
10891985048 0
10891985112 0
10891985288 0
10891985292 0
10891985304 0
10891985308 0
10891985368 0
10891985372 0
10891986056 0
10891986072 0
10891986136 0
10891986184 0
10891986328 0
10891986332 0
10891986392 0
10891986396 0
10891993484 0
10891993560 0
10891993564 0
10891994508 0
10891994520 0
10891994584 0
10891994588 0
10892001416 0
10892001432 0
10892001496 0
10892001672 0
10892001676 0
10892001688 0
10892001692 0
10892001752 0
10892002440 0
10892002456 0
10892002520 0
10892002554 0
10892002696 0
10892002776 0
10892009944 0
10892050648 0
10892050682 0
10892050904 0
10892050908 0
10892051672 0
10892051928 0
10892051962 0
10892060120 0
10892060124 0
10892060154 0
10892067032 0
10892076538 0
10893033689 0
10893050073 0
10893558921 0
10895884417 0
10895884433 0
10895884497 0
10896179337 0
10896179609 0
10896179613 0
10896180361 0
10896188813 0
10896195721 0
10896195993 0
10896196057 0
10896245209 0
10896408705 0
10896408721 0
10896408785 0
10896703625 0
10896703881 0
10896703885 0
10896703897 0
10896704649 0
10896720009 0
10896720265 0
10896720269 0
10896720281 0
10896769275 0
10896770525 0
10925547916 0
10925547996 0
10925613566 0
10955669640 0
10955669720 0
10955673816 0
10955964552 0
10955964632 0
10955964666 0
10955965656 0
10956030202 0
10956194008 0
10956787954 2
10957014232 0
10957766792 0
10957775320 0
10957832408 3
10957840856 0
10957840890 0
10957844952 0
10957844986 0
10958061720 0
10958065800 0
10958065816 0
10958066056 0
10958070152 0
10958131672 0
10958131706 0
10958135768 0
10958135802 0
10958136792 0
10958139864 0
10958139898 0
10958815368 0
10958815474 0
10958815730 0
10958819464 0
10958819570 0
10958819826 0
10958823900 0
10958823934 0
10958827996 0
10958828030 0
10958881010 0
10958881266 0
10958885080 0
10958885106 0
10958885362 0
10958889432 0
10958889436 0
10958889466 0
10958889470 0
10958893532 0
10958893566 0
10959110280 0
10959110296 0
10959110536 0
10959110552 0
10959110616 0
10959111304 0
10959111320 0
10959111384 0
10959111560 0
10959111576 0
10959111580 0
10959114376 0
10959114392 0
10959114632 0
10959114648 0
10959115400 0
10959115416 0
10959118812 0
10959118846 0
10959119756 0
10959122824 0
10959122942 0
10959175896 0
10959176152 0
10959176920 0
10959176954 0
10959184348 0
10959184382 0
10959185368 0
10959185372 3
10959185402 0
10959185406 1
10959188478 0
10959189498 0
10959189502 0
10959343752 0
10959643134 0
10959644044 0
10959708636 0
10959863945 0
10959864025 0
10959868121 0
10960158857 0
10960158937 0
10960159961 0
10960162953 0
10960163977 0
10960388305 0
10960388313 0
10960683225 0
10960684249 0
10961736921 0
10963304857 0
10963308953 0
10963313117 0
10963313151 0
10963317247 0
10963318157 0
10963378653 0
10963382783 0
10963829129 0
10963829209 0
10963832969 0
10963833225 0
10963837405 0
10963837439 0
10992378332 0
10992382428 0
10992382462 0
10992443868 0
10992443902 0
10992447964 0
10992447998 0
10992673244 0
10992677374 0
10992678398 0
10992738780 0
10992738814 0
10992739804 0
10992739838 0
10992742910 0
10992743934 0
10992906716 0
10992968156 0
10992972252 0
10993198476 0
10993267198 0
10996871679 0
10996937215 0
10997101055 0
10997395967 0
10997461503 0
11022827736 0
11023058136 0
11023123706 0
11025154520 0
11025154554 0
11025155224 0
11025155288 0
11025155480 0
11025155544 0
11025163736 0
11025171608 0
11025171864 0
11025220056 0
11025220090 0
11025229306 0
11026956953 0
11026957017 0
11026957051 0
11026973401 0
11026973435 0
11027022553 0
11027022587 0
11027038937 0
11027038971 0
11027251963 0
11027268313 0
11027268347 0
11027317465 0
11027317499 0
11027333849 0
11027333883 0
11027481305 0
11027497689 0
11027546841 0
11027546875 3
11027563225 0
11027563259 3
11027776217 0
11027792601 0
11027841753 0
11027858137 0
11029128187 0
11029144571 0
11029414617 0
11029414651 0
11029414873 0
11029414907 0
11029431001 0
11029431035 0
11029431291 0
11029439483 0
11029578457 3
11029873625 0
11029890009 0
11029890043 0
11029939195 0
11029955579 0
11029963737 0
11089887448 0
11089891544 0
11089952984 0
11089953018 0
11089953530 0
11089957080 0
11089957114 0
11089957626 0
11090182296 0
11090182360 0
11090186456 0
11090247896 0
11090247930 0
11090248920 0
11090251992 0
11090252026 0
11090253050 0
11090477818 0
11090772730 0
11092058584 0
11092058618 0
11092062714 3
11092280728 0
11092280792 0
11092283544 0
11092284568 0
11092284824 0
11092284888 0
11092346072 0
11092346362 0
11092353496 0
11092353530 0
11092357592 0
11092357626 0
11092358650 0
11094082299 0
11094086297 0
11094086361 0
11094086395 0
11094147289 0
11094147323 0
11094147801 0
11094147835 0
11094151419 0
11094151897 0
11094151931 0
11094377177 0
11094377211 0
11094380697 0
11094381209 0
11094381307 0
11094442201 0
11094442235 0
11094442713 0
11094442747 0
11094446331 3
11094446809 0
11094446843 0
11094606553 0
11094672089 0
11094672123 3
11094676219 0
11094901465 0
11094905561 0
11094967001 0
11094971097 0
11094972155 0
11096257531 0
11096539865 0
11096539899 0
11096540155 0
11096543961 0
11096543995 0
11096544217 0
11096544251 0
11096547835 0
11096548347 0
11096781819 3
11156979864 0
11158324440 0
11158340824 0
11159373208 0
11159397848 0
11159438552 0
11159438808 0
11159454202 0
11159454936 0
11160125584 0
11160125648 0
11160125840 0
11160125844 0
11160125904 0
11160125908 0
11160134032 0
11160134036 0
11160134096 0
11160134100 0
11160191184 0
11160191218 0
11160191440 0
11160191444 0
11160191474 0
11160191478 0
11160199632 0
11160199636 0
11160199666 0
11160199670 0
11160207858 0
11160420504 0
11160420568 0
11160420602 0
11160420764 0
11160420824 0
11160421528 0
11160421592 0
11160421784 0
11160421848 0
11160428956 0
11160429016 0
11160429976 0
11160436888 0
11160437912 0
11160437976 0
11160438168 0
11160486040 0
11160486104 0
11160486138 0
11160486360 0
11160486364 0
11160486394 0
11160486398 0
11160487128 0
11160487162 0
11160487384 0
11160487418 0
11160487422 0
11160494590 0
11160495576 0
11160495610 0
11160495614 0
11160502488 0
11160502744 0
11160502748 0
11160502778 0
11160502782 0
11160503512 0
11160503546 0
11160503802 0
11160510974 0
11160511994 0
11161027548 0
11161035770 0
11161035774 0
11161174681 0
11161174745 0
11161174779 0
11161191065 0
11161240281 0
11161240315 0
11161469657 0
11161469691 0
11161486041 0
11161486075 0
11161534715 0
11161535227 0
11161551099 0
11161551611 0
11161699033 0
11161993881 0
11161994969 0
11162059003 0
11162060539 0
11162075387 0
11162518233 0
11162534617 0
11162583257 0
11162583769 0
11162584793 0
11162584827 0
11162600153 0
11162600187 0
11163566809 0
11163566843 0
11163632379 0
11163657211 0
11163861755 3
11164107481 0
11164156923 0
11164173307 0
11164319889 0
11164319953 0
11164320145 0
11164320149 0
11164320209 0
11164320213 0
11164320401 0
11164320465 0
11164320473 0
11164320507 0
11164320657 0
11164320661 0
11164320721 0
11164320725 0
11164328337 0
11164328341 0
11164328401 0
11164328405 0
11164328849 0
11164328853 0
11164328913 0
11164328917 0
11164336891 0
11164385489 0
11164385523 0
11164385745 0
11164385749 0
11164385779 0
11164385783 0
11164386001 0
11164386009 0
11164386035 0
11164386043 0
11164386257 0
11164386261 0
11164386291 0
11164386295 0
11164393937 0
11164393941 0
11164393971 0
11164393975 0
11164394449 0
11164394453 0
11164394483 0
11164394487 0
11164394491 0
11164394495 0
11164402393 0
11164402427 0
11164410879 0
11164614809 0
11164614873 0
11164615321 0
11164615385 0
11164615419 0
11164615641 0
11164616699 0
11164631705 0
11164631769 0
11164631803 0
11164631961 0
11164632025 0
11164680443 0
11164680665 0
11164680669 0
11164680699 0
11164680703 0
11164680921 0
11164680955 0
11164681177 0
11164681467 0
11164682235 0
11164688861 0
11164689407 0
11164689915 0
11164689919 0
11164690427 0
11164690431 0
11164696793 0
11164697049 0
11164697053 0
11164697083 0
11164697087 0
11164697305 0
11164697339 0
11164697561 0
11164697595 0
11164705279 0
11164705791 0
11164706299 0
11164844689 0
11164844753 0
11164844761 0
11164844945 0
11164844949 0
11164845009 0
11164845013 0
11164853137 0
11164853141 0
11164853201 0
11164853205 0
11164910289 0
11164910323 0
11164910545 0
11164910549 0
11164910579 0
11164910583 0
11164918737 0
11164918741 0
11164918771 0
11164918775 0
11165139609 0
11165139673 0
11165139865 0
11165139869 0
11165139929 0
11165156313 0
11165205145 0
11165205209 0
11165205243 0
11165205465 0
11165205469 0
11165205499 0
11165205503 0
11165206523 0
11165213657 0
11165213661 0
11165213691 0
11165213695 0
11165214715 0
11165214719 0
11165221627 0
11165221849 0
11165221883 0
11165221887 0
11165230075 0
11165230079 0
11193754098 0
11193754102 0
11193983388 0
11194050046 0
11194590206 0
11197948407 0
11197948919 0
11197948927 0
11197965311 0
11198243327 0
11198243839 0
11198244317 0
11198244351 0
11198244863 0
11198260223 0
11198473207 0
11198768093 0
11198768127 0
11198769151 0
11198784511 0
11224105112 0
11224105176 0
11224170712 0
11224170746 0
11224174808 0
11224465624 0
11224465658 0
11224466682 0
11224469754 0
11225153752 0
11225157848 0
11225219288 0
11225219322 0
11225223384 0
11225223410 0
11225223418 0
11225448664 0
11225449688 1
11225514200 0
11225515224 0
11225515258 0
11226276312 0
11226276346 0
11226280408 0
11226280442 0
11226563834 0
11226567128 0
11226571224 0
11226571258 0
11226572282 0
11226575320 0
11226575354 0
11227259356 0
11227316466 0
11227320562 3
11227324892 0
11227324926 0
11227325438 0
11227328984 0
11227329018 0
11227329022 0
11227545752 0
11227546840 0
11227546874 0
11227547032 0
11227547096 0
11227547130 0
11227549848 0
11227550872 0
11227551128 0
11227555288 0
11227559384 0
11227611352 0
11227611608 0
11227611612 0
11227611642 0
11227611646 0
11227612410 0
11227612632 0
11227612666 0
11227615704 0
11227615708 0
11227615738 0
11227615742 0
11227616472 0
11227616506 0
11227619800 0
11227619804 0
11227619838 0
11227620350 0
11227620828 2
11227620862 3
11227623934 0
11227853822 0
11228136412 0
11228144638 0
11228148734 0
11228299929 0
11228299993 0
11228300027 0
11228365051 0
11228594939 0
11228599001 0
11228599035 0
11228659929 0
11228659963 0
11228660475 0
11228660987 0
11228664571 0
11228889851 0
11228893947 0
11229184729 0
11229185787 0
11229189849 0
11229189883 0
11229643481 0
11229644539 0
11229647577 0
11229708505 0
11229709051 0
11229876945 3
11230167769 2
11230168793 3
11230171865 3
11230172889 3
11230471163 0
11230474747 0
11230475259 0
11230692091 0
11230757115 0
11230757627 0
11230758139 0
11230765563 0
11230766075 0
11230770171 0
11231290329 0
11231445721 0
11231449753 0
11231449817 0
11231449851 0
11231510771 0
11231511291 0
11231514867 0
11231515353 0
11231515387 0
11231519227 0
11231519231 0
11231519739 0
11231519743 0
11231523327 0
11231523839 0
11231740057 0
11231740569 0
11231740633 0
11231740667 0
11231740889 0
11231744153 0
11231744729 0
11231744763 0
11231805657 0
11231805913 0
11231805917 0
11231805947 0
11231805951 0
11231806169 0
11231806203 0
11231806425 0
11231807193 0
11231810009 0
11231810013 0
11231810043 0
11231810265 0
11231810299 0
11231810521 0
11231814143 0
11231814655 0
11231815163 0
11231815167 0
11231815645 0
11231815679 0
11231818205 0
11231818239 0
11231818751 0
11231819263 3
11231974105 0
11232035579 0
11232039641 0
11232039675 0
11232044031 0
11232048127 0
11232265113 0
11232265117 0
11232269017 0
11232269209 0
11232269213 0
11232330491 0
11232330713 0
11232330717 0
11232330747 0
11232330751 0
11232334553 0
11232334587 0
11232334809 0
11232334843 0
11232335867 0
11232338909 0
11232338939 0
11232338943 0
11232339967 0
11232342527 0
11232343005 0
11232343039 0
11260879324 0
11260879358 0
11260883446 3
11260883454 0
11261109724 0
11261174270 0
11261174782 0
11261175294 0
11261178366 0
11261179390 0
11261404158 0
11261407708 0
11261407742 0
11261408254 0
11261699070 0
11261703166 0
11265073663 0
11265074175 0
11265077759 0
11265078271 0
11265368575 0
11265369087 0
11265370111 0
11265372671 0
11265373183 0
11265373695 0
11265374207 0
11265598463 0
11265602559 0
11265892863 0
11265893375 0
11265894399 0
11265897471 0
11265898495 0
11293321688 0
11293599226 0
11293664728 0
11293664762 0
11293666776 0
11293666810 0
11293681146 0
11298021641 3
11302055418 0
11360432634 0
11360498170 0
11360724474 0
11360726408 0
11360726522 0
11360727546 0
11360730618 0
11360792024 0
11360792058 0
11360793048 0
11360793082 0
11427816856 0
11427818888 0
11427818904 0
11427882490 0
11428560896 0
11428561040 0
11428561104 0
11428561138 0
11428561152 0
11428561280 0
11428561296 0
11428561300 0
11428561360 0
11428561364 0
11428561394 0
11428569344 0
11428569408 0
11428569472 0
11428569488 0
11428569492 0
11428569536 0
11428569552 0
11428569556 0
11428569586 0
11428626640 0
11428626896 0
11428626930 0
11428635088 0
11428635092 0
11428635122 0
11428635126 0
11428864408 0
11428866520 0
11428867464 0
11428867468 0
11428867544 0
11428930012 0
11428931032 0
11428933080 0
11428933114 0
11428947450 0
11428949498 0
11432011161 0
11432013193 0
11432013209 0
11432537481 0
11433059737 0
11433061769 0
11436273146 0
11462123776 0
11462123904 0
11462123916 1
11462123920 0
11462123924 0
11462123968 0
11462123984 0
11462123988 0
11462124018 0
11462125964 3
11462126044 3
11462189520 0
11462189524 0
11462189532 3
11462189554 0
11462189558 0
11462191580 3
11462205950 0
11462418828 0
11462418844 0
11462419852 0
11462419932 0
11462420952 0
11462420990 0
11462436350 0
11462484478 0
11462486488 0
11462486526 0
11462500862 0
11462502906 0
11470809484 0
11470825982 0
11494650328 0
11494711768 0
11494944250 0
11495006680 0
11495009752 0
11495694812 0
11495694846 0
11495696860 0
11495698942 0
11495700990 0
11495760348 0
11495760382 0
11495762396 0
11495762430 0
11495764444 0
11495764478 0
11495766526 0
11495989724 0
11495989758 0
11495990664 0
11495990668 0
11495991806 0
11495992826 0
11495993854 0
11495995902 0
11495996808 0
11495996922 0
11496055260 0
11496055294 0
11496056284 2
11496056314 0
11496057342 0
11496058328 0
11496058332 3
11496058362 0
11496058366 3
11496059390 0
11496061438 0
11496062424 0
11496062458 0
11496284670 0
11496286718 0
11500184063 0
11500185087 0
11500187135 0
11500188159 0
11500249565 0
11500249599 0
11500250623 0
11500253695 0
11500708317 0
11529249244 0
11529249278 1
11529251292 0
11529251326 0
11529253340 0
11529253366 0
11529253374 0
11529255388 0
11529255422 0
11529314780 0
11529314806 0
11529314814 0
11529316828 0
11529316862 0
11529318876 0
11529318902 0
11529318910 0
11529320920 0
11529320924 0
11529320958 0
11529544156 0
11529544190 0
11529545100 0
11529545214 0
11529546238 0
11529548286 0
11529549310 0
11529550236 0
11529550334 0
11529551358 0
11529609726 0
11529610716 0
11529610750 0
11529611774 0
11529612798 0
11529613822 0
11529614846 0
11529615866 0
11529615870 0
11529616894 0
11529773532 0
11529773566 0
11529775580 0
11529775614 0
11529777628 0
11529777662 0
11529779710 0
11529839068 0
11529839102 0
11529841116 0
11529841150 0
11529843164 0
11529843198 0
11529845246 0
11530068478 0
11530069388 0
11530069502 0
11530070526 0
11530072574 0
11530074622 0
11530134014 0
11530136062 0
11530137086 0
11530138110 0
11530140158 0
11533443583 0
11533445597 0
11533445631 0
11533447679 0
11533449727 0
11533509085 0
11533509119 0
11533511133 0
11533511167 0
11533513215 0
11533515263 0
11533738495 0
11533739519 0
11533740543 0
11533742591 0
11533744639 0
11533803997 0
11533804031 0
11533806079 0
11533808127 0
11533810175 0
11533969919 0
11533971967 0
11533974015 0
11534033373 0
11534033407 0
11534035455 0
11534037503 0
11534262783 0
11534264831 0
11534266781 0
11534266879 0
11534268927 0
11534269951 0
11534328319 0
11534330367 0
11534332415 0
11534334463 0
11537644030 0
11537709566 0
11537934846 0
11537938942 0
11538000382 0
11538004478 0
11538168318 0
11542133247 0
11542198783 0
11562099160 0
11565999099 0
11566310395 0
11566523353 3
11566821371 0
11628929496 0
11628929530 0
11628933626 3
11628935674 0
11629159896 0
11629228538 0
11633124347 0
11633127931 3
11633128443 0
11633422843 0
11633652731 3
11633947643 0
11696996496 0
11696996752 0
11696996756 0
11696996816 0
11696996820 0
11697004944 0
11697004948 0
11697005008 0
11697005012 0
11697005042 0
11697062130 0
11697062352 0
11697062386 0
11697070544 0
11697070548 0
11697070578 0
11697070582 0
11697300888 0
11697302936 0
11697316252 0
11697365404 0
11697365498 0
11697365502 0
11697367550 0
11697368570 0
11697381886 0
11697382906 0
11697382910 0
11697384954 0
11697890298 0
11697890810 2
11697906686 0
11700235259 0
11700511739 0
11700513787 0
11700528123 0
11701191057 0
11701191061 0
11701191121 0
11701191125 0
11701191569 0
11701191573 0
11701191633 0
11701191637 0
11701199249 0
11701199253 0
11701199313 0
11701199317 0
11701199761 0
11701199765 0
11701199825 0
11701199829 0
11701256435 0
11701264849 0
11701264853 0
11701264883 0
11701264887 0
11701264891 0
11701265361 0
11701265365 0
11701265395 0
11701265399 0
11701265407 0
11701281791 0
11701559803 0
11701559807 0
11701560285 0
11701560315 0
11701560319 0
11701561339 0
11701561343 0
11701561855 0
11701562367 0
11701576157 0
11701576187 0
11701576191 0
11701576699 0
11701576703 0
11701577211 0
11701577215 0
11701577723 0
11701578751 0
11701715601 0
11701715665 0
11701715857 0
11701715861 0
11701715921 0
11701715925 0
11701724049 0
11701724053 0
11701724113 0
11701724117 0
11701781457 0
11701781461 0
11701781491 0
11701781495 0
11701789649 0
11701789653 0
11701789683 0
11701789687 0
11701789691 0
11702084569 0
11702084573 0
11702084603 0
11702084607 0
11702085627 3
11702085631 0
11702086621 0
11702086655 0
11702100953 0
11702100957 0
11702100987 0
11702100991 0
11702102011 0
11702102015 0
11702103039 0
11730559376 0
11730559380 0
11730559440 0
11730559444 0
11730559478 0
11730561436 0
11730561530 0
11730624976 0
11730624980 0
11730624988 0
11730625010 0
11730625014 0
11730625022 0
11730627070 0
11730641406 0
11730643454 0
11730856348 0
11730919896 0
11730919900 0
11730919930 0
11730919934 0
11730921948 0
11730921982 0
11730936314 0
11730936318 0
11730937342 0
11730938332 0
11730938362 0
11730938366 0
11731444734 0
11731446748 0
11731446782 0
11731461118 0
11731463166 0
11734753681 0
11734753685 0
11734753745 0
11734753749 0
11734754193 0
11734754197 0
11734754257 0
11734754261 0
11734819281 0
11734819285 0
11734819293 0
11734819315 0
11734819319 0
11734819323 0
11734819327 0
11734819797 0
11734819827 0
11734819831 0
11734819839 0
11734821371 0
11734821375 0
11734821887 0
11734836223 0
11734837759 0
11734838271 0
11735051165 0
11735114205 0
11735114235 0
11735114239 0
11735114751 0
11735115263 0
11735115775 0
11735116283 0
11735116287 0
11735116765 0
11735116799 0
11735130619 0
11735130623 0
11735131131 0
11735131135 0
11735131647 0
11735132155 0
11735132671 0
11735133149 0
11735133183 0
11735278481 0
11735278485 0
11735278545 0
11735278549 0
11735344081 0
11735344085 0
11735344093 0
11735344115 0
11735344119 0
11735362559 2
11735639005 0
11735639039 0
11735640063 0
11735641053 0
11735641083 0
11735641087 0
11735642111 0
11735655419 0
11735655423 0
11735656443 0
11735656447 0
11735657471 0
11739015678 0
11743504895 0
11744029695 0
11763147224 0
11763147258 0
11763149272 0
11763149306 0
11763151320 0
11763151354 0
11763442136 0
11763442170 0
11763446266 0
11764195804 0
11764195838 0
11764196350 0
11764197886 0
11764199900 0
11764199934 0
11764201982 0
11764426200 0
11764426234 3
11764430232 0
11764490716 0
11764490746 0
11764490750 0
11764491262 0
11764492286 0
11764492798 0
11764494846 0
11764496894 0
11764720092 0
11764722174 0
11764724734 0
11764726782 0
11765015550 0
11765016574 0
11765019646 0
11767342075 0
11767346171 0
11767636475 0
11767636987 0
11767640571 0
11767870459 3
11768165371 0
11768390143 0
11768390655 0
11768392191 0
11768392703 0
11768394205 0
11768394239 0
11768394717 0
11768394751 0
11768396287 0
11768396799 0
11768685017 0
11768685021 0
11768685051 0
11768685055 0
11768685563 0
11768685567 0
11768689147 0
11768689151 0
11768689663 0
11768691711 0
11768914943 0
11768916991 0
11768919039 0
11769209851 0
11769209855 0
11769210875 3
11769210879 0
11769211903 0
11769213951 0
11769214975 0
11797690878 0
11797750236 0
11797750262 0
11797750270 0
11797752284 0
11797752314 0
11797752318 0
11797754332 0
11797754358 2
11797754366 0
11797754878 0
11797756376 0
11797756380 0
11797756414 0
11797985756 0
11798045178 0
11798045182 0
11798045694 0
11798046206 0
11798046718 0
11798047196 0
11798047230 0
11798047742 0
11798048254 0
11798049244 0
11798049278 0
11798049790 0
11798050302 0
11798051326 0
11798051838 0
11798052350 0
11798274524 0
11798274558 0
11798275070 0
11798276606 0
11798277118 0
11798278646 3
11798278654 0
11798279166 0
11798280702 0
11798281214 0
11798569470 0
11798569948 0
11798569982 0
11798571006 0
11798571518 0
11798571996 0
11798572030 0
11798573566 0
11798574078 0
11798575614 0
11798576126 0
11798577150 0
11801944541 0
11801944567 0
11801944571 0
11801944575 0
11801945079 0
11801945087 0
11801946589 0
11801946623 0
11801947135 0
11801948637 0
11801948663 0
11801948671 0
11801949149 0
11801949175 0
11801949183 0
11801950719 0
11801951231 0
11802239453 0
11802239483 0
11802239487 0
11802239995 0
11802239999 0
11802240507 2
11802240511 0
11802241023 0
11802241535 0
11802242047 0
11802242525 0
11802242559 0
11802243071 0
11802243549 0
11802243579 0
11802243583 0
11802244061 0
11802244095 0
11802244607 0
11802245119 0
11802245631 0
11802246143 0
11802246655 0
11802247167 0
11802468863 0
11802469367 0
11802469375 0
11802470911 0
11802471423 0
11802472959 0
11802473437 0
11802473471 0
11802475007 0
11802475519 0
11802763775 0
11802764253 0
11802764283 0
11802764287 0
11802765311 0
11802765823 0
11802766301 0
11802766335 0
11802767359 0
11802767871 0
11802768349 0
11802768379 0
11802768383 0
11802769407 0
11802769919 0
11802770431 0
11802771455 0
11806140926 0
11806145022 0
11806145534 0
11806374398 0
11806439934 0
11806669310 0
11806669822 0
11806964734 0
11810335231 0
11810335743 0
11810339327 0
11810339839 0
11810630143 0
11810630655 0
11810634239 0
11810634751 0
11810864127 0
11811154943 0
11811159039 0
12602993116 0
12602993150 0
12602997246 0
12603058652 0
12603058686 0
12603062782 0
12603288062 0
12603290110 0
12603291134 0
12603292158 0
12603351550 0
12603353598 0
12603354622 0
12603356670 0
12603357694 0
12603358718 0
12603517438 0
12603521534 0
12603582974 0
12603587070 0
12603812350 0
12603877886 0
12607187455 0
12607482367 0
12607486463 0
12607547903 0
12607551999 0
12607711743 0
12608006655 0
12608010751 0
12608072191 0
12608076287 0
12611381758 0
12611385854 0
12611447294 0
12611451390 0
12611676670 0
12611680766 0
12611742206 0
12611746302 0
12611906046 0
12611910142 0
12611975678 0
12615870975 0
12615875071 0
12615936511 0
12615940607 0
12804661758 0
12808563711 0
12808580095 0
12808858111 0
12808858623 0
12808874495 0
12808875007 0
12809382911 0
12809397247 0
12809399295 0
12816951807 0
12817247231 0
12817263615 0
12817771519 0
12871428606 0
12871492094 0
12871494142 0
12871496190 2
12871498238 1
12871723518 0
12871727614 0
12871787006 0
12871789054 0
12871789566 0
12871790078 0
12871791102 0
12871792126 0
12871793150 0
12871794174 0
12872018430 0
12872018942 0
12872022526 0
12872023038 0
12872313342 0
12872313854 0
12872317438 0
12872317950 0
12872318974 0
12875686399 0
12875686911 0
12875688447 0
12875688959 0
12875691007 0
12875692543 1
12875693055 0
12875981311 0
12875981823 0
12875982847 0
12875983359 0
12875983871 0
12875984895 0
12875985407 0
12875985919 0
12875986431 0
12875986943 0
12875987455 0
12875987967 0
12875988479 0
12875988991 0
12876212735 0
12876213247 0
12876217343 3
12876506111 0
12876507135 0
12876507647 0
12876508159 0
12876509695 0
12876510207 0
12876511231 0
12876511743 0
12876512255 0
12876513279 0
12879882750 0
12879886846 0
12880116222 0
12880177662 0
12880181758 0
12880182782 0
12880407550 0
12880411134 0
12880411646 0
12880702462 0
12880706046 0
12880706558 0
12884077055 0
12884077567 0
12884081151 0
12884081663 0
12884371967 0
12884372479 0
12884376063 0
12884376575 0
12884601855 0
12884605951 0
12884896767 0
12884900351 0
12884900863 0
13441084922 0
13441101306 0
13449473496 0
13449473530 0
13508210170 0
13508214266 0
13516598778 0
13516602874 0
13575302616 0
13575302650 0
13576351226 0
13576367610 0
13583691258 0
13584739834 0
13584755080 0
13584756218 0
13609609612 3
13609609726 0
13609904604 0
13609921932 0
13618293132 0
13618293246 0
13642427898 0
13643184638 0
13643475454 0
13643476474 0
13643479550 0
13650816506 0
13650820602 0
13651865082 0
13651869144 0
13651869178 0
13651930618 0
13651934680 0
13651934714 0
13676734940 0
13676734974 0
13676739036 0
13676739070 0
13676800510 0
13676804606 0
13677029886 0
13677030910 0
13677033982 0
13677095422 0
13685123582 2
13685127678 0
13685189118 0
13685418494 0
13685419518 0
13685422590 0
13685423614 0
13685484030 0
13685485054 0
14691740044 0
14691740158 0
14692034956 0
14692035070 0
14750476764 0
14750476798 0
14750480894 0
14750771710 0
14750775806 0
14758865372 3
14758865406 2
14758869468 0
14758869502 3
14758930908 3
14759160318 0
14759164414 0
15596957178 0
15655467514 0
15655693818 0
15655759354 0
15655763450 0
15664082426 0
15664086522 0
15664152058 0
15723900376 0
15723900410 0
15731240408 0
15732289018 0
15789911546 0
15789977082 0
15790668286 0
15790733822 0
15791024638 0
15795218943 0
15795223039 0
15798300154 0
15799348730 1
15799352826 0
15799414266 0
15799414270 2
15799418328 0
15799418362 0
15824218588 0
15824218622 0
15824222684 0
15824222718 0
15824284124 0
15824284158 0
15824288220 0
15824288254 0
15824513534 0
15824517630 0
15824579070 0
15824583166 0
15824747006 0
15824812542 0
15828478429 0
15828478463 0
15828482559 0
15828707839 0
15828711935 0
15828773375 0
15828777471 0
15829002751 0
15829236223 0
15832611326 0
15832672766 0
15832676862 0
15832906238 0
15832967678 0
15832968702 0
15832971774 0
15832972798 0
15833135614 0
15837096447 0
15837100509 0
15837100543 0
15837166079 0
15837690367 0
15861279227 0
15861279739 0
15924194810 0
15924198906 0
15932587514 0
15991287290 0
15992269272 0
15995481595 0
15996529151 0
15996529663 0
15996530137 0
15996530171 0
15996530683 0
15996546047 0
15997053917 0
15997053951 0
15997054937 0
15997054971 0
15997070335 0
16000740858 0
16004917759 0
16004918271 0
16004918779 0
16005442559 0
16005443545 0
16005443579 0
16025889278 0
16025905662 0
16026414078 0
16029805567 0
16030083549 0
16030083583 0
16030084095 0
16030099967 0
16030100479 0
16030313471 3
16030329855 3
16030608349 0
16030608383 0
16030609407 0
16030624767 0
16033982940 0
16034277886 0
16034278364 0
16038177279 0
16038472191 0
16038472703 0
16038488575 0
16038489087 0
16038702079 3
16038718463 3
16038996991 0
16038998015 0
16039013375 0
16058412538 0
16059460094 0
16063359999 0
16063363583 0
16063364095 0
16063654911 0
16063658495 0
16063659007 0
16063884287 0
16064179199 0
16066505210 0
16067848702 0
16067849722 0
16067853784 0
16067853818 0
16071752191 0
16072043007 0
16072047103 0
16092719580 0
16092719614 0
16092723676 0
16092723710 0
16093014526 0
16093018622 0
16093019646 0
16093248510 0
16093539326 0
16093543422 0
16096913919 0
16096914431 0
16096918015 0
16096918527 0
16097208831 0
16097209343 0
16097212927 0
16097213405 0
16097213439 0
16097213951 0
16097214463 0
16097438719 0
16097733631 0
16097737215 0
16097737727 0
16097738751 0
16101108222 0
16101112318 0
16101403134 0
16101404158 0
16101407230 0
16101408254 0
16101633022 0
16101636606 0
16101637118 0
16101927934 0
16101932030 0
16105302527 0
16105303039 0
16105306623 0
16105307135 0
16105597439 0
16105597951 0
16105601535 0
16105602047 0
16105602559 0
16105831423 3
16106122239 0
16106125823 0
16106126335 0
16106127359 0
16839518718 0
16839584254 0
16843958783 0
16897960412 0
16897960446 0
16897964542 3
16898025948 0
16898025982 0
16898030078 0
16898255358 0
16898259454 0
16898320894 0
16898324990 0
16898484734 0
16898488830 0
16898554366 0
16898849278 0
16902158847 0
16902224383 0
16902449663 0
16902453759 0
16902515199 0
16902519295 0
16902973951 0
16902978047 0
16903039487 0
16903043583 0
16906349020 3
16906349054 2
16906353116 3
16906353150 3
16906414556 3
16906414590 0
16906418686 3
16906643966 0
16906648062 0
16906709502 0
16906713598 0
16906877438 0
16906942974 0
16907237886 0
16910838271 0
16910842367 0
16910903807 0
16910907903 0
16911067647 0
16911133183 0
16911362559 0
16911366655 0
16911432191 0
17099631102 0
17103530495 3
17103531007 0
17103825919 0
17103842303 0
17104055295 3
17104071679 3
17104350207 0
17104366591 0
17104367103 0
17107675646 0
17108019710 0
17108020734 3
17108036094 0
17108037118 3
17108265982 0
17111869951 0
17111919103 3
17112214527 0
17112230911 0
17112443391 0
17112443903 3
17112460287 3
17112738815 0
17112755199 0
17166395902 0
17166461404 2
17166461438 0
17166465534 3
17166466046 0
17166690814 0
17166694910 0
17166756350 0
17166756862 0
17166760446 0
17166986238 0
17166989822 0
17166990334 0
17167281150 0
17167285246 0
17170655743 1
17170656255 0
17170659839 3
17170660351 0
17170950655 0
17170951167 0
17170954751 0
17170955263 0
17171180543 0
17171184639 3
17171413503 0
17171474943 0
17171475455 0
17171479039 0
17171479551 0
17174784476 3
17174784510 0
17174788606 0
17174850012 3
17174850046 0
17174854142 3
17175079422 0
17175083518 0
17175144958 0
17175145470 0
17175149054 0
17175150078 0
17175312894 0
17175374846 0
17175378430 0
17175378942 0
17175669758 0
17175673342 0
17175673854 0
17178978815 0
17179044351 0
17179044863 0
17179048447 3
17179048959 0
17179273727 0
17179277823 0
17179339263 0
17179339775 0
17179343359 0
17179343871 0
17179344383 2
17179503103 0
17179568639 0
17179569151 0
17179573247 3
17179798015 0
17179863551 0
17179864063 0
17179867647 0
17179868159 0

# Neuron 6: 3887 entries
# Connections: [107, 175, 329, 294, 27, 170, 214, 55, 18, 136, 292, 267, 251, 318, 331, 127, 289, 45, 349, 206, 106, 278, 194, 357, 311, 302, 352, 152, 73, 18, 247, 216, 127, 309]
33554452 0
33570836 0
100941878 0
235159606 0
269615621 0
269619717 0
276955653 0
276959749 0
278004229 0
278008325 0
303170069 0
303186453 0
303206933 0
303223445 0
303432215 0
303448599 0
303452695 0
310510101 0
310526485 0
310547093 0
310563349 0
310563477 0
310772247 0
310776343 0
310788631 0
310792727 0
311558677 0
311562773 0
311575061 0
311595541 0
311595669 0
311611925 0
311612053 0
311820823 0
311837207 0
311841303 0
328684119 0
370541111 0
370541175 0
370557495 0
370573879 0
370573943 0
370577975 0
370578039 0
370578103 0
370578167 0
370594359 0
370594487 0
370606711 0
370643575 0
370643703 0
377881143 0
377881207 0
377897527 0
377901623 0
377913911 0
377913975 0
377914039 0
377918007 0
377918071 0
377918135 0
377918199 0
377934391 0
377934519 0
377946743 0
377979511 0
377983607 0
377983735 0
378929719 0
378929783 0
378933815 0
378946103 0
378950199 0
378962487 0
378962551 0
378962615 0
378966583 0
378966647 0
378966711 0
378966775 0
378982967 0
378983095 0
378995319 0
379028087 0
379032183 0
379032311 0
387318327 0
387318391 0
387351095 0
387351159 0
387355191 0
387355255 0
387355319 0
387383927 0
387416695 0
387420791 0
387420919 0
387422839 0
394658359 0
394658423 0
394691127 0
394691191 0
394691255 0
394691319 0
394695223 0
394695287 0
394695351 0
394695415 0
394723959 0
394726007 0
394728055 0
394754679 3
394756727 0
394756855 0
394758775 0
394760823 0
394760951 0
394762871 0
394762999 3
395706935 0
395706999 0
395739703 0
395739767 0
395743799 0
395743863 0
395743991 0
395772535 0
395774583 0
395776631 0
395786871 1
395793015 0
395799159 2
395805303 0
395805431 0
395809399 0
395809527 0
395811447 0
395811575 3
395827959 0
437404181 0
437666327 0
444744213 0
444748309 0
444781077 0
444781205 0
445006359 0
445792789 0
445829781 0
446054935 0
504775223 0
504779319 0
512115255 0
512152119 0
513163831 0
513167927 0
513200695 0
530010743 0
570425364 0
570441748 0
570720278 0
637796406 0
637812790 0
654655606 0
704659476 0
772030518 0
840040981 0
840045077 0
840057365 0
840061461 0
840077845 0
840077973 0
840094229 0
840094357 0
840303127 0
840307223 0
840319511 0
840323607 0
840339991 0
840372823 0
840385111 0
840389207 0
847381013 0
847385109 0
847397397 0
847401493 0
847417877 0
847418005 0
847419029 0
847434261 0
847434389 0
847643159 0
847647255 0
847659543 0
847659607 0
847663639 0
847680023 0
847680151 0
847696599 0
847712855 0
847725143 0
847729239 0
847745751 0
848429589 0
848433685 0
848445973 0
848450069 0
848466453 0
848466581 0
848482837 0
848482965 0
848691735 0
848695831 0
848695895 0
848708119 0
848712215 0
848712279 0
848728599 0
848728727 0
848728791 0
848744983 0
848745111 0
848761431 0
848777815 0
857082391 0
857096727 0
857098775 0
857145943 0
857168471 0
857201367 0
864490071 0
864502359 0
864504407 0
864508503 0
865534551 0
865536599 0
865552983 0
865555031 0
865557079 0
907412023 0
907412087 0
907416119 0
907428407 0
907428471 0
907432503 0
907448887 0
907449015 0
907465271 0
907465335 0
907465399 0
907465463 0
907466423 0
907477623 0
907494007 0
907514615 0
914752055 0
914756151 0
914756215 0
914768439 0
914768503 0
914772535 0
914784823 0
914788919 0
914789047 0
914805303 0
914805431 0
914805495 0
914821751 0
914838135 0
914854519 0
914854647 0
915800631 0
915800695 0
915804727 0
915817015 0
915821111 0
915833399 0
915833463 0
915833527 0
915837495 0
915837559 0
915837623 0
915837687 0
915853879 0
915853943 0
915854007 0
915854071 0
915866231 0
915870327 0
915886711 0
915903223 0
915919479 0
915919607 0
924254839 0
924256887 0
924260983 0
924265079 0
924269175 0
924271223 0
924291831 0
924293879 0
924308215 0
931596919 0
931598967 0
931601015 0
931609207 0
931615351 0
931617399 0
931633783 0
931633911 0
931648247 0
932643447 0
932645495 0
932647543 0
932653687 0
932657783 0
932663927 0
932665975 0
932680439 0
932682359 0
932682487 0
932696695 0
932696823 0
932698743 0
932698871 0
974275093 0
974537239 0
974537303 0
974574103 0
974574167 0
974606935 0
974639703 0
981615125 0
981619221 0
981647893 0
981651989 0
981652117 0
981877271 0
981881367 0
981881431 0
981914263 0
982663701 0
982667797 0
982696469 0
982700693 0
982925847 0
982925911 0
982929943 0
982930007 0
982962711 0
982962775 0
982962839 0
982962903 0
982991447 0
991314455 0
991316503 0
991384151 0
998726231 0
999705111 0
999768663 0
999770711 0
999772759 0
1041646135 0
1041646199 0
1041650231 0
1041682999 0
1041683127 0
1041711735 0
1048986167 0
1048990263 0
1048990327 0
1049023031 0
1049023159 0
1050034743 0
1050034807 0
1050038839 0
1050071607 0
1050071735 0
1058493047 0
1058495095 0
1058525943 0
1065868023 0
1066883703 0
1066916599 0
1082261509 1
1082261764 0
1082261765 0
1082262021 0
1082265605 0
1082266117 0
1082277892 0
1082277893 3
1082278148 2
1082278149 3
1082278405 0
1082281989 0
1082282501 0
1082294660 0
1082299013 0
1082310661 0
1082310916 0
1082311044 0
1082523910 3
1082524167 2
1082540294 0
1082540551 0
1115815957 3
1115816212 2
1115816213 2
1115816469 0
1115832341 0
1115832596 0
1115832597 0
1115832853 0
1115836949 0
1115849108 0
1115853333 0
1115853461 0
1115865364 0
1115865492 0
1115865621 0
1115869845 0
1116078103 3
1116078358 3
1116078359 2
1116078615 2
1116082711 3
1116094487 0
1116094742 0
1116094743 0
1116094999 0
1116099095 0
1116111511 0
1116115607 3
1132923222 3
1132923223 2
1132923479 2
1149632551 0
1149632806 0
1149632807 0
1149633063 0
1149636647 0
1149637159 0
1149648935 3
1149649190 3
1149649191 3
1149649447 0
1149653031 0
1149653543 0
1149665702 0
1149681702 0
1149681703 0
1149681830 0
1149681831 0
1149681958 0
1149682086 0
1149686311 0
1149686439 0
1183186998 0
1183186999 0
1183187063 0
1183187254 0
1183187255 0
1183187511 0
1183187575 0
1183191095 0
1183191159 0
1183191607 2
1183191671 0
1183203383 3
1183203638 0
1183203639 3
1183203895 0
1183207479 2
1183207991 0
1183219766 0
1183219767 0
1183219830 0
1183219831 0
1183219894 0
1183219895 0
1183219958 0
1183219959 0
1183220022 0
1183220086 0
1183220150 0
1183220214 0
1183220279 0
1183220343 0
1183220407 0
1183220471 0
1183221174 0
1183223863 0
1183223927 0
1183223991 0
1183224055 0
1183224375 0
1183224439 0
1183224503 2
1183224567 0
1183236150 0
1183236151 0
1183236406 0
1183236534 0
1183240759 0
1183240887 0
1183252598 0
1183252599 0
1183253111 0
1183256695 0
1183257207 0
1183285366 0
1183285367 0
1183285494 0
1183285495 0
1183285622 0
1183285750 0
1183285879 0
1183286007 0
1183289463 0
1183289591 0
1183289975 0
1183290103 0
1199964470 0
1199964727 0
1199964791 0
1199966518 0
1199968375 0
1199968823 0
1199996982 0
1199996983 0
1199997046 0
1199997047 0
1199997110 0
1199997111 0
1199997174 0
1199997175 0
1199997238 0
1199997302 0
1199997366 0
1199997430 0
1199997495 0
1199997559 0
1200001079 0
1200001143 0
1200001207 0
1200001271 0
1200001591 0
1200001655 0
1200001719 0
1200001783 0
1200029815 0
1200030070 0
1200030327 0
1200031863 3
1200032118 3
1200032119 3
1200032375 3
1200034423 0
1200048759 0
1200056694 3
1200056695 3
1200056951 3
1200060535 2
1200061047 2
1200062582 0
1200062583 0
1200062710 0
1200062711 0
1200062838 0
1200062966 0
1200063095 0
1200063223 0
1200064759 3
1200065014 3
1200066679 0
1200066807 0
1200067191 0
1200067319 0
1200068855 2
1200069239 0
1200069367 2
1200077559 0
1216495876 0
1216528772 0
1250050069 0
1250050324 0
1250050325 0
1250050581 0
1250082965 0
1250083092 0
1250083220 0
1250087445 0
1250087573 0
1250312215 0
1250312470 0
1250312471 0
1250312727 0
1283866663 3
1283866918 3
1283866919 3
1283867175 3
1283899686 0
1283899814 0
1317421111 3
1317421366 3
1317421367 3
1317421623 2
1317425719 0
1317453879 0
1317454134 0
1317457975 0
1317458487 0
1317458615 0
1350701573 0
1384251925 0
1384256021 0
1384268309 0
1384272405 0
1384288917 0
1384305173 0
1384305301 0
1384514071 0
1384518167 3
1384530455 0
1384534551 0
1451622967 0
1451623031 0
1451627063 2
1451639351 0
1451643447 0
1451655735 0
1451655799 0
1451655863 0
1451659831 0
1451659895 0
1451659959 0
1451660023 0
1451676215 0
1451676343 0
1451688567 0
1451721335 0
1451725431 0
1451725559 0
1468400183 0
1468400247 0
1468432951 0
1468433015 0
1468433079 0
1468433143 0
1468437047 0
1468437111 0
1468437175 0
1468437239 0
1468465783 0
1468467831 0
1468498551 0
1468498679 0
1468500599 0
1468502647 0
1468502775 0
1468504695 0
1468504823 3
1468513015 0
1468514039 0
1518486037 0
1518522901 0
1518523029 0
1518748183 0
1585857079 0
1585893943 0
1652686869 0
1652687124 0
1652687125 0
1652687381 0
1652690965 0
1652691477 0
1652703253 0
1652703508 0
1652703509 0
1652703765 0
1652707861 0
1652719636 0
1652719637 0
1652719764 0
1652719765 0
1652719892 0
1652720020 0
1652720149 0
1652720277 0
1652723733 0
1652723861 0
1652724245 0
1652724373 0
1652725397 0
1652736020 0
1652736021 0
1652736148 0
1652736149 0
1652736276 0
1652736277 0
1652736404 0
1652736533 0
1652736661 0
1652740117 0
1652740245 0
1652740629 0
1652740757 0
1652949014 0
1652949015 0
1652949079 0
1652949270 0
1652949271 0
1652949334 0
1652949527 0
1652949591 0
1652953623 0
1652953687 0
1652965399 0
1652965463 0
1652965654 0
1652965655 0
1652965718 0
1652965719 0
1652965911 0
1652965975 0
1652970007 0
1652970071 0
1652981783 0
1652981911 0
1652982038 0
1652982039 0
1652982166 0
1652982230 0
1652982295 0
1652986391 0
1652986519 0
1652998614 0
1653002775 0
1653002903 0
1653014870 0
1653015127 0
1653019223 0
1653031254 0
1653031511 0
1653035607 0
1669726231 0
1669726486 0
1669726487 0
1669726743 0
1669728534 0
1669791831 0
1669792086 0
1669792087 0
1669792343 0
1669794134 0
1669794135 0
1669794391 0
1669796439 0
1669798487 0
1669808470 0
1669808727 0
1669810263 0
1669810518 0
1669810775 0
1669812823 0
1669814871 0
1669827159 0
1669829335 0
1669831383 0
1669831894 0
1669831895 0
1669832407 0
1669841111 0
1669843158 0
1669843159 0
1669845207 0
1669845719 0
1669847255 0
1669847767 0
1720057910 0
1720057911 0
1720058166 0
1720058167 0
1720058230 0
1720058423 0
1720058487 0
1720062007 0
1720062519 0
1720062583 0
1720074295 2
1720074359 0
1720074550 3
1720074551 3
1720074614 0
1720074615 0
1720074807 0
1720074871 0
1720078391 0
1720078903 0
1720078967 0
1720090678 0
1720090679 0
1720090743 0
1720090806 0
1720090807 0
1720090871 0
1720090934 0
1720090998 0
1720091062 0
1720091126 0
1720091191 0
1720091319 0
1720092086 0
1720094775 0
1720094903 0
1720094967 0
1720095287 0
1720095351 0
1720095415 0
1720095479 0
1720096439 0
1720107062 0
1720107063 0
1720107127 0
1720107190 0
1720107191 0
1720107318 0
1720107382 0
1720107446 0
1720107510 0
1720107575 0
1720107639 0
1720107703 0
1720111159 0
1720111287 0
1720111671 0
1720111735 0
1720111799 0
1720111863 0
1720123511 0
1720123766 0
1720124023 0
1720128119 0
1720139895 0
1720140150 0
1720140151 0
1720140407 0
1720144503 0
1720156279 0
1720156407 0
1720156534 0
1720156662 0
1720160887 0
1720161015 0
1720172918 0
1720173046 0
1720177271 0
1720177399 0
1736835127 0
1736835382 0
1736837494 0
1736841335 0
1736867894 0
1736867895 0
1736867958 0
1736868150 0
1736868214 0
1736868278 0
1736870006 0
1736870007 0
1736870135 0
1736870262 0
1736870390 0
1736871991 0
1736872503 0
1736872567 0
1736872631 0
1736874039 0
1736874103 0
1736874551 0
1736874615 0
1736874679 0
1736882743 0
1736900727 0
1736900982 0
1736900983 0
1736901239 0
1736903030 0
1736903287 0
1736905335 0
1736906871 0
1736907383 0
1736917111 0
1736917366 0
1736917367 0
1736917623 0
1736919414 0
1736919671 0
1736921719 0
1736923767 0
1736931959 0
1736933494 0
1736933495 0
1736933623 0
1736933750 0
1736933878 0
1736934007 0
1736935542 0
1736935543 0
1736935798 0
1736937591 0
1736938103 0
1736938231 0
1736939639 0
1736940151 0
1736940279 0
1736943863 0
1736948343 0
1736948471 0
1736949495 0
1736950007 0
1736950134 0
1736950262 0
1736950519 0
1736952055 0
1736952182 0
1736952310 0
1736952567 0
1736954615 0
1736956663 0
1736960502 0
1736964855 0
1786920981 0
1786921236 0
1786921237 0
1786921493 0
1786925589 0
1786954004 0
1786954132 0
1786954261 0
1786954900 0
1786955156 0
1786958357 0
1786958485 0
1787183127 0
1787183191 0
1787183382 0
1787183383 0
1787183446 0
1787183447 0
1787183639 0
1787183703 0
1787187735 0
1787187799 0
1787220503 0
1787248982 0
1787249239 0
1787253335 0
1803962646 0
1804026198 0
1804026455 0
1804028246 0
1804028247 0
1804028503 0
1804032599 0
1854292023 3
1854292087 0
1854292278 3
1854292279 3
1854292342 0
1854292535 3
1854292599 0
1854296631 0
1854296695 0
1854324791 0
1854324918 0
1854325046 0
1854325174 0
1854329015 0
1854329399 0
1854329527 0
1854357878 0
1871135094 0
1871135095 0
1871135351 0
1871137142 0
1871137143 0
1871137399 0
1871139447 0
1871141495 0
1871170167 0
1871174263 0
1921122837 0
1921126933 0
1921139221 0
1921143317 0
1921155605 0
1921159701 0
1921159829 0
1921160853 0
1921176085 0
1921176213 0
1921384983 0
1921389079 0
1921389143 0
1921401367 0
1921405463 0
1921405527 0
1921421847 0
1921421975 0
1921422999 0
1921454679 0
1921471063 0
1921503959 0
1938166295 0
1938227799 0
1938229847 0
1938231895 0
1938233943 0
1938244183 0
1938248279 0
1938250327 0
1938266839 0
1938281175 0
1938283223 0
1988493879 0
1988493943 0
1988497975 0
1988498039 0
1988510263 0
1988510327 0
1988514359 0
1988514423 0
1988526647 0
1988530743 0
1988530871 0
1988530935 0
1988547127 0
1988547191 0
1988547255 0
1988547319 0
1988563575 0
1988579959 0
1988596343 0
1988596471 0
1988597495 0
2005338743 0
2005340791 0
2005342839 0
2005353079 0
2005357175 0
2005359223 0
2005373687 0
2005375607 0
2005375735 0
2005384951 0
2005392119 0
2055356949 0
2055361045 0
2055389717 0
2055393813 0
2055393941 0
2055619095 0
2055619159 0
2055623191 0
2055623255 0
2055688791 0
2122727991 0
2122732087 0
2122732151 0
2122764855 0
2122764919 0
2122764983 0
2122830583 0
2139574903 0
2139576951 0
2424967685 0
2425229831 2
2451178005 0
2451182101 0
2451194389 3
2451198485 0
2451214869 0
2451231253 0
2451231381 0
2451440151 0
2451444247 0
2451456535 0
2451460631 3
2451493527 0
2451526231 0
2458518037 0
2458522133 0
2458534421 0
2458538517 0
2458571413 0
2458784279 0
2458800663 3
2458866263 0
2458899159 0
2459058709 0
2459566613 0
2459570709 0
2459582997 0
2459587093 1
2459619989 0
2459832855 0
2459849239 3
2459914839 0
2459947735 0
2468219415 3
2468303447 0
2468305495 0
2475643479 0
2475645527 0
2476671575 3
2476692055 0
2476726871 0
2485047975 0
2492389031 0
2493436583 0
2509231847 0
2518024759 0
2518024823 0
2518057527 0
2518549047 0
2518585911 0
2518585975 0
2518586039 0
2518586103 0
2518602295 0
2518602423 0
2518651511 0
2518651639 0
2518652663 0
2518668023 0
2525364791 0
2525364855 0
2525397559 0
2525889079 0
2525909559 0
2525925943 0
2525926007 0
2525926071 0
2525926135 0
2525942327 0
2525958775 0
2525991543 0
2525991671 0
2526007927 0
2526008055 0
2526413367 0
2526413431 0
2526446135 0
2526446199 0
2526446263 0
2526937655 0
2526937719 0
2526941751 2
2526958135 0
2526974519 0
2526974583 0
2526974647 0
2526974711 0
2527007351 0
2527040119 0
2527040247 0
2527056503 0
2527056631 0
2534801975 0
2534802039 0
2534867575 0
2534900343 0
2535363127 0
2535363191 0
2535363255 0
2535363319 0
2535398007 0
2535414391 0
2535428727 0
2535428855 0
2535430775 0
2535430903 0
2535440119 0
2535445111 0
2535445239 0
2535447159 0
2535447287 0
2542142007 0
2542142071 0
2542174775 0
2542174839 0
2542207607 0
2542240375 0
2542666359 0
2542699127 0
2542703159 0
2542703223 0
2542703287 0
2542703351 0
2542731895 0
2542746231 2
2542764663 0
2542764791 0
2542768759 0
2542768887 0
2542769911 0
2542770935 2
2542785143 0
2542785271 0
2542787191 0
2542787319 0
2542788343 0
2542795511 3
2542796535 0
2543190583 0
2543190647 0
2543223351 0
2543223415 0
2543227639 0
2543256183 0
2543288951 0
2543293175 0
2543714871 0
2543751735 0
2543751799 0
2543751863 0
2543751927 0
2543780471 0
2543794807 0
2543800951 0
2543802999 0
2543813239 0
2543813367 0
2543817335 0
2543817463 0
2543819511 0
2543833719 0
2543833847 0
2543835767 0
2543835895 0
2543836919 0
2543844087 3
2543845111 0
2559201797 0
2585412117 0
2585416213 0
2585448981 0
2585449109 0
2585450133 0
2585678359 0
2585711255 0
2592752149 0
2592756245 0
2592789013 0
2592789141 0
2593018391 0
2593051159 0
2593083991 0
2593116759 0
2593800725 0
2593804821 0
2593837589 0
2594066967 0
2594099735 0
2594165335 0
2594165463 3
2602521175 0
2602523223 0
2602553943 3
2602554071 2
2602555991 3
2602556119 0
2609861207 0
2609863255 0
2609893975 0
2609894103 0
2609896023 0
2609896151 0
2610909783 0
2610911831 0
2610942551 1
2610942679 0
2610944599 0
2610944727 0
2626606759 0
2626606823 0
2627654311 0
2643449575 0
2652820151 0
2652885623 0
2652885751 0
2660160183 0
2660225783 0
2661208631 0
2661208759 0
2661274359 0
2669632119 0
2669662839 0
2669662967 0
2669664887 0
2669665015 0
2669666039 0
2669674231 2
2676980343 0
2677002871 0
2677002999 0
2677004919 0
2677005047 0
2677006071 0
2677013111 0
2677013239 0
2677014263 1
2678051447 0
2678051575 0
2678052599 0
2678053495 0
2678053623 0
2678054647 3
2678061815 0
2678062839 3
2988048917 0
2988053013 0
2988065301 0
2988069397 0
2988102293 0
2988311063 0
2988315159 0
2988327447 0
2988331543 0
2988331607 0
2988348055 0
2988348119 0
2988364439 0
2988380759 0
2988393047 0
2988397143 0
2988413655 0
2995388949 0
2995393045 0
2995405333 0
2995409429 0
2995425813 0
2995425941 0
2995442197 0
2995442325 0
2995651095 0
2995655191 0
2995655255 0
2995667479 0
2995671575 0
2995671639 0
2995687959 0
2995688087 0
2995688151 0
2995704343 0
2995704471 0
2995720791 0
2995737175 0
2995753559 0
2995753687 0
2995769943 0
2995770071 0
2995929621 0
2996437525 0
2996441621 0
2996453909 0
2996458005 0
2996474389 0
2996474517 0
2996490901 0
2996699671 0
2996699735 0
2996703767 0
2996703831 0
2996716055 0
2996716119 0
2996720151 0
2996720215 0
2996736535 0
2996736663 0
2996752983 0
2996753047 0
2996753111 0
2996765271 0
2996769367 0
2996781655 0
2996785751 0
2996802263 0
3005088279 0
3005090327 0
3005092375 0
3005094423 0
3005104663 0
3005157975 0
3005160023 0
3005170263 0
3005174359 0
3005176407 0
3012432407 0
3012495959 0
3012498007 0
3012500055 0
3012514391 0
3012516439 0
3012532823 0
3012549335 0
3013483031 0
3013542487 0
3013544535 0
3013546583 0
3013548631 0
3013560919 0
3013562967 0
3013565015 0
3013595735 0
3013597911 0
3054895735 0
3054912119 0
3055424055 0
3055424119 0
3055440439 0
3055440503 0
3055456823 0
3055456951 0
3055457015 0
3055473207 0
3055473271 0
3055473335 0
3055473399 0
3055489655 0
3055506039 0
3055522551 0
3055538807 0
3055538935 0
3062235703 0
3062764087 0
3062764151 0
3062780471 0
3062780535 0
3062796855 0
3062796919 0
3062796983 0
3062797047 0
3062813239 0
3062813367 0
3062813431 0
3062829687 0
3062846071 0
3062862455 0
3062862583 0
3062878839 0
3062878967 0
3062879991 0
3063284279 0
3063317047 0
3063337655 0
3063808567 0
3063812663 0
3063812727 0
3063829047 0
3063829111 0
3063845431 0
3063845495 0
3063845559 0
3063845623 0
3063861815 0
3063861879 0
3063861943 1
3063862007 0
3063862967 2
3063878263 0
3063894647 0
3063911031 0
3063911159 0
3063927543 0
3063928567 0
3072268919 0
3072283255 0
3072285303 0
3072293495 0
3072299767 0
3072301815 0
3072316151 0
3072317175 0
3072318071 0
3072318199 0
3072319223 0
3079606903 0
3079608951 0
3079623287 0
3079625335 0
3079639671 0
3079639799 0
3079641719 0
3079641847 0
3079642871 0
3079650039 0
3079656183 0
3079657207 0
3079658103 0
3079658231 0
3079659255 0
3079666423 0
3079667447 0
3080655479 0
3080657527 0
3080665719 0
3080671863 0
3080673911 0
3080682103 0
3080690423 0
3080691447 0
3080698615 0
3080704759 0
3080705783 0
3080706679 0
3080706807 0
3080707831 0
3080714999 0
3080716023 0
3122283029 0
3122287125 0
3122319893 0
3122549271 0
3122549335 0
3122582039 0
3122582167 0
3122614871 0
3122647639 0
3122647767 0
3129623061 0
3129627157 0
3129659925 0
3129660053 0
3129885271 0
3129889303 0
3129889367 0
3129922071 0
3129922199 0
3129954903 0
3129987671 0
3129987799 0
3130147349 0
3130671637 0
3130675733 0
3130708501 0
3130708629 0
3130933783 0
3130933847 0
3130937879 0
3130937943 0
3130970647 0
3131003479 0
3131036247 0
3131036375 0
3139392087 0
3139394135 0
3139424983 0
3146732119 0
3146764887 0
3146765015 0
3146768087 0
3147780695 0
3147782743 0
3147813463 0
3189129847 0
3189658167 0
3189690935 0
3189723767 0
3189756535 0
3189757687 0
3196998199 0
3197031159 0
3197096567 0
3197096695 0
3197097719 0
3197518391 0
3198046775 0
3198079671 0
3198079735 0
3198112375 0
3198145271 0
3198146295 0
3206500983 0
3206533879 0
3206535927 0
3206536951 0
3206544119 0
3213841015 0
3213843063 0
3213851255 0
3213873911 0
3213874935 0
3213875831 0
3213875959 0
3213876983 0
3213884151 0
3213885175 0
3214889591 0
3214922487 0
3214923511 0
3214924535 0
3214925559 0
3214932727 0
3214933751 0
3229762053 2
3230269700 0
3230285829 0
3230286084 0
3230286341 3
3230289925 0
3230290437 0
3230302596 0
3230318596 0
3230318724 0
3230318725 0
3230318852 0
3230318980 0
3230323333 1
3230531591 3
3230531846 3
3230531847 3
3230532103 3
3230536199 3
3230547975 0
3230548230 0
3230552583 0
3230564358 3
3230564359 3
3230564614 3
3230564871 3
3230568967 3
3230580742 0
3230580743 0
3230580871 0
3230585351 0
3230585479 0
3230613830 0
3230646726 0
3263823893 0
3263824148 0
3263824149 0
3263824405 0
3263828501 0
3263840276 3
3263840277 2
3263840532 3
3263840533 3
3263840789 3
3263844373 3
3263844885 3
3263861269 0
3264086039 1
3264086551 0
3264090647 3
3264102423 0
3264102678 3
3264102935 0
3264106519 0
3264107031 3
3264123543 3
3264172631 0
3280931415 2
3280949847 0
3280984791 0
3297137191 3
3297657126 0
3297657383 0
3297689638 0
3297689639 0
3297689894 0
3297694375 0
3297695399 0
3330671159 0
3330671223 0
3330691639 3
3330703414 0
3330703415 0
3330703479 0
3330703927 0
3330703991 0
3330708087 0
3330769015 0
3330769527 0
3330773751 0
3331195190 0
3331195447 0
3331199543 3
3331211574 3
3331215927 3
3331227702 0
3331227703 0
3331227766 0
3331227767 0
3331227830 0
3331227831 0
3331227894 0
3331227895 0
3331227958 0
3331228022 0
3331228086 0
3331228150 0
3331228215 0
3331228279 0
3331228343 0
3331228407 0
3331231799 0
3331231863 0
3331231927 0
3331231991 0
3331232311 0
3331232375 0
3331232439 0
3331232503 0
3331244087 0
3331244342 0
3331244470 0
3331260790 0
3331277431 0
3331281527 0
3331293302 0
3331293303 0
3331293430 0
3331293431 0
3331293558 0
3331293686 0
3331293815 0
3331293943 0
3331297399 0
3331297527 0
3331297911 0
3331298039 0
3331314423 0
3347448375 0
3347448439 0
3347481143 0
3347481207 0
3347513975 0
3347546743 0
3347550839 0
3348004918 0
3348004919 0
3348004982 0
3348004983 0
3348005046 0
3348005047 0
3348005110 0
3348005111 0
3348005238 0
3348005302 0
3348005366 0
3348005495 0
3348005559 0
3348005623 0
3348009015 0
3348009079 0
3348009143 0
3348009207 0
3348009527 0
3348009591 0
3348009655 0
3348009719 0
3348038006 0
3348038263 0
3348044407 2
3348048503 0
3348064375 0
3348064630 3
3348064887 0
3348068471 2
3348068983 1
3348070518 0
3348070519 0
3348070646 0
3348070647 0
3348070774 0
3348070902 0
3348071031 0
3348071159 0
3348073207 0
3348074615 0
3348074743 0
3348075127 0
3348075255 0
3348077175 0
3348077303 0
3348085495 0
3348086519 0
3348091511 0
3348091639 0
3348093559 0
3348093687 0
3348097143 0
3348101751 0
3348101879 3
3348102903 0
3364503556 0
3364503812 0
3364507653 0
3364508165 0
3364536452 0
3364536453 0
3364540933 3
3364541061 3
3364799622 0
3364799623 0
3364803207 2
3364804231 0
3398058005 0
3398058260 0
3398058261 0
3398058517 0
3398062101 0
3398062613 0
3398095381 3
3398320151 0
3398320406 0
3398320663 0
3398324759 0
3398357527 0
3398423127 0
3398423255 3
3415167575 0
3415200471 0
3431907622 0
3431912103 3
3431913127 0
3465495159 0
3465499255 0
3465532151 0
3482272375 0
3482274423 0
3482276471 0
3482278519 0
3482282615 0
3482286711 0
3482309239 0
3482309367 0
3482311287 0
3482311415 0
3482312439 0
3482319607 0
3482320631 2
3498705413 3
3498988039 0
3532259861 0
3532263957 0
3532276245 0
3532280341 3
3532526103 3
3532542487 3
3532558999 0
3532608087 0
3549387351 0
3566129831 0
3566130855 0
3582973671 0
3582975719 0
3599106615 0
3599106679 0
3599139383 0
3599139511 0
3599143671 0
3599172215 0
3599204983 0
3599630903 0
3599651383 0
3599663671 0
3599667767 0
3599667831 0
3599667895 0
3599667959 0
3599684279 3
3599733367 0
3599733495 0
3599734519 0
3599749879 0
3615883831 0
3615883895 0
3615916599 0
3615916663 0
3615949431 0
3615982199 0
3615986295 0
3616408119 0
3616408183 0
3616444983 0
3616445047 0
3616445111 0
3616445175 0
3616473719 0
3616494199 0
3616506615 0
3616510583 0
3616510711 0
3616512631 0
3616512759 0
3616526967 0
3616527095 0
3616529015 0
3616529143 0
3616530167 0
3616537335 3
3616538359 0
3666493973 0
3666498069 0
3666530837 0
3666760215 0
3666858583 0
3666858711 0
3683635799 0
3683635927 0
3700347559 2
3700348583 0
3717191399 0
3733869111 0
3733967607 0
3750711927 0
3750713975 0
3750744695 0
3750744823 0
3750746743 0
3750746871 0
3750747895 0
3750755063 0
3750756087 3
3800171029 0
3800187156 0
3800187413 0
3800694804 0
3800694805 0
3800695060 0
3800695061 0
3800695317 0
3800698901 0
3800699413 0
3800711188 0
3800711189 0
3800711444 0
3800711445 0
3800711701 0
3800715285 0
3800715797 0
3800727828 0
3800732181 0
3800732309 0
3800743956 0
3800744085 0
3800744212 0
3800744340 0
3800744469 0
3800748565 0
3800748693 0
3800956950 0
3800956951 0
3800957014 0
3800957015 0
3800957206 0
3800957207 0
3800957270 0
3800957271 0
3800957463 0
3800957527 0
3800961047 0
3800961111 0
3800961559 0
3800961623 0
3800973334 0
3800973335 0
3800973398 0
3800973399 0
3800973590 0
3800973591 0
3800973654 0
3800973655 0
3800973847 0
3800973911 0
3800977431 0
3800977495 0
3800977943 0
3800978007 0
3800989718 0
3800989719 0
3800989782 0
3800989783 0
3800989846 0
3800989911 0
3800989974 0
3800990038 0
3800990102 0
3800990166 0
3800990231 0
3800990295 0
3800993815 0
3800993879 0
3800994327 0
3800994391 0
3800994455 0
3800994519 0
3801006102 0
3801006103 0
3801006166 0
3801006230 0
3801006358 0
3801006486 0
3801010711 0
3801010775 0
3801010839 0
3801010903 0
3801022550 0
3801022551 0
3801022806 0
3801023063 0
3801026647 0
3801027159 0
3801038935 0
3801039190 0
3801039191 0
3801039447 0
3801043030 0
3801043031 0
3801043543 0
3801055446 0
3801055574 0
3801055702 0
3801059927 0
3801060055 0
3801071703 0
3801071958 0
3801072086 0
3801076311 0
3801076439 0
3817734167 0
3817734422 0
3817734679 0
3817736470 0
3817740823 0
3817799766 0
3817799767 0
3817800022 0
3817800279 0
3817801815 0
3817802070 0
3817802071 0
3817802327 0
3817803863 0
3817804375 0
3817805911 0
3817806423 0
3817816150 0
3817816151 0
3817816406 0
3817816663 0
3817818454 0
3817818711 0
3817820247 0
3817820759 0
3817822807 0
3817832534 0
3817832535 0
3817834583 0
3817835223 0
3817836631 0
3817837143 0
3817837271 0
3817839191 0
3817839319 0
3817840343 0
3817849047 0
3817850967 0
3817851222 0
3817852631 0
3817853527 0
3817853655 0
3817855575 0
3817855703 0
3817856727 0
3867541559 0
3867541814 0
3867541815 0
3867542071 0
3867558198 0
3867558455 0
3867562551 3
3867574839 0
3868065846 0
3868065847 0
3868065911 0
3868066102 0
3868066166 0
3868066359 0
3868066423 0
3868069943 0
3868070007 0
3868070455 0
3868070519 0
3868082230 0
3868082231 0
3868082294 0
3868082295 0
3868082486 0
3868082550 0
3868082743 0
3868082807 0
3868086327 0
3868086839 0
3868086903 0
3868098614 0
3868098615 0
3868098678 0
3868098679 0
3868098742 0
3868098743 0
3868098870 0
3868098998 0
3868099062 0
3868099127 0
3868099255 0
3868099766 0
3868099767 0
3868100022 0
3868102710 0
3868102711 0
3868102839 0
3868102903 0
3868103223 0
3868103287 0
3868103351 0
3868103415 0
3868103862 0
3868103863 0
3868114998 0
3868114999 0
3868115062 0
3868115063 0
3868115126 0
3868115127 0
3868115190 0
3868115254 0
3868115318 0
3868115382 0
3868115446 0
3868115511 0
3868115639 0
3868119095 0
3868119159 0
3868119223 0
3868119607 0
3868119671 0
3868119735 0
3868119799 0
3868131446 0
3868131447 0
3868131959 0
3868135543 0
3868136055 0
3868147831 0
3868148086 0
3868148343 0
3868151927 0
3868152439 0
3868164214 0
3868164342 0
3868164343 0
3868164470 0
3868164598 0
3868168438 0
3868168439 0
3868168823 0
3868168951 0
3868180598 0
3868180726 0
3868180727 0
3868180854 0
3868180982 0
3868184695 0
3868184822 0
3868184823 0
3868185207 0
3868185335 0
3868185847 0
3868186359 0
3884875831 0
3884875958 0
3884875959 0
3884876214 0
3884876278 0
3884876471 0
3884878070 0
3884878071 0
3884878326 0
3884880055 0
3884880439 0
3884880567 0
3884880631 0
3884882167 0
3884882487 0
3884882615 0
3884882679 0
3884890807 0
3884908662 0
3884908663 0
3884908918 0
3884909175 0
3884910711 0
3884910966 0
3884911223 0
3884912758 0
3884912759 0
3884913271 0
3884915319 0
3884919415 0
3884925046 0
3884925047 0
3884925302 0
3884925559 0
3884927095 0
3884927350 0
3884927607 0
3884929143 0
3884929655 0
3884931703 0
3884935799 0
3884939895 0
3884941430 0
3884941431 0
3884941558 0
3884941559 0
3884941686 0
3884941814 0
3884942071 0
3884943478 0
3884943479 0
3884943606 0
3884943607 0
3884943862 0
3884944119 0
3884945143 0
3884945655 0
3884946039 0
3884946167 0
3884947575 0
3884947703 0
3884948087 0
3884948215 0
3884949239 0
3884956279 0
3884956407 0
3884957431 0
3884957814 0
3884957815 0
3884957943 0
3884958070 0
3884958198 0
3884959990 0
3884959991 0
3884960118 0
3884960246 0
3884960503 0
3884962423 0
3884962551 0
3884963575 0
3884964086 0
3884964087 0
3884964471 0
3884964599 0
3884965110 0
3884965111 0
3884965623 0
3884969207 0
3884972791 0
3884973815 0
3934405141 0
3934928916 0
3934928917 0
3934929172 0
3934929173 0
3934929429 0
3934933013 0
3934933525 0
3934961940 0
3934962068 0
3934962325 0
3934966293 0
3934966421 0
3935191062 0
3935191063 0
3935191126 0
3935191127 0
3935191318 0
3935191319 0
3935191382 0
3935191383 0
3935191575 0
3935191639 0
3935195159 0
3935195223 0
3935195671 0
3935195735 0
3935224407 0
3935228439 0
3935228567 0
3935256663 0
3935256918 0
3935256919 0
3935257175 0
3935261271 0
3935289686 0
3935290071 0
3935294039 0
3935294167 0
3951968534 0
3952034134 0
3952035926 0
3952035927 0
3952036182 0
3952038487 0
3952040535 0
3952068950 0
3952071255 0
3952071383 0
3952073303 0
3952073431 0
3952074455 0
4001776183 0
4002299959 0
4002300214 0
4002304055 0
4002304567 0
4002304631 0
4002332854 0
4002332982 0
4002333110 0
4002337463 0
4002337527 0
4002370167 0
4002398326 0
4002398327 0
4002398454 0
4002398455 0
4002398582 0
4002398710 0
4002399734 0
4002402550 0
4002402551 0
4002402935 0
4002403063 0
4002404087 0
4019143287 0
4019144822 0
4019145335 0
4019147383 0
4019149431 0
4019157623 0
4019176695 0
4019179255 0
4019180151 0
4019180279 0
4019180791 0
4019181303 0
4019182327 0
4019182839 0
4019183351 0
4019190007 0
4019190519 0
4019191543 0
4069130773 0
4069134869 0
4069147157 0
4069151253 0
4069167637 0
4069167765 0
4069184021 0
4069184149 0
4069392919 0
4069397015 0
4069397079 0
4069409303 0
4069409367 0
4069413399 0
4069413463 0
4069429783 0
4069429911 0
4069429975 0
4069446167 0
4069446231 0
4069446295 0
4069446359 0
4069462615 0
4069478999 0
4069495383 0
4069495511 0
4069496535 0
4069511767 0
4069511895 0
4086174231 0
4086235735 0
4086239831 0
4086241879 0
4086256215 0
4086258263 0
4086272599 0
4086272727 0
4086274647 0
4086274775 0
4086275799 0
4086288983 0
4086289111 0
4086291031 0
4086291159 0
4086292183 0
4135977527 0
4135993911 0
4136010295 0
4136505911 0
4136505975 0
4136522295 0
4136522359 0
4136538679 0
4136538743 0
4136538807 0
4136538871 0
4136555063 0
4136555127 0
4136555191 0
4136555255 0
4136571511 0
4136587895 0
4136604279 0
4136604407 0
4136620663 0
4136620791 3
4136621815 0
4153348727 0
4153350775 0
4153365111 0
4153367159 0
4153375351 0
4153381495 0
4153381623 0
4153382647 0
4153383543 0
4153383671 0
4153384695 0
4153391735 0
4153392887 0
4153397879 0
4153398007 0
4153399031 0
4153399927 0
4153400055 0
4153401079 0
4153408247 0
4153409271 0
4202840597 0
4203364885 0
4203368981 0
4203401749 0
4203401877 0
4203631127 0
4203631191 0
4203663895 0
4203664023 0
4203664087 0
4203696727 0
4203729495 0
4203729623 0
4220473943 0
4220475991 0
4220506711 0
4220509911 0
4270211639 0
4270740023 0
4270740087 0
4270772919 0
4270772983 0
4270805623 0
4270838391 0
4270838519 0
4270839543 0
4287582839 0
4287584887 0
4287615735 0
4287616759 0
4287617783 0
4287618807 0
4287625847 0
4287625975 0
4287626999 0
4564455949 0
4564582917 0
4564587013 1
4564587021 0
4568646157 0
4568650253 0
4568781325 0
4570747405 0
4572975621 0
4572975629 0
4598022677 0
4598022685 0
4598043285 0
4598059669 0
4598137365 0
4598153749 0
4598157845 0
4598174357 0
4598190613 0
4598190741 0
4598190749 0
4598268439 0
4598284823 0
4598284831 2
4598399511 0
4598415895 0
4598415903 2
4598419991 0
4598452887 0
4602200597 0
4602216981 0
4602216989 0
4602462743 0
4602466839 0
4602479127 0
4602479135 3
4602483223 0
4602516127 0
4602647199 0
4615144031 3
4665377335 0
4665377343 0
4665397823 0
4665430583 0
4665430711 0
4665508407 0
4665508415 0
4665508471 0
4665512503 3
4665524791 0
4665528887 0
4665541175 0
4665545271 0
4665545279 0
4665545335 0
4665545343 0
4665545399 3
4665545407 0
4665545463 0
4665545471 0
4665561655 0
4665561783 0
4665561791 0
4665610871 0
4665610879 0
4665610999 0
4665611007 0
4667494975 0
4669592119 0
4669592127 0
4669608511 0
4669608575 0
4669608639 0
4669608703 0
4669625023 0
4669674111 0
4669674239 0
4669739583 0
4669739647 0
4669739711 0
4669739775 0
4669756095 0
4669805183 0
4669805311 0
4671672895 0
4671705663 0
4671705727 0
4671705791 0
4671705855 0
4671771263 0
4671771391 0
4682220159 0
4682285623 0
4682285631 0
4682285687 0
4682322487 0
4682322495 0
4682322551 0
4682322559 0
4682322615 0
4682322679 0
4682322687 0
4682351223 0
4682351231 0
4682357367 0
4682383991 0
4682388087 0
4682388095 0
4682388215 0
4682388223 0
4682390135 0
4682390263 0
4686385727 0
4686385791 0
4686385855 0
4686385919 0
4686451327 0
4686451455 0
4686516863 0
4686516991 0
4686582399 0
4686582527 0
4688450175 0
4688482879 0
4688482943 0
4688483007 0
4688483071 0
4688515711 0
4688548479 0
4688548607 0
4732240413 0
4732371477 0
4732408341 0
4732502551 0
4732502559 0
4732633623 0
4732637719 0
4736434709 0
4736434717 0
4736696855 0
4736696863 0
4736864799 0
4736864927 0
4799611455 0
4799648311 0
4799746615 0
4799779383 0
4803809847 0
4803842751 0
4803973823 0
4816585335 0
5134893589 0
5134897685 0
5134914197 0
5134930581 0
5135008277 0
5135024661 0
5135028757 0
5135061653 0
5135061661 0
5135139351 0
5135155735 0
5135155743 0
5135159839 0
5135270423 0
5135286807 0
5135290903 0
5135290911 0
5135356503 0
5135356511 0
5139087893 0
5139091989 0
5139333655 0
5139333663 0
5139337751 0
5139350039 0
5139350047 0
5139354135 0
5139534431 0
5151916567 0
5151932951 0
5151998559 0
5152000607 0
5152047639 0
5152049687 0
5152053791 0
5152064023 0
5152066071 0
5152113239 0
5156110871 0
5156127255 0
5156129303 0
5156311647 0
5202248311 0
5202264639 0
5202285183 0
5202285247 0
5202286271 0
5202301623 0
5202301631 0
5202301695 0
5202350719 0
5202367223 0
5202379319 0
5202379383 0
5202383415 0
5202395703 0
5202399799 0
5202399807 0
5202416311 0
5202416319 0
5202416375 0
5202432567 0
5202432631 0
5202432639 0
5202432695 0
5202432703 0
5202432759 0
5202432767 0
5202444919 0
5202449015 0
5202461303 0
5202465399 2
5202481783 0
5202481911 0
5204382399 0
5206446655 0
5206463031 0
5206463039 0
5206479423 0
5206479551 0
5206495807 0
5206495871 0
5206495935 0
5206495999 0
5206577727 0
5206627007 0
5208576703 0
5210822327 0
5219130111 0
5219144439 0
5219222135 0
5219226231 0
5219232375 0
5219242615 0
5219242623 0
5219258999 0
5219259127 0
5219259135 0
5219260151 0
5219260159 0
5219261175 0
5219261183 0
5219275383 0
5219275511 0
5223471871 0
5269111325 0
5269242389 0
5269279381 0
5269373463 0
5269373471 0
5269504535 0
5269541535 0
5269570135 0
5269574231 0
5273305621 0
5273567767 0
5273567775 0
5273571863 0
5273604767 0
5286281751 0
5286283799 0
5286347351 0
5290347031 0
5336482367 0
5336486463 0
5336519231 0
5336519359 0
5336584831 0
5336617527 0
5336617535 0
5336650295 0
5336650303 0
5336650423 0
5336650431 0
5336650487 0
5336650495 0
5336651455 0
5336716023 0
5338583615 0
5340680759 0
5340680767 0
5340713663 0
5340713727 0
5353325183 0
5353458295 0
5353460343 0
5353495295 0
6216356375 0
6712628877 0
6712645261 0
6746030613 0
6746030621 3
6746145301 3
6746149397 0
6746161685 3
6746161693 3
6746165781 0
6746165789 0
6746198549 0
6746198557 0
6746198677 0
6746198685 0
6746292767 2
6746296855 0
6746296863 3
6746407447 0
6746411543 0
6746423831 0
6746427927 2
6746427935 3
6746460823 0
6746460831 0
6746493527 0
6746493535 0
6746526423 0
6750208533 0
6750212629 0
6750224917 0
6750224925 3
6750229013 0
6750229021 3
6750245405 2
6750245533 0
6750246557 0
6750261789 3
6750261917 0
6750262941 0
6750360085 0
6750376605 0
6750392861 0
6750392989 0
6750474775 3
6750474783 3
6750487071 2
6750491159 0
6750491167 3
6750507679 3
6750523935 3
6750524063 0
6750525087 0
6750590687 0
6750622231 0
6750622239 3
6750655007 0
6750655127 0
6750655135 0
6752322077 3
6752326173 3
6752358941 3
6752567839 2
6752571935 3
6752588319 3
6752604703 2
6752604831 3
6752621087 3
6763186711 3
6763270743 0
6763303639 0
6767249943 3
6767352415 3
6767366879 0
6767367903 0
6767497951 0
6780015271 0
6780015279 0
6780015335 0
6780016303 0
6787356327 0
6788404903 0
6801053423 0
6801054447 0
6804199143 0
6805247719 0
6805247727 0
6809442031 0
6812992055 0
6813438647 0
6813504247 0
6813505279 0
6813536823 0
6813536831 0
6813553207 0
6813553215 0
6813553271 0
6813553279 0
6813553335 0
6813553343 0
6813553399 0
6813553407 0
6813554367 0
6813569591 0
6813569599 0
6813569719 0
6813570751 0
6813618807 0
6813618815 0
6813618935 0
6813618943 0
6813619959 0
6813619967 0
6813635191 0
6813635199 0
6813635319 0
6813635327 0
6813636351 0
6817600055 0
6817616447 0
6817616511 0
6817616575 0
6817616639 0
6817632959 0
6817633983 0
6817682047 0
6817682175 0
6817683199 0
6817698551 0
6817698559 0
6817699583 0
6817747519 0
6817747583 0
6817747647 0
6817747711 0
6817748671 0
6817763903 0
6817764031 0
6817813119 0
6817813247 0
6817814271 0
6817829623 0
6817829631 0
6817830655 0
6819680831 0
6819680895 0
6819713599 0
6819713663 0
6819713727 0
6819713791 0
6819730111 3
6819746431 0
6819762815 3
6819779199 0
6819779327 0
6819795711 0
6821941943 0
6821942007 0
6822007543 0
6829834871 0
6830281463 0
6830281471 0
6830282495 0
6830283511 0
6830283519 0
6830330423 0
6830330431 0
6830330487 0
6830330495 0
6830330551 0
6830330559 0
6830330615 0
6830330623 0
6830363255 0
6830365303 0
6830389887 2
6830396023 0
6830396031 0
6830396151 0
6830396159 0
6830398071 0
6830398199 0
6830398207 0
6830412407 0
6830412415 0
6830412535 0
6830412543 0
6830413559 0
6830413567 0
6830414455 0
6830414463 0
6830414583 0
6830414591 0
6830415607 0
6830415615 0
6830422775 1
6830422783 3
6830423799 0
6830423807 0
6832380671 0
6832381695 0
6832512767 0
6833869567 0
6833934975 0
6833935103 0
6834393663 0
6834393727 0
6834393791 0
6834393855 0
6834426495 0
6834442879 3
6834459263 0
6834459391 0
6834460415 0
6834461439 0
6834470655 3
6834475767 0
6834475775 0
6834476799 0
6834477815 0
6834477823 0
6834478839 0
6834478847 0
6834486007 0
6834486015 3
6834487031 0
6834487039 3
6834524799 0
6834524863 0
6834524927 0
6834590335 0
6834590463 0
6834591487 0
6834593535 0
6834601727 3
6834606839 0
6834606847 0
6834607871 0
6834608887 0
6834608895 0
6834609911 0
6834609919 0
6834617087 0
6834618103 0
6834618111 0
6836458111 0
6836490815 0
6836490879 0
6836490943 0
6836491007 0
6836523647 0
6836540031 3
6836542079 2
6836556415 0
6836556543 0
6836567807 3
6836572927 0
6836574975 0
6836583167 3
6836584191 3
6836715263 0
6837755639 0
6837763831 0
6837763839 0
6838784759 0
6838801143 0
6838803191 0
6838804215 0
6838804223 0
6838811383 3
6838812407 0
6838812415 0
6841958135 0
6841958143 0
6842998527 0
6843006719 0
6855217669 0
6880248341 0
6880285341 3
6880379413 0
6880383509 3
6880383517 0
6880416277 0
6880416285 0
6880416405 0
6880645655 0
6880645663 0
6880678423 0
6880678551 0
6880744023 3
6880744151 1
6884442645 0
6884442653 0
6884446741 0
6884446749 3
6884479517 0
6884479645 1
6884480669 0
6884610581 0
6884610589 0
6884704799 0
6884708887 0
6884708895 0
6884741791 0
6884742815 0
6884807391 3
6884839967 0
6884872863 0
6884938463 2
6886904543 3
6897359455 0
6897488471 0
6897490519 0
6897490527 0
6897521239 3
6897521247 3
6897521367 0
6897521375 2
6897523287 1
6897523295 2
6897523415 0
6901584607 3
6901585631 0
6901586655 3
6901715551 3
6901715679 3
6901716703 0
6903681759 3
6903683807 3
6914234023 3
6914299623 3
6918296111 3
6921574055 0
6922622639 0
6922688231 3
6930945767 3
6931076839 3
6935271151 0
6938416871 0
6939465447 3
6939465455 0
6947623487 0
6947721975 0
6947754551 0
6947754559 0
6947787319 0
6947787455 0
6947820159 0
6947852919 0
6947853047 0
6947853055 0
6951817791 0
6951850559 0
6951850687 0
6951851711 0
6951883383 0
6951916279 0
6951916287 0
6951917311 0
6951981631 0
6951981759 0
6952047359 0
6952048383 0
6964499191 0
6964501239 0
6964502263 0
6964599415 0
6964630135 0
6964630263 0
6964630271 0
6964631287 0
6964631295 0
6964632183 0
6964632191 0
6964632311 0
6964632319 3
6964633335 0
6964633343 0
6964640503 0
6964640511 3
6964641527 0
6964641535 3
6968693367 0
6968693495 0
6968693503 3
6968694527 0
6968695415 0
6968695543 0
6968695551 3
6968696567 0
6968696575 0
6968703735 0
6968704759 0
6968704767 3
6968824447 0
6968824567 0
6968824575 0
6968825599 0
6968826615 0
6968826623 1
6968827639 0
6968827647 0
6968834815 0
6968835831 0
6968835839 0
6970793727 0
6971973367 0
6971981559 0
6971981567 0
6973018871 0
6973019895 0
6973020919 0
6973021943 0
6973021951 0
6973030135 0
6973030143 0
6976175863 0
6976175871 0
6977216247 0
6977224439 0
6977224447 0
7282885141 0
7282901533 0
7282905629 0
7283016213 0
7283020309 0
7283032597 0
7283032605 0
7283036693 0
7283036701 0
7283054237 0
7283069461 0
7283069469 0
7283069589 0
7283069597 0
7283070621 0
7283147287 0
7283163671 0
7283167767 0
7283200671 0
7283278359 0
7283282455 0
7283282463 0
7283282519 0
7283294743 0
7283298839 0
7283298847 0
7283298903 0
7283298911 0
7283315351 0
7283315415 0
7283316439 0
7283331735 0
7283332759 0
7283348055 0
7283364439 0
7283364447 0
7283380951 0
7283397207 0
7283397215 0
7283397335 0
7287079445 0
7287083541 0
7287095829 0
7287099925 0
7287099933 0
7287116445 0
7287117469 0
7287132829 0
7287133853 0
7287231005 0
7287263901 0
7287341591 0
7287341599 0
7287345687 0
7287345695 0
7287345759 0
7287357975 0
7287362071 0
7287362079 0
7287362135 0
7287362143 0
7287378591 0
7287394967 0
7287394975 0
7287395999 0
7287411295 0
7287423575 0
7287427679 0
7287460575 0
7287461599 0
7287476767 0
7287476831 0
7287493143 0
7287493151 0
7287525919 0
7287526039 0
7287526047 0
7287527071 0
7287542367 0
7287558751 0
7287591647 0
7289442847 0
7289459231 0
7289459295 0
7289508447 0
7289573919 0
7289639519 0
7290622487 0
7290622495 0
7291671063 0
7291671071 0
7291687455 0
7291703959 0
7291736663 0
7294816799 0
7295865375 0
7295881759 0
7299924503 0
7299926551 0
7299930655 0
7299940887 0
7300055575 0
7300057623 0
7300059671 0
7300061727 0
7300071959 0
7300125271 0
7300125279 0
7300127319 0
7300127327 0
7300141655 0
7300141663 0
7300143703 0
7300143711 0
7300177631 0
7304118807 0
7304120855 0
7304124959 0
7304135191 0
7304184407 0
7304188503 0
7304190559 0
7304206935 0
7304224479 0
7304240863 0
7304253983 0
7304254047 0
7304256031 0
7304319583 0
7304321631 0
7304368863 0
7304371935 0
7306222111 0
7306304095 0
7307399703 0
7307465303 0
7308448279 0
7308448287 0
7308450335 0
7308513879 0
7350276671 0
7350293247 0
7350309631 0
7350310591 0
7350375167 0
7350376191 0
7350391351 0
7350391359 0
7350391415 0
7350391423 0
7350407735 0
7350407743 0
7350407799 0
7350407807 0
7350424119 0
7350424247 0
7350424255 0
7350424311 0
7350424319 0
7350425271 0
7350425279 0
7350440503 0
7350440511 0
7350440567 0
7350440575 0
7350440631 0
7350440639 0
7350440695 0
7350440703 0
7350441655 0
7350441663 0
7350456951 0
7350473335 0
7350473343 0
7350489727 0
7350489855 0
7350490871 0
7350490879 0
7350506111 0
7350506231 0
7350506239 0
7350507255 0
7350507263 0
7353963071 0
7354454591 0
7354454647 0
7354454655 0
7354470967 0
7354470975 0
7354471031 0
7354471039 0
7354487359 0
7354487423 0
7354487487 0
7354487551 0
7354488511 0
7354488575 0
7354503743 0
7354503807 0
7354503871 0
7354503927 0
7354503935 0
7354504895 0
7354504959 0
7354520191 0
7354536567 0
7354536575 0
7354552959 0
7354553087 0
7354554111 0
7354569343 0
7354569463 0
7354569471 0
7354570495 0
7354585663 0
7354602039 0
7354602047 0
7354602103 0
7354602111 0
7354618559 0
7354618623 0
7354619583 0
7354619647 0
7354634815 0
7354634879 0
7354634943 0
7354634999 0
7354635007 0
7354635967 0
7354636031 0
7354651263 0
7354684159 0
7354685183 0
7354700415 0
7354700535 0
7354700543 0
7354701559 0
7354701567 0
7356584639 0
7356585663 0
7356600895 3
7356633727 0
7356666623 0
7357847287 0
7358894839 0
7358895863 0
7362041599 0
7363090175 0
7366593143 0
7367152375 2
7367154431 0
7367155455 0
7367234167 0
7367236215 0
7367250551 0
7367250559 0
7367252599 0
7367252607 0
7367267071 0
7367268095 0
7367268983 0
7367269111 0
7367269119 0
7367270135 0
7367270143 0
7367283327 0
7367283447 0
7367283455 0
7367284471 0
7367284479 0
7367285367 0
7367285495 0
7367285503 0
7367286519 0
7367286527 0
7367293687 0
7367293695 0
7367294711 0
7367294719 0
7369251583 0
7371297407 0
7371313783 0
7371313791 0
7371315839 0
7371330175 0
7371330303 0
7371331327 0
7371332351 0
7371333375 0
7371340543 0
7371341567 0
7371346559 0
7371346679 0
7371346687 0
7371347711 0
7371348599 0
7371348607 0
7371348727 0
7371348735 0
7371349751 0
7371349759 0
7371356919 0
7371356927 0
7371357943 0
7371357951 0
7371462399 0
7371463415 0
7371463423 0
7371464447 0
7371472631 0
7371472639 0
7371477751 0
7371477759 0
7371478775 0
7371478783 0
7371479799 0
7371479807 0
7371480823 0
7371480831 0
7371487991 0
7371489015 0
7371489023 0
7373429503 0
7373430527 0
7373443839 0
7373444863 1
7373445887 0
7373446911 0
7373577983 0
7374610167 0
7374618359 0
7374618367 0
7374624503 0
7374624511 0
7374626551 0
7374626559 0
7374634743 0
7374634751 0
7375655671 0
7375656695 0
7375657719 0
7375658743 0
7375658751 0
7375666943 0
7375672055 0
7375673079 0
7375673087 0
7375673975 0
7375674103 0
7375675127 0
7375675135 0
7375682295 0
7375683319 0
7375683327 0
7378812671 0
7378818815 0
7378820863 0
7378829047 0
7378829055 0
7379851007 0
7379853055 0
7379861239 0
7379861247 0
7379867391 0
7379869431 0
7379869439 0
7379877623 0
7379877631 0
7417119253 0
7417250325 0
7417254421 0
7417254429 0
7417287189 2
7417287317 0
7417381399 0
7417385503 0
7417451103 0
7417512471 0
7417516567 0
7417516575 0
7417516631 0
7417516639 0
7417549335 0
7417549463 0
7417549471 3
7417582167 0
7417582175 0
7417614935 0
7417615063 0
7421313557 0
7421317653 0
7421317661 0
7421350557 0
7421351581 0
7421481629 0
7421575703 0
7421575711 0
7421579799 0
7421579807 0
7421612703 0
7421613727 0
7421645407 0
7421710871 0
7421710879 0
7421743647 0
7421743775 0
7423676959 0
7434359383 0
7434359391 0
7434361431 0
7434361439 0
7434392287 0
7434394327 0
7438424671 0
7438455391 0
7438553695 0
7438555743 0
7484494399 0
7484527167 0
7484592895 0
7484625463 0
7484625471 0
7484625527 0
7484625535 0
7484658231 0
7484658239 0
7484658295 0
7484658359 0
7484658423 0
7484658431 0
7484691063 0
7484723831 0
7484723839 0
7484723959 0
7484723967 0
7484724983 0
7484724991 0
7488688703 0
7488688767 0
7488721471 2
7488721535 0
7488721599 0
7488721663 0
7488722623 0
7488787191 0
7488787199 0
7488788215 0
7488788223 0
7488819775 0
7488852543 0
7488852671 0
7488852735 0
7488918263 0
7488918271 0
7488919287 0
7488919295 0
7490818623 3
7490884351 0
7490885375 0
7491999415 0
7492065015 0
7493112567 0
7493113591 0
7496259327 0
7501371135 0
7501372151 0
7501373175 0
7501373183 0
7501468279 0
7501470327 0
7501470335 0
7501501175 0
7501501183 0
7501502199 0
7501502207 0
7501503095 0
7501503223 0
7501503231 0
7501504247 0
7501504255 0
7501511415 0
7501511423 0
7501512439 0
7501512447 0
7503470335 0
7505531519 0
7505564287 0
7505564407 0
7505564415 0
7505565431 0
7505565439 0
7505566455 0
7505566463 0
7505567479 0
7505567487 0
7505574647 0
7505574655 0
7505695479 0
7505695487 0
7505696503 0
7505696511 0
7505697527 0
7505697535 0
7505698551 0
7505698559 0
7505705727 0
7505706743 0
7505706751 0
7507661567 0
7507662591 0
7507663615 0
7507664639 0
7507672831 0
7507793663 0
7507795711 0
7507803903 0
7508842231 0
7508844279 0
7508844287 0
7508852471 0
7508852479 0
7509889783 0
7509890807 0
7509890815 0
7509891831 0
7509892855 0
7509892863 0
7509901047 0
7509901055 0
7513038591 0
7513046775 0
7513046783 0
7514085119 0
7514087159 0
7514087167 0
7514095351 0
7514095359 0
7515143935 0
7516192511 0
7911505655 0
7911505663 0
7915699959 0
7915699967 0
8045723383 0
8045723391 0
8049917687 0
8364364311 0
8448360191 0
8448368375 0
8448368383 0
8448376567 0
8448376575 0
8452554495 0
8452562687 2
8452570871 0
8452570879 0
8582586103 0
8582586111 0
8582594295 0
8582594303 0
8586788607 0
8588885759 0
9790013175 0
10326878967 0
10326879991 0
10326884087 0
11125390071 3
11132730103 3
11132731127 0
11133778679 3
11259607799 3
11259608823 2
11266947831 3
11266948855 3
11267996407 3
11267997431 3
11669585655 0
11669602039 1
11803819767 0
11938036471 3
11938037495 0
12072254071 2
12072254199 3
12072255223 3
12206456567 0
12206471927 3
12206472951 0
12340689655 3
12340690679 3
12474874487 0
12474887927 0
12474892023 0
12474907383 0
12474908407 0
12609126135 0
12743327479 2
12743342839 0
12743343863 0
12877560567 0
12877561591 0
15420357367 3
15420357375 3
15420358391 0
15420358399 0
15424404223 3
15424405247 3
15424420607 3
15424421631 3
15424535295 2
15424536319 3
15424551679 3
15424552695 0
15424552703 2
15426501375 3
15426502399 3
15426517759 3
15426518783 3
15427698423 0
15427698431 0
15428745975 3
15428746999 0
15428747007 0
15431892727 0
15431892735 0
15432941311 0
15554575095 3
15554575103 3
15554576119 3
15554576127 3
15558638335 3
15558639359 3
15558769407 3
15558770423 0
15558770431 3
15561916151 0
15561916159 0
15562964727 0
15562964735 0
15566110455 0
15566110463 0
15567159031 0
15567159039 0
15957229311 0
15961423615 0
15964569335 0
15964569343 0
15965617911 0
15965617919 0
15968763639 0
15968763647 0
15969812215 0
15969812223 0
16091447039 0
16095641335 0
16095641343 0
16097738495 0
16098787063 0
16098787071 0
16099835639 0
16099835647 0
16102981367 0
16102981375 0
16104029951 0
16105078527 0
16501440247 0
16501440255 0
16505634551 0
16505634559 0
16635657975 0
16635657983 0
16639852287 0
17038294775 2
17038311159 0
17038311167 0
17042505471 0
17172528887 0
17172528895 0
17176723199 0

# Neuron 7: 3992 entries
# Connections: [105, 182, 290, 350, 159, 14, 38, 313, 254, 43, 310, 352, 213, 25, 213, 2, 166, 80, 187, 182, 278, 221, 64, 197, 291, 29, 203, 19, 35, 36, 266, 346, 326, 292]
208 0
214 0
1049040 0
1049046 0
1049072 0
3670480 0
3670486 0
3670512 0
75628752 0
75640848 0
78254288 0
79303120 0
109182992 0
109183186 3
109183194 0
109187096 0
109187290 3
109191382 0
109191386 0
109191390 0
109195288 0
109195482 3
109195486 0
110232018 0
110232026 0
110232050 0
110232058 0
110236122 0
110240210 0
110240218 0
110240222 0
110240250 0
110240254 0
110244314 0
110244318 0
111804626 0
111804634 0
111808730 0
111812830 0
111816922 3
112853458 0
112853466 0
112861650 0
112861658 0
112865746 0
112865754 0
243409106 0
243409110 0
243409114 0
243409118 0
243413210 3
243413214 0
244462042 0
244462046 0
246030546 0
246030550 0
246030558 0
246034650 0
247079378 0
247083474 0
247083482 0
1153573076 0
1153573078 0
1153577174 0
1154621910 0
1154626006 0
1157243350 0
1182937310 3
1183986142 0
1185554646 0
1185554654 0
1185558750 0
1187131542 0
1187131614 0
1188176342 0
1188180182 0
1188180446 0
1189753046 3
1189753054 1
1190797782 0
1190801886 0
1190801918 0
1287790804 0
1288057046 0
1288843734 0
1289101782 0
1291727316 0
1291727318 0
1317155038 3
1318466014 0
1319776478 0
1321345246 0
1321349342 0
1322394078 0
1322398174 0
1322660054 0
1322660318 0
1322660350 0
1323970782 0
1324232926 0
1325019614 0
1325281758 0
2147484305 0
2147484311 3
2147484369 0
2147484375 2
2148532945 0
2148533201 0
2148533203 0
2148533205 0
2148533207 0
2148533233 0
2148533235 0
2148533237 0
2148533239 0
2150105745 0
2150105751 0
2150105809 0
2150105815 0
2151154387 0
2151154391 0
2151154641 0
2151154643 0
2151154647 0
2151154673 0
2151154679 0
2155872913 0
2155872919 3
2155872977 0
2155872983 2
2156003985 0
2156003991 0
2156004053 0
2156921553 0
2156921555 0
2156921809 0
2156921811 0
2156921813 0
2156921815 0
2156921841 0
2156921843 0
2156921847 0
2157052625 0
2157052881 0
2157052883 0
2157052885 0
2157052887 0
2157052913 0
2157052915 0
2157052919 0
2157061075 0
2157061079 0
2157061111 0
2158494417 0
2158494423 0
2158625489 0
2159543249 0
2159543251 0
2159543255 0
2159543281 0
2159543287 0
2159674321 0
2159674327 0
2159674353 0
2159674359 0
2181038609 0
2181038739 0
2181038743 0
2181038803 3
2181038807 3
2181169875 3
2181178067 3
2182087379 0
2182087507 0
2182087539 0
2182087635 0
2182087639 0
2182087667 0
2182087671 0
2182218707 0
2182218711 0
2182226899 0
2182226903 0
2183660179 0
2183660243 0
2183791251 0
2184708823 0
2184709075 0
2184709079 0
2184709107 0
2184709111 0
2189427347 0
2189427351 0
2189427411 0
2189427415 3
2189558289 0
2189558419 0
2189558423 3
2189558483 3
2189558487 3
2189566481 0
2189566611 0
2189566615 0
2189566675 3
2189566679 3
2190475987 0
2190476243 0
2190476247 0
2190476275 0
2190476279 0
2190607315 0
2190607319 0
2190607347 0
2190607351 0
2190615507 0
2190615511 0
2190615539 0
2190615543 0
2192048851 0
2192179923 0
2192188051 0
2192188115 0
2193097683 0
2193097687 0
2193228755 0
2193228787 0
2193236947 0
2193236951 0
2193236979 0
2193236983 0
2223112400 0
2223112406 0
2223112721 0
2223112855 0
2223112912 0
2223112913 0
2223112915 0
2223112917 0
2223112918 0
2223112919 0
2223121111 0
2224161232 0
2224161236 0
2224161744 0
2224161745 0
2224161747 0
2224161748 0
2224161749 0
2224161750 0
2224161751 0
2224161777 0
2224161783 0
2224169943 0
2225734352 0
2225734353 0
2225734355 0
2225734357 0
2225734358 0
2225734359 0
2226782935 0
2226783184 0
2226783185 0
2226783187 0
2226783189 0
2226783190 0
2226783191 0
2226783217 0
2226791383 0
2256666640 0
2256666834 1
2256667152 0
2256667153 0
2256667283 3
2256667346 1
2256667347 0
2256674832 0
2256675026 0
2256675030 0
2256675038 0
2256675344 1
2256675345 0
2256675475 0
2256675538 0
2256675539 2
2256675542 0
2256675543 0
2256678936 0
2256679134 0
2256679440 0
2256679441 0
2256679448 0
2257715666 0
2257715698 0
2257716178 0
2257716179 0
2257716210 0
2257716211 0
2257723858 0
2257723862 0
2257723870 0
2257724114 0
2257724115 0
2257724242 0
2257724370 0
2257724371 0
2257724374 0
2257724375 0
2257724402 0
2257724403 0
2257724406 0
2257724407 0
2259288274 0
2259288786 0
2259288787 0
2259296466 3
2259296470 0
2259296478 0
2259296915 0
2259296978 0
2259296979 0
2259296983 0
2260337106 0
2260337618 0
2260337619 0
2260337651 0
2260345298 0
2260345810 0
2260345811 0
2260345814 0
2260345815 0
2260345843 0
2260345847 0
2282750961 0
2291139569 0
2315256531 3
2315256535 2
2315395795 2
2316305363 0
2316305367 0
2316305395 0
2318926803 0
2318926835 0
2323645139 0
2323784403 3
2324693971 0
2324825043 0
2324825047 0
2324833235 0
2324833239 0
2324833267 0
2326266579 0
2327446483 0
2327446515 0
2327454675 0
2327454707 0
2357330641 0
2357330647 0
2358379477 0
2358379479 0
2390892754 0
2390892758 0
2390893267 0
2391941586 0
2391942099 0
2391942102 0
2391942103 0
2391942131 0
2391942135 0
2393514194 0
2393514198 0
2393514206 0
2393514706 0
2393514707 0
2393514711 0
2394555347 0
2394563026 0
2394563538 0
2394563543 0
3221226133 0
3221226197 0
3222274773 0
3222274775 0
3222275029 0
3222275031 0
3222275061 0
3222275063 0
3223847637 0
3224896469 0
3224896471 0
3224896501 0
3225420437 0
3225420439 0
3225420503 0
3226469077 0
3226469079 0
3226469333 0
3226469335 0
3226469365 0
3226469367 0
3226600149 0
3226600151 0
3226600405 0
3226600407 0
3226600439 0
3226608599 0
3226608631 0
3228041877 0
3228041879 0
3228041943 0
3229090517 0
3229090519 0
3229090775 0
3229090807 0
3229221845 0
3229221847 0
3229221879 0
3230663637 0
3230663639 0
3230663669 0
3230794709 0
3230794711 0
3230794741 0
3230802901 0
3230802903 0
3230802933 0
3230802935 0
3233424341 0
3233948311 0
3234857943 0
3234857973 0
3234857975 0
3234989015 0
3234989047 0
3234997205 0
3234997207 0
3234997239 0
3236569815 0
3237610453 0
3237618645 0
3237618647 0
3254780567 0
3255829463 0
3255829495 0
3255960535 0
3258450903 0
3258450935 0
3258974871 0
3259105943 0
3260023511 0
3260023767 0
3260023799 0
3260154839 0
3261596311 0
3262644951 0
3262645207 0
3262645239 0
3262776311 0
3263308503 0
3264349175 0
3264357335 0
3264357367 0
3265929879 3
3265929943 3
3266978519 3
3266978775 3
3267494551 0
3267502743 1
3268551639 0
3268551671 0
3270124183 3
3271033815 0
3271172823 0
3271173079 0
3271173111 0
3296854743 0
3296862420 0
3296862932 0
3296862933 0
3297903573 0
3297903575 0
3297911764 0
3297911765 0
3297911796 0
3297911797 0
3299483860 0
3299484373 0
3300525015 0
3300533205 0
3300533207 0
3301056726 0
3301057236 0
3301057237 0
3301057238 0
3301057239 0
3302105558 0
3302105815 0
3302106069 0
3302106070 0
3302106071 0
3302106102 0
3302106103 0
3303678676 0
3303678679 0
3304726996 0
3304726998 0
3304727508 0
3304727509 0
3304727511 0
3330416854 0
3330416862 0
3330417366 0
3330417367 0
3330420950 0
3331465686 0
3331466199 0
3331466231 0
3331469790 0
3333038294 0
3333038302 0
3333038806 0
3333038807 0
3334086870 2
3334087126 2
3334087638 0
3334087639 0
3334087671 0
3334611158 0
3334611166 0
3334611670 0
3334611671 0
3334615254 0
3334615262 0
3335659990 0
3335660502 0
3335660503 0
3335660535 0
3337232598 0
3337232606 0
3337233110 0
3337233111 0
3338281430 0
3338281462 0
3338281687 0
3338281943 0
3360948951 0
3360949207 0
3369477079 0
3369477111 0
3394241239 0
3432129493 0
3434750933 0
3436585943 0
3439207383 0
3465683927 0
3465946103 0
3467256535 0
3468305366 0
3468305367 0
3468828886 0
3468828894 0
3468829398 0
3468832990 0
3469091030 0
3469091542 0
3469877718 0
3469878230 0
3469878231 0
3469878263 0
3470140375 0
3471716566 0
3472499158 0
3472499670 0
3472761815 0
4294983888 0
4296032720 0
4296032752 0
4297605328 0
4298654160 0
4370612242 0
4370612432 0
4370645008 0
4370645010 0
4370649104 0
4370649106 0
4370649108 0
4370649110 0
4370714642 0
4371661264 0
4371665360 0
4373237968 0
4374286800 0
4404166866 0
4404166874 0
4404170970 3
4404175058 0
4404175066 0
4404179154 0
4404179162 3
4404199634 3
4404199642 3
4405215698 0
4405215706 0
4405215730 0
4405215738 0
4405219802 0
4405223890 0
4405223898 0
4405223930 0
4405227866 0
4405227994 0
4405228026 0
4405248466 0
4405248474 0
4405249498 0
4405252186 0
4405260376 0
4405260378 0
4405260382 0
4405260634 0
4405261786 0
4406788306 0
4406788314 0
4406792410 0
4406796498 0
4406796506 0
4406800602 0
4407837138 0
4407837146 0
4407837178 0
4407841242 0
4407845330 0
4407845338 0
4407849426 0
4407849434 0
4407849466 0
4407869906 0
4407869914 0
4430250452 0
4430250484 0
4447128018 0
4504928274 0
4505878992 0
4505878994 0
4505878996 0
4507455698 0
4508504530 0
4521705490 0
4521705494 0
4521707536 0
4521707538 0
4521707540 0
4521707542 0
4521711632 0
4521711634 0
4521711636 0
4522656208 0
4522656210 0
4522656212 0
4522756560 0
4525314512 0
4538384594 2
4538384602 0
4538388698 3
4538392786 2
4538392790 0
4538392798 0
4538396890 3
4538396894 3
4538495002 0
4539433426 0
4539441618 0
4539441626 0
4539441630 0
4539441658 0
4539445594 0
4539445722 0
4539445726 0
4539466226 0
4539478106 0
4539478362 0
4541010138 0
4541014230 0
4541014238 0
4541018330 0
4541018334 0
4542058970 0
4542063058 0
4542063070 0
4542067162 0
4542067166 0
4555206874 3
4555272218 0
4555272222 0
4555274266 0
4555274270 0
4556218834 0
4556218838 0
4556218842 0
4556218846 0
4556222930 0
4556222938 0
4556222942 0
4556243418 0
4556247514 0
4556251602 0
4556251606 0
4556251610 0
4556255578 0
4556255706 0
4556255710 0
4556284370 0
4556288474 0
4556288478 0
4556319198 0
4556323290 0
4556323294 0
4557824210 0
4557828314 0
4557891806 0
4557895898 0
4558832082 0
4558832090 0
4558836186 0
4558840274 0
4558844378 0
4558844382 0
4558864850 0
4558877146 0
4558877150 0
5093122514 0
5093126618 0
5093126650 0
5093127642 0
5094695122 0
5444362452 0
5446983892 0
5448560662 0
5449609684 0
5449609716 0
5477920790 0
5477920798 0
5477920990 0
5478969822 0
5479002206 0
5480542430 0
5481591262 0
5481591294 0
5482115094 0
5482115102 0
5482115222 0
5482115286 0
5482115294 0
5483163862 0
5483164118 0
5483164126 0
5483192404 0
5483196508 0
5483196510 0
5484736734 0
5485785566 0
5503992276 0
5503992308 0
5582516692 0
5583036628 0
5584085460 0
5584089556 0
5584089558 0
5584089590 0
5585658068 0
5586706900 0
5595386070 3
5596772820 0
5599361494 0
5600866772 0
5600895444 0
5603488212 0
5603584470 0
5612138718 1
5612171294 0
5612236830 0
5612396758 0
5612400670 0
5612433438 0
5612498974 0
5613187294 2
5613187550 3
5613187582 2
5613445590 0
5613445598 0
5613449686 0
5613449694 0
5614756062 0
5614760094 3
5615808734 3
5615808982 0
5615808990 3
5615809022 3
5616071134 0
5616332830 0
5616333022 3
5616365598 0
5616431134 0
5616591062 3
5616594974 0
5616595166 0
5616627742 0
5616693278 0
5617381854 0
5617381886 0
5617639894 0
5617643734 0
5617643990 0
5617643998 0
5617644030 0
5617676382 0
5618954462 0
5619216606 0
5620003038 3
5620003294 0
5620265438 0
5628948702 3
5629014046 0
5629016094 0
5629210654 0
5629241558 0
5629245662 0
5629276190 0
5629278238 0
5629964766 0
5629997534 0
5630063070 0
5630065118 0
5630226902 0
5630226910 0
5630259678 0
5630294494 0
5630327262 0
5631570142 3
5631895774 0
5632586206 0
5632618974 0
5632848350 0
5632881118 0
5633110046 0
5633110238 0
5633143006 0
5633208350 0
5633208542 0
5633210398 0
5633372190 0
5633372382 0
5633374430 0
5633403094 0
5633404958 0
5633405150 0
5633407198 0
5633437726 0
5633439966 0
5633468438 0
5633468630 0
5633468638 0
5633470494 0
5633472540 0
5633472542 0
5633472726 0
5633472734 0
5634159070 0
5634159102 0
5634187734 2
5634191838 1
5634224478 0
5634257374 0
5634259166 0
5634259422 0
5634417118 0
5634419166 0
5634421206 0
5634421214 0
5634423262 0
5634449886 0
5634451934 0
5634453982 0
5634455774 0
5634456022 0
5634456030 0
5634488798 0
5634515422 0
5634517214 0
5634517470 0
5634519518 0
5634521302 0
5634521310 0
5634521438 0
5634521558 0
5634521566 0
5635731678 3
5635764446 3
5635993822 0
5635995870 0
5636022494 0
5636024542 0
5636026590 3
5636028638 0
5636061406 0
5636090006 3
5636090070 0
5636090078 0
5636094166 0
5636094174 0
5636780510 0
5636880862 0
5637040606 0
5637042654 0
5637044702 0
5637073374 0
5637075422 0
5637077462 0
5637077470 0
5637110238 0
5637138910 0
5637142750 0
5637142998 0
5637143006 0
5901904086 0
5901904094 0
5901908126 0
5901908182 0
5901908190 0
5902952918 0
5902952926 0
5902956766 0
5902956894 0
5902957014 0
5902957022 0
5904525526 0
5904525534 0
5904529630 0
5905574358 0
5905574366 0
5905578206 0
5905578454 0
5905578462 0
6137508308 0
6137770452 0
6137770484 0
6167194078 0
6167198174 0
6170274006 0
6170276062 0
6170278110 0
6170339550 0
6170340574 0
6170343638 0
6170343646 0
6171062750 0
6171062782 0
6171324894 0
6171324918 0
6171324926 0
6171325918 0
6171325950 0
6171326942 0
6171326974 0
6171327966 0
6171327998 0
6171392478 0
6171392510 0
6171393502 0
6171393534 0
6172899550 0
6172960982 0
6172960990 0
6172965086 0
6173948382 0
6173949438 0
6174013918 0
6174013950 0
6174014934 0
6174014942 0
6438774998 0
6438779094 0
6438779102 0
6439823838 0
6439824862 0
6439827678 0
6439827806 0
6439827926 0
6439827934 0
6439828958 0
6441396438 0
6441396446 0
6441400542 0
6442445270 0
6442445278 0
6442449118 0
6442449366 0
6442449374 0
6442467985 0
6442468049 0
6442468051 2
6442568209 0
6443516625 0
6443516881 0
6443516883 0
6443516913 0
6443516915 0
6443549265 0
6443549271 0
6445089489 0
6446138065 0
6446138321 0
6446138353 0
6450856593 0
6450856657 0
6450987537 0
6450987539 0
6450987541 0
6450987543 0
6450987665 0
6450987729 0
6451020305 0
6451020307 0
6451020309 0
6451020311 0
6451085841 0
6451085845 0
6451085847 0
6451905233 0
6451905489 0
6451905491 0
6451905521 0
6452036305 0
6452036561 0
6452036593 0
6452068951 2
6453478097 0
6453609105 0
6453609169 0
6454526929 0
6454526961 0
6454658001 0
6454658033 0
6476022291 0
6476022419 0
6476022483 0
6477071059 0
6477071185 0
6477071187 0
6477071219 0
6477071315 0
6477071347 0
6477103697 0
6477103699 0
6477103703 0
6477103953 0
6477103955 0
6477103987 0
6477104083 0
6477202259 0
6477202263 0
6477202387 0
6477202419 0
6477210579 0
6477234771 0
6477235027 0
6478643923 0
6479692755 0
6479692787 0
6479725523 0
6484411027 0
6484411091 0
6484542099 0
6484542163 0
6484550291 0
6484550355 3
6484648465 0
6484650513 0
6485459667 0
6485459923 0
6485459955 0
6485492307 0
6485492563 0
6485492595 0
6485590739 0
6485590995 0
6485591027 0
6485598931 0
6485599059 0
6485599187 0
6485599219 0
6485623379 0
6485623635 0
6485631827 0
6487032531 0
6487163603 0
6487171731 0
6487171795 0
6488081363 0
6488081395 0
6488212435 0
6488212467 0
6488220627 0
6488220659 0
6518095888 0
6518095890 0
6518095892 0
6518095894 0
6518096080 0
6518096400 0
6518096401 0
6518096402 0
6518096403 0
6518096404 0
6518096405 0
6518096406 0
6518096407 0
6518096529 0
6518096592 0
6518096593 0
6518128656 0
6518128658 0
6518128660 0
6518128662 0
6518129168 0
6518129169 0
6518129170 0
6518129171 0
6518129172 0
6518129173 0
6518129174 0
6518129175 0
6518194194 0
6518194705 0
6518194707 0
6518194709 0
6518194711 0
6519144912 0
6519145169 0
6519145424 0
6519145425 0
6519153619 0
6519177809 0
6519177811 0
6519177813 0
6519177815 0
6520718032 0
6520718033 0
6521766864 0
6521766865 0
6521766897 0
6551650514 0
6551651026 0
6551651027 0
6551658706 3
6551659155 0
6551659218 3
6551659219 3
6551662802 3
6551662810 3
6551683794 3
6552699346 0
6552699378 0
6552699858 0
6552699859 0
6552699890 0
6552699891 0
6552707410 0
6552707538 0
6552707546 0
6552707921 0
6552707922 0
6552707923 0
6552708050 0
6552708051 0
6552708054 0
6552708082 0
6552708083 0
6552711514 0
6552711642 0
6552712026 0
6552712027 0
6552731730 0
6552732114 0
6552732146 0
6552732626 0
6552732658 0
6552733138 0
6552733650 0
6552739920 0
6552739922 0
6552740433 0
6552740435 0
6552740689 0
6552740690 0
6552740691 0
6552740722 0
6552744026 0
6552744282 0
6552744538 0
6552744539 0
6552744794 0
6552744795 0
6554271954 0
6554272466 0
6554272467 0
6554280146 0
6554280658 0
6554280659 0
6555320786 0
6555320818 0
6555321298 0
6555321299 0
6555321330 0
6555321331 0
6555328978 0
6555329490 0
6555329491 0
6555329523 0
6555354066 0
6555354067 0
6576685713 3
6576685715 2
6576685719 3
6576685777 3
6576685781 1
6576685783 3
6577734353 3
6577734355 0
6577734609 3
6577734611 0
6577734613 0
6577734641 3
6577734643 0
6577734645 0
6579307155 3
6579307219 3
6580355795 3
6580356049 0
6580356051 3
6580356053 0
6580356083 3
6585074321 3
6585074385 3
6585074391 3
6585205265 0
6585205267 0
6585205269 0
6585205271 0
6585205393 3
6585205399 2
6585205463 3
6585238033 0
6585238035 0
6585238037 0
6585238039 0
6585303569 0
6585303571 0
6585303573 0
6585303575 0
6586122961 3
6586123217 3
6586123219 0
6586123221 0
6586123249 3
6586123251 0
6586254033 3
6586254289 3
6586254291 0
6586254293 0
6586254321 2
6586254323 0
6587695763 3
6587695827 3
6587826835 3
6588744403 3
6588744657 0
6588744659 3
6588744691 3
6588875475 3
6588875731 3
6588875733 0
6588875763 2
6593495763 3
6593563345 0
6594511825 0
6594511827 0
6594511831 0
6594511857 0
6594511859 0
6594544593 0
6594544595 0
6594544599 0
6594544625 0
6594544627 0
6594577361 0
6597133265 0
6597133271 0
6597166033 0
6597166035 0
6597166039 0
6597166065 0
6601884371 3
6601951953 0
6602015441 0
6602015443 3
6602048017 0
6602048023 0
6602080785 0
6602080787 0
6602080789 0
6602080791 0
6602082833 0
6602082835 0
6602082837 0
6602082839 0
6602900433 0
6602900435 0
6602900437 0
6602900465 0
6602900467 0
6602933201 0
6602933203 0
6602933233 0
6602933235 0
6603000785 0
6603031505 0
6603031507 0
6603031511 0
6603031539 0
6603039699 0
6603039731 0
6603064273 0
6603064275 0
6603064305 0
6603064307 0
6605521873 0
6605554641 0
6605554673 0
6605652945 0
6605685713 0
6605685719 0
6610240017 0
6610240147 3
6610240211 3
6610272787 0
6610272791 0
6610371089 0
6611288787 0
6611288791 0
6611288947 0
6611289043 0
6611289047 0
6611289075 0
6611289079 0
6611321427 0
6611321715 0
6611321843 0
6611420019 0
6611420115 0
6611420119 0
6611420147 0
6611428055 0
6611428307 0
6611428311 0
6611428339 0
6613910483 0
6613910515 0
6614041555 0
6618628755 3
6618628819 2
6618759697 0
6618759827 3
6618768019 3
6618768023 3
6618768083 3
6618768087 3
6619677651 0
6619677655 0
6619677683 0
6619777617 0
6619808471 0
6619808723 0
6619808727 0
6619808755 0
6619816663 3
6619816787 0
6619816915 0
6619816919 1
6619816947 0
6619849299 0
6622299091 0
6622299123 0
6622430163 0
6622430195 0
6622438355 0
6622438387 0
6627017363 0
6627115539 0
6627117591 0
6627246609 0
6627248657 0
6627254801 0
6628066003 0
6628066007 0
6628066259 0
6628066263 0
6628066291 0
6628066295 0
6628098931 0
6628098935 0
6628099027 0
6628099059 0
6628100051 0
6628133843 0
6628166225 0
6628197331 0
6628197363 0
6628205523 0
6628205555 0
6628205559 0
6628229971 0
6628230003 0
6628230099 0
6628230131 0
6628238291 0
6628238323 0
6628295543 0
6628305489 0
6629638803 0
6629769875 0
6630687699 0
6630687731 0
6630720467 0
6630720499 0
6630818771 0
6635604691 0
6635635217 0
6635635221 0
6635643409 0
6635645457 0
6635645651 0
6636454611 0
6636454867 0
6636454871 0
6636454899 0
6636454903 0
6636487511 0
6636487635 0
6636487667 0
6636585939 0
6636585943 0
6636585971 0
6636585975 0
6636593875 0
6636594131 0
6636594135 0
6636594163 0
6636594167 0
6636618579 0
6636618615 0
6636618707 0
6636618739 0
6636619731 0
6636619763 0
6636626803 0
6636626807 0
6636626899 0
6636626903 0
6636626931 0
6636626935 0
6636627923 0
6636627955 0
6636686295 0
6636694483 0
6636694487 0
6636694515 0
6638258899 0
6638258903 0
6638267091 0
6638267095 0
6639076307 0
6639076339 0
6639109075 0
6639207379 0
6639207411 0
6639215571 0
6639215575 0
6639215603 0
6639240147 0
6639240179 0
6639241171 0
6639248339 0
6639248343 0
6639248371 0
6639283155 0
6639283159 0
6652313620 0
6652313622 0
6652313810 0
6652314128 0
6652314129 0
6652314130 0
6652314131 0
6652314132 0
6652314133 0
6652314134 0
6652314135 0
6652314322 0
6652314323 0
6652314325 0
6652346384 0
6652346386 0
6652346388 0
6652346390 0
6652346896 0
6652346897 0
6652346898 0
6652346899 0
6652346900 0
6652346901 0
6652346902 0
6652346903 0
6652411920 0
6652411922 0
6652411924 0
6652412432 0
6652412433 0
6652412434 0
6652412435 0
6652412436 0
6652412437 0
6652412438 0
6652412439 0
6652414481 0
6652414483 0
6652414484 0
6652414485 0
6652414487 0
6653362640 0
6653362644 0
6653363025 0
6653363027 0
6653363029 0
6653363031 0
6653363152 0
6653363153 0
6653363154 0
6653363155 0
6653363156 0
6653363157 0
6653363187 0
6653363189 0
6653371347 0
6653371351 0
6654935763 0
6655984592 0
6655984593 0
6655984594 0
6655984595 0
6655984597 0
6655984625 0
6655992791 0
6669091345 0
6669091351 0
6669124305 0
6669156881 0
6669156883 0
6669156885 0
6669156886 0
6669156887 0
6669157077 0
6669189136 0
6669189138 0
6669189140 0
6669189142 0
6669189648 0
6669189649 0
6669189650 0
6669189651 0
6669189652 0
6669189653 0
6669189654 0
6669189655 0
6669191184 0
6669191186 0
6669191188 0
6669191190 0
6669191382 0
6669191696 0
6669191697 0
6669191698 0
6669191699 0
6669191700 0
6669191701 0
6669191702 0
6669191703 0
6669191894 0
6670139856 0
6670139858 0
6670139860 0
6670139862 0
6670140243 0
6670140247 0
6670140368 0
6670140369 0
6670140370 0
6670140371 0
6670140372 0
6670140373 0
6670140374 0
6670140375 0
6670140400 0
6670140401 0
6670140402 0
6670140403 0
6670140404 0
6670140406 0
6670172630 0
6670173137 0
6670173139 0
6670173143 0
6670205392 0
6670205777 0
6670205779 0
6670205781 0
6670205783 0
6670205904 0
6670205905 0
6670205906 0
6670207442 0
6670207474 0
6670240208 0
6670240720 0
6670240721 0
6670240722 0
6670240724 0
6670240725 0
6670240727 0
6670240752 0
6670240753 0
6670240756 0
6671812816 0
6672761808 0
6672761809 0
6672761811 0
6672761814 0
6672761815 0
6672794577 0
6672862160 0
6672862161 0
6685868242 0
6685868754 0
6685876434 3
6685876438 0
6685876446 0
6685876883 2
6685876946 3
6685876947 2
6685876950 0
6685876951 3
6685880538 3
6685880542 0
6686917074 0
6686917586 0
6686917587 0
6686917619 0
6686925266 0
6686925270 0
6686925278 0
6686925298 0
6686925651 0
6686925655 0
6686925778 0
6686925779 0
6686925782 0
6686925783 0
6686925810 0
6686925811 0
6686925815 0
6686929242 0
6686929362 0
6686929366 0
6686929370 0
6686929374 0
6686929754 0
6686929883 0
6686958161 0
6686958163 0
6686958419 0
6686961754 0
6686962266 0
6686962267 0
6688497878 0
6688497886 0
6688498390 0
6688498391 0
6688501982 0
6689539026 0
6689539027 0
6689546706 0
6689546710 0
6689547218 0
6689547219 0
6689547222 0
6689547223 0
6689547251 0
6689547255 0
6689550810 0
6689550814 0
6702678739 3
6702686422 0
6702686930 0
6702686931 0
6702686934 0
6702686935 0
6702690526 0
6702752273 0
6702752277 0
6702754321 0
6702754519 0
6703694802 0
6703694803 0
6703694835 0
6703702482 0
6703702486 0
6703702494 0
6703702514 0
6703702994 0
6703702995 0
6703702998 0
6703702999 0
6703703027 0
6703703030 0
6703703031 0
6703706578 0
6703706582 0
6703706586 0
6703706590 0
6703727570 0
6703727571 0
6703727603 0
6703735250 0
6703735254 0
6703735262 0
6703735282 0
6703735635 0
6703735639 0
6703735667 0
6703735762 0
6703735763 0
6703735766 0
6703735767 0
6703735794 0
6703735795 0
6703735799 0
6703736658 0
6703736787 0
6703738970 0
6703739226 0
6703739350 0
6703739354 0
6703739358 0
6703739480 0
6703739482 0
6703739483 0
6703739736 0
6703739738 0
6703768530 0
6703768531 0
6703768535 0
6703770578 0
6703770579 0
6703770582 0
6703770583 0
6703770611 0
6703800786 0
6703800790 0
6703801298 0
6703801299 0
6703801303 0
6703802834 0
6703802838 0
6703803346 0
6703803347 0
6703803350 0
6703803351 0
6703803379 0
6705307858 0
6705308370 0
6705308371 0
6705308375 0
6706316243 0
6706316275 0
6706323922 0
6706323926 0
6706324434 0
6706324435 0
6706324438 0
6706324439 0
6706324466 0
6706324467 0
6706328018 0
6706328026 0
6706328030 0
6706349011 0
6706356690 0
6706356694 0
6706356722 0
6706357202 0
6706357203 0
6706357207 0
6706357234 0
6706357235 0
6706357239 0
6706360794 0
6706389458 0
6706389971 0
6706392019 0
6706424787 0
7130367703 3
7131415505 0
7131415507 0
7131415537 0
7131416529 0
7131416535 0
7134037969 0
7138887383 2
7139804145 0
7139805143 0
7139805175 0
7139935217 0
7139935223 0
7139936209 0
7139936211 0
7139936215 0
7139936241 0
7139936247 0
7142426577 0
7164969939 0
7164969971 0
7164969975 0
7164970963 0
7164970995 0
7165037527 0
7165101011 0
7167591379 0
7167592403 0
7167592435 0
7167722451 0
7167722483 0
7172441811 2
7173359571 0
7173489619 0
7173490643 0
7173490675 0
7173497811 0
7173497843 0
7173498835 0
7173498867 0
7175979987 0
7176112083 0
7176119251 0
7176119283 0
7176120275 0
7176120307 0
7207044945 0
7207044949 0
7239557847 0
7240598483 0
7240598515 0
7240599507 0
7240599539 0
7240606162 0
7240606194 0
7240606674 0
7240606675 0
7240606679 0
7240606706 0
7240606707 0
7240607698 0
7240607699 0
7240607730 0
7240607731 0
7242178770 0
7242179282 0
7242179283 0
7243220947 0
7243227602 0
7243228114 0
7243228115 0
7243228147 0
7243229139 0
7243229171 0
7516209687 0
7516209813 0
7516209877 0
7516340759 0
7516348951 0
7517258453 0
7517258709 0
7517258711 0
7517258741 0
7517258743 0
7518831317 0
7519879893 0
7519880149 0
7519880181 0
7520403991 0
7520404117 0
7520404181 0
7520535063 0
7520543255 0
7521452757 0
7521453013 0
7521453045 0
7521485397 0
7521583829 0
7521584085 0
7521592021 0
7521592277 0
7523025557 0
7524074197 0
7524074453 0
7524074485 0
7524205269 0
7524205525 0
7524205557 0
7524213717 0
7524598485 0
7524729365 0
7524729367 0
7524729493 0
7524729557 0
7524737559 0
7524737685 0
7524737749 0
7524762135 0
7524827669 0
7525647061 0
7525647317 0
7525647349 0
7525778133 0
7525778389 0
7525778421 0
7525786325 0
7525786581 0
7525786613 0
7527359189 0
7528268757 0
7528399829 0
7528408021 0
7528408053 0
7528923671 0
7528931863 0
7528931989 0
7529841621 0
7529841653 0
7529972693 0
7529972725 0
7529980629 0
7529980885 0
7529980917 0
7532594133 0
7532594165 0
7532602325 0
7532602357 0
7549764119 0
7549764247 0
7549895191 0
7549903383 0
7550812887 0
7550813143 0
7550813175 0
7550845527 0
7550913111 0
7550944215 0
7550952407 0
7550976599 0
7550984791 0
7551044183 0
7551052375 0
7553434583 0
7553958423 0
7553958551 0
7554089495 0
7554097687 0
7555007191 0
7555007447 0
7555007479 0
7555039831 0
7555107415 0
7555138519 0
7555170903 0
7555179095 0
7555238487 0
7555246679 0
7558152727 0
7558283799 0
7558291991 0
7558390295 0
7558392343 0
7559234135 0
7559301719 0
7559332823 0
7559332855 0
7559341015 0
7559365207 0
7559373399 0
7559432791 0
7559440983 0
7561962455 0
7562347031 0
7562478103 0
7562486295 0
7562584599 0
7562586647 0
7563428439 0
7563496023 0
7563527127 0
7563559511 0
7563567703 0
7563627095 0
7563635287 0
7591837716 0
7591837718 0
7591838228 0
7591838229 0
7591838231 0
7591845910 0
7591846100 0
7591846423 0
7591846612 0
7591846613 0
7591870484 0
7591870997 0
7591870998 0
7591870999 0
7591936535 0
7592894932 0
7592895444 0
7592895445 0
7592895476 0
7592895477 0
7592919637 0
7592919639 0
7594468053 0
7595516884 0
7595516885 0
7595516917 0
7596040214 0
7596040727 0
7596040917 0
7597089236 0
7597089268 0
7597089748 0
7597089749 0
7597089780 0
7597089781 0
7597093332 0
7597093364 0
7597113941 0
7599711189 0
7625400342 0
7625400854 0
7625400855 0
7625401047 0
7625404438 0
7625433623 0
7625499159 0
7626449879 0
7626449911 0
7628022487 0
7629071318 0
7629071319 0
7629071351 0
7629594646 0
7629595158 0
7629595159 0
7629598742 0
7629627927 0
7629693462 0
7629693463 0
7629697046 0
7630644182 0
7630644183 0
7630644215 0
7630647510 0
7630676054 0
7630676566 0
7630676567 0
7633265623 0
7650427415 0
7650427543 0
7650427607 0
7650460183 0
7650558487 0
7650566679 0
7650591255 0
7650599447 0
7650664983 0
7650689685 0
7651476183 0
7651476437 0
7651476439 0
7651476469 0
7651476471 0
7651738581 0
7653048983 0
7653049047 0
7654097623 0
7654097879 0
7654621719 0
7654654487 0
7654752791 0
7654760983 0
7654785559 0
7654793751 0
7654851095 0
7654859287 0
7654883989 0
7654883991 0
7655670487 0
7655670741 0
7655670743 0
7655670775 0
7655801815 0
7655801847 0
7655810007 0
7655810039 0
7655932631 0
7655932885 0
7655932887 0
7656063703 0
7656063959 0
7656063991 0
7657505431 0
7658291927 0
7658423253 0
7658947095 0
7658955287 0
7658979861 0
7658979863 0
7658988055 0
7659045397 0
7659045399 0
7659053591 0
7659865045 0
7659865047 0
7659865077 0
7659865079 0
7659995863 0
7659996151 0
7660004311 0
7660004343 0
7660266453 0
7663141399 0
7663141589 0
7663149591 0
7663149781 2
7663174167 0
7663182359 0
7663247895 0
7663272597 0
7664190421 0
7664190423 0
7664190455 0
7664198613 0
7664198615 0
7664198647 0
7664321493 0
7664321525 0
7664452567 0
7664452599 0
7664460503 0
7664460757 0
7664460759 0
7664460791 0
7667204631 0
7667270167 0
7667302935 0
7667304983 0
7667335703 0
7667343895 0
7667409431 0
7667434007 0
7667436055 0
7667442199 0
7667444247 0
7667567317 0
7668253653 0
7668286423 0
7668353623 0
7668482647 0
7668515797 0
7668515829 0
7668517845 0
7668616149 0
7671398935 0
7671497239 0
7671499287 0
7671530007 0
7671538199 0
7671628311 0
7671630359 0
7671636503 0
7671638551 0
7671761623 3
7672447957 0
7672447959 0
7672447991 0
7672480727 0
7672611799 0
7672710101 0
7672710103 0
7672710133 0
7672810453 0
7672841173 0
7672873975 0
7672941525 0
7675331543 0
7675732503 0
7675789847 0
7675798039 0
7675822613 0
7675822615 0
7675824661 0
7675824663 0
7675830807 0
7675832855 0
7677035477 0
7677037525 0
7677043669 0
7677144021 0
7679918615 0
7679926807 0
7679984151 0
7679992343 0
7680016917 0
7680016919 0
7680018967 0
7680025111 0
7680027159 0
7680150231 2
7680289495 3
7680836597 0
7680967637 0
7680975829 0
7680975831 0
7680975863 0
7681000407 0
7681008597 0
7681008599 0
7681008629 0
7681008631 0
7681098709 0
7681229781 0
7681229813 0
7681237973 0
7681237975 0
7681238005 0
7681238007 0
7681262551 0
7681262583 0
7681270741 0
7681270743 0
7681270773 0
7681270775 0
7681338325 0
7683630069 0
7683859415 0
7683892213 0
7683981847 0
7683981975 0
7683982039 0
7684014615 0
7684080151 0
7684112919 0
7684113047 0
7684121111 0
7684145687 0
7684153879 0
7684211223 0
7684219415 0
7685030615 0
7685030743 0
7685030775 0
7685030871 0
7685030903 0
7685063255 0
7685063511 0
7685063543 0
7685130839 0
7685161687 0
7685161943 0
7685170135 0
7685170167 0
7685194327 0
7685194583 0
7685202519 0
7685261911 0
7685270103 0
7685293015 0
7686603415 0
7688176151 0
7688208919 0
7688274455 0
7688276503 0
7688307223 0
7688307351 0
7688315415 0
7688339991 0
7688348183 0
7688405527 0
7688407575 0
7688413719 0
7689224919 0
7689225047 0
7689225079 0
7689225175 0
7689257559 0
7689257847 0
7689325143 0
7689356247 0
7689388631 0
7689396823 0
7689456215 0
7689464407 0
7689487063 0
7689487319 0
7689487351 0
7689618391 0
7690928791 0
7692108503 0
7692108759 0
7692239575 0
7692239831 0
7692370455 0
7692370583 0
7692403223 0
7692468759 0
7692501527 0
7692501655 2
7692509719 0
7692509847 3
7692534295 0
7692542487 0
7692599831 0
7692608023 0
7693419223 0
7693419479 0
7693419511 0
7693451863 0
7693550551 0
7693550583 0
7693558487 0
7693558743 0
7693558775 0
7693582935 0
7693591127 0
7693650519 0
7693658711 0
7696180183 0
7696564759 0
7696597527 0
7696663063 0
7696695831 0
7696695959 0
7696704023 0
7696704151 0
7696704215 3
7696728599 0
7696736791 0
7696794135 0
7696796183 0
7696802327 0
7696804375 0
7696966167 0
7696966295 0
7696966359 3
7696998935 0
7697646167 0
7697713751 0
7697744855 0
7697753047 0
7697753079 0
7697777239 0
7697785431 0
7697844823 0
7697853015 0
7697875927 0
7698006999 0
7698015191 0
7698015223 0
7699317399 0
7699325591 0
7699587735 0
7700374487 0
7700636631 0
7700759063 0
7700824599 0
7700857367 0
7700859415 0
7700890135 0
7700898327 0
7700955671 0
7700963863 0
7700988439 0
7700990487 0
7700996631 0
7700998679 0
7701807831 0
7701808087 0
7701808119 0
7701840727 0
7701840759 0
7701840855 0
7701840887 0
7701906007 0
7701906263 0
7701908055 0
7701938903 0
7701939159 0
7701939191 0
7701947351 0
7701971799 0
7701971927 0
7701971959 0
7701980119 0
7702037079 0
7702039127 0
7702045271 0
7702047319 0
7702070231 0
7704429271 0
7704429527 0
7704462295 0
7704560343 0
7704953367 0
7704953495 0
7705018903 0
7705051671 0
7705053719 0
7705084439 0
7705092631 0
7705149975 0
7705158167 0
7705182743 0
7705184791 0
7705190935 0
7705192983 0
7706002135 0
7706002391 0
7706002423 0
7706035031 0
7706035063 0
7706035159 0
7706035191 0
7706100311 0
7706100695 0
7706102359 0
7706133463 0
7706133495 0
7706141655 0
7706141687 0
7706166103 0
7706166231 0
7706166263 0
7706174423 0
7706174455 0
7706231383 0
7706233431 0
7706233559 0
7706239575 0
7706241623 0
7706241751 0
7706264279 0
7706264535 0
7706264567 0
7706332119 0
7706395351 0
7706395607 0
7706395639 0
7706403543 0
7706403799 0
7706495703 0
7706495959 0
7706503895 0
7706504151 0
7708885975 0
7708887767 0
7708953303 0
7709084375 0
7709092567 0
7709147671 0
7709213207 0
7709245975 0
7709248023 0
7709278743 0
7709286935 0
7709344279 0
7709352471 0
7709377047 0
7709379095 0
7709385239 0
7709387287 0
7709649623 0
7710196695 0
7710196727 0
7710229495 0
7710294615 0
7710296663 0
7710327767 0
7710327799 0
7710335959 0
7710335991 0
7710360535 0
7710360567 0
7710368727 0
7710368759 0
7710425687 0
7710427735 0
7710433879 0
7710435927 0
7710458839 0
7710589911 0
7710598103 0
7712949207 0
7712957399 0
7712990167 0
7712990199 0
7713341975 0
7713407511 0
7713440279 0
7713442327 0
7713473047 0
7713481239 0
7713538583 0
7713546775 0
7713571351 0
7713573399 0
7713579543 0
7713581589 0
7713581591 0
7713743511 0
7713778391 0
7713835543 0
7713841687 0
7713843735 0
7713843927 0
7714390999 0
7714488919 0
7714490967 0
7714522071 0
7714522103 0
7714530263 0
7714530295 0
7714554839 0
7714554871 0
7714563031 0
7714563063 0
7714619991 0
7714620375 0
7714622039 0
7714622167 0
7714628183 0
7714628567 0
7714630231 0
7714630359 0
7714784215 0
7714792151 0
7714792407 0
7714792439 0
7714794199 0
7714825175 0
7714859991 0
7714892503 0
7714892759 0
7716102871 3
7716364951 1
7716465303 0
7716465367 0
7717143511 0
7717151703 0
7717184471 0
7717413847 0
7717415639 3
7717448663 0
7717448695 0
7717481175 0
7717506007 0
7717513943 0
7717514199 0
7726055957 0
7726055958 0
7726055959 0
7726064150 0
7726064151 0
7726088724 0
7726088725 0
7726088726 0
7726088727 0
7726096919 0
7726153748 0
7726154260 0
7726154261 0
7726154262 0
7726154263 0
7726156309 0
7726156311 0
7726162454 0
7726162455 0
7727104855 0
7727113173 0
7727113175 0
7727113207 0
7727375316 0
7727375317 0
7727375319 0
7729996757 0
7730258454 0
7730258455 0
7730258645 3
7730283029 0
7730283031 0
7730291223 0
7730348565 0
7730348567 0
7730356759 0
7730520276 0
7730520788 0
7730520789 0
7730520791 2
7731306964 0
7731307477 0
7731307479 0
7731307509 0
7731307511 0
7731569108 0
7731569110 0
7731569620 0
7731569621 0
7731569622 0
7731569623 0
7731569653 0
7731573204 0
7731573206 0
7733142228 0
7733142229 0
7734190548 0
7734191060 0
7734191061 0
7742841367 0
7742898709 0
7742898711 0
7742906903 0
7742930964 0
7742930966 0
7742931476 0
7742931477 0
7742931478 0
7742931479 0
7742933012 0
7742933014 0
7742933524 0
7742933525 0
7742933526 0
7742933527 0
7742939670 0
7742939671 0
7742941718 0
7742941719 0
7743203540 0
7743890389 0
7743923189 0
7743947607 0
7744152020 0
7744152532 0
7744152533 0
7744152535 0
7744152565 0
7744252372 0
7744252885 0
7746511828 0
7746511829 0
7746773460 0
7746773972 0
7746773973 0
7747035670 0
7747035671 0
7747101207 0
7747125781 0
7747125783 0
7747127829 0
7747127831 0
7747133974 0
7747133975 0
7747136022 0
7747136023 0
7747398359 3
7748084693 0
7748084695 0
7748117460 0
7748117461 0
7748117463 0
7748117495 0
7748346324 0
7748346326 0
7748346837 0
7748346839 0
7748346869 0
7748348887 0
7748379605 0
7748379606 0
7748379607 0
7748379637 0
7748379639 0
7748381653 0
7748446676 0
7748447189 0
7748447190 0
7748447191 0
7750705620 0
7750706135 0
7750738901 0
7750968277 0
7750968279 0
7751001045 0
7751001047 0
7759618262 0
7759618270 0
7759618582 0
7759618583 0
7759651350 0
7759651351 0
7759684118 0
7759684119 0
7759716886 0
7759716887 0
7759718935 0
7759720478 0
7759880214 0
7759880406 0
7759880414 0
7759880918 0
7759880919 0
7759884502 0
7759912982 0
7759912990 0
7759913494 0
7759913495 0
7759917078 0
7759917086 0
7759978518 0
7759979030 0
7759979031 0
7759980566 0
7759982622 0
7760667094 0
7760667102 0
7760667126 0
7760667606 0
7760667607 0
7760667638 0
7760667639 0
7760671198 0
7760929238 0
7760929750 0
7760929751 0
7760929783 0
7762239702 0
7762239710 0
7762240215 0
7762501846 0
7763289046 0
7763289047 0
7763289078 0
7763551190 0
7763551191 0
7763812566 0
7763812886 0
7763812887 0
7763813078 0
7763813079 3
7763816478 0
7763845142 0
7763845654 0
7763845655 0
7763878423 0
7763910678 0
7763911190 0
7763911191 0
7763913239 0
7764074710 1
7764075030 0
7764075031 0
7764075158 0
7764075159 0
7764075222 0
7764075223 3
7764078622 0
7764078750 0
7764079134 0
7764079262 0
7764107286 0
7764107798 0
7764107799 0
7764111382 0
7764111390 0
7764111902 0
7764172822 0
7764173334 0
7764173335 0
7764176926 0
7764177438 0
7764861398 0
7764861406 0
7764861910 0
7764861911 1
7764861942 0
7764861943 0
7764865502 0
7764866014 0
7764893782 0
7764894294 0
7764897886 0
7764898398 0
7765123542 0
7765123550 0
7765124054 0
7765124055 0
7765124087 0
7765127390 0
7765127646 0
7765156439 0
7765160030 0
7765160542 0
7766434006 0
7766434014 0
7766434455 0
7766434518 0
7766434519 0
7766696598 3
7766696599 0
7766696662 0
7766696663 0
7766700703 0
7767483351 0
7767483383 0
7767486686 2
7767745494 0
7767745495 0
7767745526 0
7776395798 0
7776395799 0
7776461334 0
7776461335 0
7776493590 0
7776494101 0
7776494102 0
7776494103 0
7776495638 0
7776496149 0
7776496150 0
7776496151 0
7776497694 0
7776658135 0
7776690198 0
7776690902 0
7776690903 0
7776692950 0
7776692951 0
7776696542 0
7776725206 0
7776755734 0
7776756246 0
7776756247 0
7776757782 0
7776757790 0
7776757982 0
7776758294 0
7776758295 0
7776758486 0
7776758487 0
7776759838 0
7776761878 0
7776761886 0
7776762078 0
7777444310 0
7777444695 0
7777444822 0
7777444823 0
7777444855 0
7777448406 0
7777448414 0
7777477495 0
7777477591 0
7777477623 0
7777706454 0
7777706966 0
7777706967 0
7777706999 0
7777710550 0
7777710558 0
7777739222 0
7777739735 0
7777743326 0
7777806934 0
7777807319 0
7777810910 0
7779017430 3
7779017431 0
7779049686 3
7779049694 3
7779050198 3
7779050199 0
7779053790 3
7779279574 0
7779314390 0
7779314391 0
7779346646 0
7779379414 0
7779379422 0
7779379926 0
7779379927 0
7779383518 0
7780065750 0
7780066262 0
7780066263 0
7780066294 0
7780066295 0
7780069846 0
7780069854 0
7780098518 0
7780099030 0
7780099031 0
7780099063 0
7780327894 0
7780328406 0
7780328407 0
7780331998 0
7780399582 0
7780428758 0
7780428759 0
7780589590 0
7780590102 0
7780590103 0
7780590294 0
7780590295 0
7780622550 0
7780623062 0
7780623063 0
7780626654 0
7780655638 0
7780655639 0
7780687894 0
7780688406 0
7780688407 0
7780689942 0
7780690454 0
7780690455 0
7780691998 0
7780694046 0
7780694558 0
7780852246 0
7780852247 0
7780852374 0
7780852375 0
7780852439 0
7780854487 0
7780855838 0
7780858078 0
7780858590 0
7780884694 0
7780884702 0
7780885014 0
7780885015 0
7780885206 0
7780885207 0
7780886742 0
7780887254 0
7780887255 0
7780888798 0
7780890846 0
7780917782 0
7780917783 0
7780919510 0
7780921374 0
7780921886 0
7780950038 0
7780950046 0
7780950550 0
7780950551 0
7780952086 0
7780952094 0
7780952278 0
7780952286 0
7780952598 0
7780952599 0
7780952727 0
7780952790 0
7780952791 0
7780952798 0
7780954134 0
7780954142 0
7780954646 0
7780954654 0
7780956182 0
7780956190 0
7780956374 0
7780956382 0
7780956694 0
7780956702 0
7780956830 0
7780956831 0
7780956886 0
7780956894 0
7781638614 0
7781638742 0
7781638999 0
7781639126 0
7781639127 0
7781639158 0
7781639159 0
7781642718 0
7781643230 0
7781671767 0
7781671894 0
7781671895 0
7781671927 0
7781675478 0
7781675486 3
7781675614 0
7781675998 3
7781675999 3
7781737303 0
7781737430 0
7781737431 0
7781738966 0
7781739095 0
7781739223 0
7781739478 0
7781741022 0
7781741534 0
7781742814 0
7781743062 0
7781743070 0
7781743326 0
7781900758 0
7781900766 0
7781901270 0
7781901271 0
7781901278 0
7781901302 0
7781901303 0
7781902806 0
7781902814 0
7781903318 0
7781903319 3
7781903326 0
7781903351 0
7781904854 0
7781904862 0
7781905366 0
7781905374 0
7781906902 0
7781906910 0
7781907422 0
7781933526 0
7781934038 0
7781934039 0
7781934046 0
7781934070 0
7781934071 0
7781935574 0
7781935582 0
7781936086 0
7781936087 0
7781936094 0
7781936095 0
7781937630 0
7781937654 0
7781938142 0
7781938143 0
7781938166 0
7781939670 0
7781939678 0
7781940182 0
7781940190 0
7781940191 0
7781968854 0
7781968855 0
7781968887 0
7781972446 0
7782000862 0
7782001110 0
7782001118 0
7782001366 0
7782001367 0
7782001374 0
7782001494 0
7782001495 0
7782001622 0
7782001623 0
7782001630 0
7782001631 0
7782003166 0
7782003678 0
7782004958 0
7782005086 0
7782005206 0
7782005214 0
7782005470 0
7782005598 0
7782005718 0
7782005719 0
7782005726 0
7782005727 0
7783211734 1
7783211735 3
7783215326 0
7783244502 0
7783244503 0
7783248094 0
7783473366 0
7783473815 0
7783473879 0
7783475863 0
7783475926 0
7783475927 0
7783506134 0
7783506646 0
7783506647 0
7783508182 0
7783508694 0
7783508695 0
7783510238 0
7783512286 0
7783540950 0
7783541463 0
7783573718 0
7783573726 0
7783574166 3
7783574167 0
7783574174 3
7783574230 0
7783574231 0
7783574238 0
7783577814 0
7783577822 0
7783578270 0
7783578271 0
7783578326 0
7783578334 0
7784260566 0
7784260567 0
7784292822 0
7784293334 0
7784293335 0
7784293367 0
7784296926 0
7784522198 0
7784522710 0
7784522711 0
7784522718 0
7784524246 0
7784524758 0
7784524759 0
7784524766 0
7784526294 0
7784526302 0
7784526806 0
7784526814 0
7784528350 2
7784528854 0
7784528862 0
7784555478 0
7784555479 0
7784557014 0
7784557022 0
7784557526 0
7784557527 0
7784557534 0
7784559070 0
7784561110 0
7784561118 0
7784561622 0
7784561630 0
7784561631 0
7784590039 0
7784590295 0
7784622550 0
7784622558 0
7784622807 0
7784623062 0
7784623063 0
7784623070 0
7784623071 0
7784623095 0
7784626646 0
7784626654 0
7784626911 0
7784627158 0
7784627166 0
7784627167 0
7937051605 0
7937051637 0
7941245911 0
7941245943 0
7982279319 0
7983327959 0
7983328215 0
7984900823 0
7985949399 0
7985949655 0
8015833302 0
8016882646 0
8016882647 0
8045193438 0
8045193942 0
8045193943 0
8046242775 0
8047814870 0
8047814878 0
8047815382 0
8047815383 0
8048863702 0
8049387734 0
8049387742 0
8049388183 0
8049388246 0
8049388247 0
8049388254 0
8049391830 0
8049391838 0
8049392350 0
8050436566 0
8050436574 0
8050436823 0
8050436950 0
8050436951 0
8050437078 0
8050437079 0
8050437086 0
8050437087 0
8050440542 0
8050440662 0
8050440670 0
8050441054 0
8050441055 0
8050441174 0
8050441175 0
8050441182 0
8050441183 0
8052009174 0
8052009182 0
8052009686 0
8052009687 0
8052009694 0
8052013270 0
8052013278 0
8052013782 0
8052013790 0
8053058006 0
8053058014 0
8053058263 0
8053058518 0
8053058519 0
8053058526 0
8053058527 0
8053058551 0
8053061854 0
8053062102 0
8053062110 0
8053062366 0
8053062367 0
8053062614 0
8053062615 0
8053062622 0
8053062623 0
8208632535 3
8209351637 0
8209490903 0
8213677045 0
8213685205 0
8216298485 0
8216306677 0
8217160407 3
8217871319 0
8217879511 0
8217879543 0
8218141653 0
8218141655 0
8238711767 0
8238842839 0
8243037143 0
8243309271 0
8245658583 0
8247231447 0
8247232471 0
8247239639 0
8247239671 0
8247304791 0
8247307863 0
8247502807 0
8247502839 0
8249861079 0
8251425751 0
8251425783 0
8251426775 0
8251426807 0
8251433943 0
8251433975 0
8251434967 0
8251434999 0
8251499095 0
8251502167 0
8251695831 0
8251696087 0
8251696119 0
8251697111 0
8251697143 0
8251697879 0
8251699159 3
8251763671 0
8254047191 0
8254055127 0
8254055383 0
8254055415 0
8254056407 0
8254056439 0
8254310359 0
8254318551 0
8254318583 0
8254386135 0
8284988373 0
8284988374 0
8284988375 0
8284988405 0
8284991956 0
8285250004 0
8285250036 0
8285250516 0
8285250517 0
8285250519 0
8285250548 0
8285250549 0
8285251543 0
8285254100 0
8285254132 0
8285318102 0
8287609813 0
8313299671 0
8314348375 0
8314348502 0
8314348503 0
8314348535 0
8314416727 0
8314611670 0
8314611671 0
8314611702 0
8314611703 0
8315921110 0
8315921111 0
8316969943 0
8317756118 0
8317756119 0
8317757143 0
8317757654 0
8317758166 0
8317758167 0
8317761758 0
8317823190 0
8317823702 0
8317823703 0
8317824726 0
8317824727 0
8317827286 0
8317827294 0
8317827806 0
8317828830 0
8318542679 0
8318542806 0
8318542807 0
8318542838 0
8318542839 0
8318543830 0
8318543831 0
8318543863 0
8318546398 0
8318546910 0
8318610390 0
8318804950 0
8318804951 0
8318804983 0
8318805974 0
8318805975 0
8318806007 0
8318806998 0
8318806999 0
8318807006 0
8318808022 0
8318808023 1
8318808542 0
8318808566 0
8318808574 0
8318809054 0
8318809086 0
8318809566 0
8318809598 0
8318810078 0
8318810110 0
8318810590 0
8318811094 0
8318811102 0
8318812126 0
8318812127 0
8318872022 0
8318872030 0
8318872534 0
8318872535 0
8318872542 0
8318872543 0
8318873558 0
8318873559 0
8318873566 0
8318873567 0
8318875998 0
8318876118 0
8318876126 0
8318876510 0
8318876630 0
8318876638 0
8318876639 0
8318877150 0
8318877662 0
8318877663 0
8320115415 0
8320379102 0
8320379606 0
8320379607 0
8320383198 0
8320444630 0
8320444638 0
8320445142 0
8320445143 0
8320445150 0
8320446166 0
8320448726 0
8320448734 0
8320449238 0
8320449246 0
8320449758 0
8321164247 0
8321164279 0
8321165271 0
8321165303 0
8321427414 0
8321427415 0
8321427446 0
8321427447 0
8321427926 0
8321428438 0
8321428439 0
8321428471 0
8321428950 0
8321429462 0
8321432022 0
8321432030 0
8321432062 0
8321432534 0
8321432542 0
8321433054 0
8321433086 0
8321433566 0
8321493462 0
8321493470 0
8321493494 0
8321493719 0
8321493974 0
8321493975 0
8321494006 0
8321494007 0
8321494999 0
8321495031 0
8321497558 0
8321497566 0
8321497590 0
8321497598 0
8321498070 0
8321498078 0
8321498590 0
8321498622 0
8478116565 0
8478116567 0
8511802071 0
8511802327 0
8511810263 0
8520198871 0
8520199127 0
8522820311 0
8522820567 0
8552704727 3
8584686295 0
8586258646 0
8586258654 0
8586259158 0
8586259159 0
8586259166 0
8586260183 0
8586262742 0
8586262750 0
8586263254 0
8586263262 0
8586264286 0
8587307478 0
8587307486 0
8587307735 0
8587307862 0
8587307863 0
8587307990 0
8587307991 0
8587307998 0
8587309015 0
8587309023 0
8587311454 0
8587311574 0
8587311582 0
8587311966 0
8587312086 0
8587312094 0
8587312095 0
8587312606 0
8587313110 0
8587313111 0
8587313118 0
8587313119 0
8588880086 0
8588880094 0
8588880598 0
8588880599 0
8588880606 0
8588880607 0
8588884182 0
8588884190 0
8588884694 0
8588884702 0
8588885214 0
8588885726 0
8589928670 0
8589928918 0
8589928926 0
8589929175 0
8589929430 0
8589929431 0
8589929438 0
8589932766 0
8589933014 0
8589933022 0
8589933279 0
8589933526 0
8589933527 0
8589933534 0
8589933535 0
8589934046 0
8589934558 0
13112691158 0
13146257882 0
13148879322 0
13649562068 0
14223145182 0
14223407326 0
14224194014 0
14224455902 0
14224456158 0
14225766622 0
14226028766 0
14226815454 0
14227077598 0
14490265822 0
14491838678 0
14491838686 0
14491842782 0
14492887510 0
14492887518 0
14492891606 0
14492891614 0
14494460118 0
14494460126 0
14494464222 0
14495508950 0
14495508958 0
14495513046 0
14495513054 0
14761327070 0
15028709590 0
15028709598 0
15028710622 0
15028713686 0
15028713694 3
15028714710 0
15028714718 3
15029758422 0
15029758430 0
15029758454 0
15029759454 0
15029762398 0
15029762518 0
15029762526 0
15029763550 0
15031331030 0
15031331038 0
15031332054 0
15031332062 0
15031335134 0
15031336158 3
15032379862 0
15032379870 0
15032383710 0
15032383958 0
15032383966 0
15032384990 0
15218101203 0
15225572051 0
15225580243 0
15226629075 0
15226629079 0
15228193495 0
15228201683 0
15228201687 0
15229250515 0
15229250519 0
15259126289 0
15259126295 0
15260175312 0
15260175313 0
15260175315 0
15260175316 0
15260175317 0
15260175319 0
15260175344 0
15260175345 0
15260175349 0
15262796240 0
15292688598 0
15292692698 2
15293737938 0
15293737939 0
15293737943 0
15293741530 0
15295310551 0
15296359379 0
15296359383 0
15720368849 3
15728757457 3
15753923283 3
15754972115 0
15754972119 0
15756675795 0
15762442963 0
15762442967 0
15762451155 2
15762451159 2
15763491795 0
15763492823 0
15763499987 0
15763499991 0
15765072599 0
15766121427 0
15766121431 0
15795997393 2
15797045716 0
15797046225 0
15797046228 0
15797046229 0
15797046260 0
15829560019 3
15829560023 1
15830608851 0
15830608854 0
15830608855 0
15830608883 0
15830609875 0
15832181459 0
15833230291 0
16283594327 0
16287788631 0
16300371543 0
16304564951 0
16304565207 0
16304565847 0
16304827095 0
16370887382 0
16370887383 0
16370890974 0
16370891486 0
16371677662 0
16371935959 0
16371936214 0
16371936215 0
16371936223 0
16371939806 0
16371940319 0
16373508822 0
16373508823 3
16373512414 0
16373512926 0
16374557655 0
16374561246 0
16374561502 0
16374561758 0
16564734679 0
16564734967 0
16564865751 0
16564873943 0
16569068503 0
16573262551 0
16573262807 0
16574835415 0
16575883991 0
16575884247 0
16635128030 0
16635128535 0
16635132126 0
16636177367 0
16637749462 0
16637749470 0
16637749975 0
16637753566 0
16639322326 0
16639322334 0
16639322838 0
16639322839 0
16639322846 0
16639326430 0
16639326934 0
16639326942 0
16640371158 0
16640371166 0
16640371415 0
16640371543 0
16640371670 0
16640371671 0
16640371678 0
16640371679 0
16640375254 0
16640375262 0
16640375646 0
16640375647 0
16640375766 0
16640375767 0
16640375774 0
16640375775 0
16641943766 0
16641943774 0
16641944278 0
16641944279 0
16641944286 0
16641947870 0
16641948374 0
16641948382 0
16642992598 0
16642992606 0
16642992855 0
16642993110 0
16642993111 0
16642993118 0
16642996446 0
16642996694 0
16642996702 0
16642996958 0
16642997206 0
16642997207 0
16642997214 0
16642997215 0
16836184791 0
16836192983 0
16837241431 0
16840649431 0
16841435735 0
16841436119 0
16841698135 0
16841698263 0
16841699287 0
16843270871 0
16844319703 0
16844320727 0
16904350295 0
16904350679 0
16905923287 0
16906972119 0
16907496150 0
16907496151 0
16907758295 0
16907759319 0
16907762398 0
16907762399 0
16907763422 0
16907763423 0
16908544599 0
16908544983 0
16908806999 0
16908807127 0
16908807135 0
16908808151 0
16908808159 0
16908810718 0
16908811102 0
16908811103 0
16908811230 0
16908811231 0
16908812254 0
16908812255 0
16910117590 0
16910117591 0
16910379222 0
16910379230 0
16910379734 3
16910379735 0
16910379742 0
16910379743 0
16910380758 0
16910380759 0
16910380767 0
16910383838 0
16910383839 0
16910384862 0
16910384863 0
16911166423 0
16911428567 0
16911428574 0
16911428575 0
16911429591 0
16911432158 0
16911432663 0
16911432670 0
16911432671 0
16911433694 0
16911433695 0
17063857109 0
17063857141 0
17068051413 0
17068051415 0
17068051445 0
17068051447 0
17075530453 0
17075530455 3
17075531477 0
17076572117 0
17076579285 0
17076579287 0
17076580309 0
17097411543 0
17097411575 0
17101605847 0
17101736663 0
17101744855 0
17101745111 0
17104366295 0
17107512023 0
17109084887 0
17109085911 3
17109085919 0
17109090007 0
17109090015 0
17110125271 0
17110125527 0
17110126551 0
17110133463 0
17110133591 0
17110133719 0
17110133727 0
17110134743 0
17110138839 0
17110138847 0
17111706327 0
17111707351 3
17111711455 0
17112754903 0
17112755159 0
17112755191 0
17112756183 0
17112760287 0
17142639319 3
17142640341 0
17143688149 0
17143689173 0
17171999447 0
17173048278 0
17174620887 0
17174621911 2
17176193238 0
17176193246 0
17176193750 0
17176193751 0
17176193758 0
17176193759 0
17176194270 0
17176194774 3
17176194775 3
17176194782 0
17176194783 0
17176197334 0
17176197342 0
17176197846 0
17176197847 0
17176197854 1
17176197855 0
17176198366 1
17176198870 0
17176198871 0
17176198878 0
17176198879 0
17177242070 0
17177242078 0
17177242326 0
17177242327 0
17177242455 0
17177242582 0
17177242583 0
17177242590 0
17177242591 0
17177243102 0
17177243479 0
17177243606 0
17177243607 0
17177243614 0
17177243615 0
17177246046 0
17177246166 0
17177246174 0
17177246430 0
17177246558 0
17177246559 0
17177246678 0
17177246679 0
17177246686 0
17177246687 0
17177247190 0
17177247198 0
17177247702 0
17177247703 0
17177247710 0
17177247711 0
17178814678 3
17178814686 0
17178815190 0
17178815191 0
17178815198 0
17178815199 0
17178815702 3
17178815710 0
17178816214 3
17178816215 3
17178816222 0
17178816223 0
17178818774 2
17178818782 1
17178819286 0
17178819294 0
17178819295 0
17178819798 3
17178819806 3
17178820318 0
17178820319 0
17179863262 0
17179863510 0
17179863518 0
17179863767 0
17179864022 0
17179864023 0
17179864030 0
17179864031 0
17179864542 0
17179865046 0
17179865047 0
17179865054 0
17179865055 0
17179867358 0
17179867606 0
17179867614 0
17179867870 0
17179867871 0
17179868118 0
17179868119 0
17179868126 0
17179868127 0
17179868630 0
17179868638 0
17179869142 0
17179869143 0
17179869150 0
17179869151 0

# Neuron 8: 3144 entries
# Connections: [344, 227, 5, 217, 30, 53, 317, 129, 20, 30, 24, 275, 172, 275, 75, 314, 14, 130, 94, 205, 215, 332, 142, 83, 347, 66, 104, 232, 172, 123, 26, 240, 99, 316]
0 0
16384 0
20480 0
28672 0
282625 3
5242880 0
5259264 0
5263360 0
5271552 0
5505024 0
7602208 0
7602209 0
33570816 0
41943040 0
41943048 0
41947136 0
41947144 0
41959424 0
41959432 0
41963520 3
41963528 0
41967616 0
41967624 0
41971712 0
41971720 0
42221568 0
42221569 0
42221576 0
42221577 0
42225664 0
42225665 0
42225672 0
42225673 0
42229760 0
42229761 0
42229768 0
42229769 0
42233856 0
42233857 0
42233864 0
42233865 0
47185920 0
47185928 0
47190024 0
47202304 0
47202312 0
47206400 3
47206408 0
47210496 0
47210504 0
47214592 0
47214600 0
47464448 0
47464456 0
47464457 0
47468544 0
47468545 0
47468552 0
47468553 0
47472648 0
47472649 0
47476736 0
47476737 0
47476744 0
47476745 0
49561641 0
49565728 3
49565729 3
49565737 0
49573920 0
49573921 0
49573928 0
49573929 0
67125248 0
67129344 0
67190784 0
67194880 3
67993602 0
67994882 0
72368128 0
72421376 0
72634368 0
72974336 0
72974338 0
72975362 0
74731552 0
75334691 0
109051912 0
109056008 0
109068296 0
109072392 0
109076480 0
109117440 0
109117448 0
109121544 0
109133824 0
109133832 0
109135872 2
109137928 0
109142016 0
109142024 0
109146120 0
109379584 3
109379585 3
109395968 0
109395969 0
109395976 0
109395977 0
109400072 0
109400073 0
109404160 0
109404161 0
109404168 0
109404169 0
109408264 0
114294784 3
114294792 0
114298880 3
114298888 0
114311168 0
114311176 0
114315264 3
114315272 0
114319360 0
114319368 0
114323456 0
114323464 0
114364424 0
114376712 0
114380808 0
114384904 0
114389000 0
114556928 2
114573312 0
114573313 0
114573320 0
114573321 0
114577408 3
114577416 0
114577417 0
114581504 0
114581505 0
114581512 0
114581513 0
114585608 0
114585609 0
114638856 0
114638857 0
114642952 0
114642953 0
114647048 0
114647049 0
114651144 0
114651145 0
114918666 0
115179528 0
116461608 0
116670497 0
116670505 0
116674592 3
116674593 3
116674600 0
116674601 0
116678697 0
116682792 0
116682793 0
116719656 0
116723752 0
116723753 0
116736041 0
116740136 0
116740137 0
116744233 0
116748328 0
116748329 0
136577057 0
141819937 1
141840417 0
141848609 0
176439297 0
176439305 0
176443393 0
176443401 0
176447489 0
176447497 0
176451585 0
176451593 0
178536481 0
178536489 0
178540577 1
178540585 0
178544673 0
178544681 0
178548769 0
178548777 0
181686273 0
181686281 0
181694465 0
183762985 0
183767073 0
183767081 0
183779361 0
183779369 0
183783457 1
183783465 0
183783473 0
183783481 0
183787553 0
183787561 0
183791649 0
183791657 0
183791673 0
202212611 0
204309539 0
243613697 0
243613705 0
243621889 0
243621897 0
245710881 0
245710889 0
245712937 0
245714977 3
245714985 0
245717033 0
245719073 0
245719081 0
245721129 0
245723177 0
248799241 0
248840201 0
248860681 0
250871841 0
250871849 0
250888225 0
250888233 0
250888241 0
250888249 0
250892321 3
250892329 0
250896417 0
250896425 0
250896441 0
250900521 0
250937385 0
250941481 0
250941497 0
250943529 0
250953769 0
250957865 0
250957881 0
250959913 0
250961961 0
250966049 0
250966057 0
251494441 0
595591176 0
595595272 0
595607560 0
595611656 0
595615752 0
595619848 0
595853320 0
595853321 0
595857416 0
595857417 0
595869704 0
595869705 0
595873800 0
595873801 0
595877896 0
595877897 0
595881992 0
600834056 0
600838152 0
600850440 0
600854536 0
600858632 0
600862728 0
601096200 0
601100296 0
601100297 0
601112584 0
601112585 0
601116680 0
601116681 0
601120776 0
601124872 0
603197480 0
603197481 0
603209769 0
603213864 0
603213865 0
603222057 0
662700040 0
662704136 0
662716424 0
662765576 0
662769672 0
662771720 0
662781960 0
662784008 0
662786056 0
662788104 0
662790152 0
662792200 0
662794248 0
662796296 0
663027720 0
663027721 0
663031816 0
663031817 0
663044104 0
663044105 0
663046152 0
663046153 0
663048200 0
663052296 0
663052297 0
667942920 0
667947016 0
667959304 0
667963400 0
667967496 0
668008456 0
668012552 0
668014600 0
668024840 0
668028936 0
668030984 0
668033032 0
668035080 0
668037128 0
668205064 0
668205065 0
668209160 0
668221448 0
668221449 0
668225544 0
668225545 0
668229640 0
668270600 0
668274696 0
668286984 0
668286985 0
668291080 0
668291081 0
668299272 0
670105640 0
670109736 0
670302249 0
670306344 0
670306345 0
670318633 0
670322728 0
670322729 0
670330920 0
670367784 0
670367785 0
670371880 0
670371881 0
670384169 0
670388264 0
670388265 0
730071049 0
730075145 0
730087433 0
730091529 0
730095625 0
732168233 0
732172329 0
732184617 0
732188713 0
732192809 0
732196905 0
737411113 0
737415209 0
737415225 0
737427497 0
737431593 0
737435689 0
737439785 0
797245449 0
797261833 0
797263881 0
797270025 0
799277097 0
799342633 0
799344681 0
799346729 0
799348777 0
799359017 0
799361065 0
799363113 0
799365161 0
799367209 0
799369257 0
802422793 0
804519977 0
804524073 0
804536361 0
804540457 0
804544553 0
804548649 0
804585513 0
804589609 0
804601897 0
804605993 0
804614185 0
931219464 0
931469321 0
936445960 0
936450056 0
936466440 0
1067784233 0
1067800617 0
5505286245 0
5510529061 0
5510529077 0
5510529125 0
5510529141 0
5547245605 1
5547245613 0
5547245669 0
5547249701 3
5547249765 3
5547253797 0
5547253861 0
5547253869 0
5552476277 3
5552492581 0
5552492589 0
5552492597 3
5552492605 0
5552492661 3
5552500773 0
5552500789 0
5552500797 0
5614338149 2
5614403693 0
5614407789 0
5614420005 2
5614420013 0
5614420069 3
5614420077 0
5614428197 0
5614428205 0
5614428261 0
5614428269 0
5619585141 3
5619597349 0
5619597357 0
5619597365 3
5619597373 0
5619597429 3
5619601445 3
5619601461 3
5619601525 3
5619609725 0
5619646509 0
5619646589 0
5619650605 0
5619650621 0
5619650669 0
5619650685 0
5619662893 0
5619662909 0
5619662973 0
5619666989 0
5619667005 0
5619667069 0
5619669053 0
5619671101 0
5619671149 0
5619671165 0
5619675181 0
5619675189 0
5619675197 0
5619675261 0
5620203645 0
6100893741 0
6106140717 0
6106140733 0
6173294637 0
6173298733 0
6173298749 0
6173298797 0
6173298813 0
6173311037 0
6173311101 0
6173315117 0
6173315181 0
6173315197 0
6173317165 2
6173317181 0
6173317245 0
8589950976 0
8589951488 1
8589959680 0
8590508032 3
8590508544 0
8595193856 0
8595194368 0
8595198464 3
8595202560 0
8595718656 3
8595751424 0
8595755520 0
8595759616 0
8595763712 0
8624062464 3
8629305856 0
8631877632 0
8631877640 0
8631878144 0
8631878152 0
8631894016 0
8631894024 0
8631894528 3
8631894536 0
8631898624 3
8631902208 0
8631902216 0
8631902720 0
8631902728 0
8632139776 0
8632139784 0
8632139785 0
8632140296 0
8632140297 0
8632156160 0
8632156161 0
8632156168 0
8632156169 0
8632156672 0
8632156673 0
8632156680 0
8632156681 0
8632164353 0
8632164360 0
8632164361 0
8632164864 0
8632164865 0
8632164872 0
8632164873 0
8632422920 0
8632451080 3
8632451592 0
8632459784 0
8632680961 0
8632713216 0
8632713224 0
8632713225 0
8632721408 0
8632721409 0
8632721416 0
8632721417 0
8637120520 0
8637121024 3
8637121032 0
8637124616 0
8637125128 0
8637136896 0
8637136904 0
8637137408 0
8637137416 0
8637141504 3
8637141512 0
8637145096 0
8637145600 0
8637145608 0
8637149704 0
8637382664 0
8637383176 0
8637383177 0
8637387272 0
8637399040 0
8637399048 0
8637399552 0
8637399553 0
8637399560 0
8637399561 0
8637403144 0
8637403648 0
8637403649 0
8637403656 0
8637403657 0
8637407240 0
8637407744 0
8637407752 0
8637407753 0
8637411840 0
8637411848 0
8637411849 0
8637661696 3
8637661704 3
8637665800 0
8637694464 0
8637694472 0
8637698056 0
8637698560 2
8637698568 0
8637702656 0
8637702664 0
8637923840 0
8637927936 0
8637927944 0
8637956616 0
8637960200 0
8639222312 0
8639246888 0
8639479848 0
8639479849 0
8639480353 0
8639480360 0
8639480361 0
8639484456 0
8639484457 0
8639496233 0
8639496736 0
8639496737 0
8639496745 0
8639500832 0
8639500833 0
8639500840 0
8639500841 0
8639504929 0
8639504937 0
8639509025 0
8639509032 0
8639509033 0
8640025120 0
8640025121 0
8640025129 0
8640057377 0
8640057385 0
8657125376 2
8657125888 3
8657129472 3
8657616896 3
8657617408 0
8657666048 0
8657666050 0
8657666560 0
8657666562 0
8657667074 0
8657667330 0
8657667458 0
8657667586 0
8657667842 0
8657667970 0
8657670656 0
8657670658 0
8657682432 0
8657928192 0
8657928193 0
8657928194 0
8657928195 0
8657928704 0
8657928705 0
8657928706 0
8657928707 0
8657929218 0
8657929219 0
8657929474 0
8657929475 0
8657929602 0
8657929603 0
8657929730 0
8657929731 0
8657929986 0
8657929987 0
8657930114 0
8657930115 0
8662303232 0
8662307328 3
8662372352 3
8662372864 2
8662859776 0
8662860288 0
8662908928 0
8662908930 0
8662909440 0
8662909442 0
8662910466 0
8662910722 0
8662910850 0
8662913536 0
8662913538 0
8662914562 0
8662914818 0
8662914946 0
8663171584 0
8663171586 0
8663172610 0
8663172611 0
8663172866 0
8663172994 0
8663175680 0
8663175682 0
8663175683 0
8663176706 0
8663176962 0
8663177090 0
8665010720 0
8665010722 0
8665011746 0
8665012002 0
8665012130 0
8665268768 0
8665268769 0
8665268770 0
8665268771 0
8665269794 0
8665269795 0
8665270050 0
8665270051 0
8665270178 0
8665270179 0
8665272864 0
8665272865 0
8665272866 0
8665272867 0
8665273890 0
8665273891 0
8665274146 0
8665274147 0
8665274274 0
8665274275 0
8691171328 3
8698987016 0
8699003392 3
8699003400 0
8699052040 0
8699052552 0
8699068424 0
8699068936 0
8699070976 3
8699249152 2
8699249161 0
8699265544 0
8699265545 0
8699273736 0
8699273737 0
8699330568 0
8699331081 0
8699338761 0
8699339272 0
8699559936 0
8699559944 3
8699560448 2
8699560456 0
8699568640 0
8699568648 0
8699609088 0
8699609096 0
8699609600 2
8699609602 0
8699609608 0
8699610370 0
8699610506 0
8699625472 0
8699625480 0
8699625992 0
8699626882 3
8699626890 0
8699627402 0
8699633664 0
8699633672 0
8699871232 0
8699871240 0
8699871241 0
8699871745 3
8699871752 0
8699871753 0
8699887616 0
8699887617 0
8699887624 0
8699887625 0
8699888136 0
8699888137 0
8699889546 0
8699889547 0
8699895808 0
8699895809 0
8699895816 0
8699895817 0
8699897226 0
8704229888 3
8704229896 0
8704233984 3
8704233992 0
8704245768 0
8704249864 0
8704250376 0
8704254472 0
8704258568 0
8704294920 0
8704299528 0
8704311304 0
8704315400 0
8704315904 3
8704315912 0
8704319496 0
8704324104 0
8704492032 3
8704492040 0
8704492041 0
8704496128 0
8704496136 0
8704507912 0
8704507913 0
8704508416 0
8704508417 0
8704508424 0
8704508425 0
8704512008 0
8704512520 0
8704516616 0
8704520200 0
8704520712 0
8704561672 0
8704561673 0
8704573448 0
8704573960 0
8704577544 0
8704577545 0
8704578048 0
8704578049 0
8704578056 0
8704578057 0
8704581640 0
8704586240 0
8704586241 0
8704586248 0
8704586249 0
8704786440 0
8704786944 1
8704786952 0
8704790536 0
8704791048 0
8704802816 3
8704802824 0
8704803328 0
8704803336 0
8704806912 2
8704806920 0
8704807432 0
8704811008 0
8704811016 0
8704811520 0
8704811528 0
8704840200 0
8704851976 0
8704852480 3
8704852488 0
8704852490 0
8704853514 0
8704853770 0
8704853890 0
8704854538 0
8704855434 0
8704855946 0
8704856584 0
8704856586 0
8704857610 0
8704857866 0
8704858634 0
8704860042 0
8704868360 0
8704868872 0
8704869378 0
8704869762 3
8704869770 0
8704872322 2
8704872456 0
8704872968 0
8704873730 0
8704873858 1
8704873866 0
8704874370 0
8704874378 0
8704876418 0
8704876552 0
8704877954 0
8704880648 0
8704881160 0
8704881930 0
8704882058 0
8704882442 0
8704882562 0
8704882570 0
8705048584 0
8705048585 0
8705049088 2
8705049096 0
8705049097 0
8705064960 0
8705064961 0
8705064968 0
8705064969 0
8705065472 0
8705065480 0
8705065481 0
8705069064 0
8705069576 0
8705073152 0
8705073160 0
8705073161 0
8705073664 0
8705073672 0
8705073673 0
8705102336 0
8705102344 0
8705102345 0
8705114120 0
8705114624 3
8705118728 0
8705118729 0
8705130504 0
8705130505 0
8705131016 0
8705131531 0
8705131906 2
8705134600 0
8705134601 0
8705135112 0
8705135113 0
8705136010 0
8705136514 0
8705138696 0
8705138697 0
8705142792 0
8706331176 0
8706589217 2
8706589224 0
8706589225 0
8706593320 0
8706593321 0
8706605097 0
8706605609 0
8706613801 0
8706658857 0
8706670632 0
8706670633 0
8706675232 0
8706675233 0
8706675240 0
8706675241 0
8706678825 0
8706683424 0
8706683425 0
8706683432 0
8706683433 0
8707145768 0
8707145769 0
8707146280 0
8707146281 0
8707150376 0
8707150377 0
8707162145 0
8707162153 0
8707162657 0
8707162664 0
8707162665 0
8707166249 0
8707166761 0
8707170345 0
8707170849 0
8707170857 0
8707199528 0
8707199529 0
8707211305 0
8707211817 0
8707213865 0
8707215912 0
8707215913 0
8707219370 0
8707227688 0
8707227689 0
8707228715 0
8707231784 0
8707231785 0
8707232297 0
8707233194 0
8707233698 0
8707233699 0
8707233706 0
8707233707 0
8707235881 0
8707239976 0
8707239977 0
8707241891 0
8707241898 0
8732340769 0
8766357513 0
8766373889 0
8766373897 0
8766374401 0
8766374409 0
8766382081 0
8766382089 0
8766382593 0
8766382601 0
8766898689 0
8766930945 0
8766930953 0
8766939145 0
8768454689 0
8768454697 0
8768455201 0
8768455209 0
8768471073 0
8768471081 0
8768471585 0
8768471593 0
8768479265 0
8768479273 0
8768479777 0
8768479785 0
8768995873 0
8768995881 0
8769028129 0
8769028137 0
8769036321 0
8769036329 0
8771617281 0
8771617289 0
8772177929 0
8773697577 0
8773698081 0
8773698089 0
8773702185 0
8773713953 0
8773713961 0
8773714465 0
8773714473 0
8773718049 0
8773718057 0
8773718561 0
8773718569 0
8773718577 0
8773718585 0
8773722145 0
8773722153 0
8773722657 0
8773722665 0
8773726241 0
8773726753 0
8773726761 0
8773726769 0
8773726777 0
8774242849 0
8774242857 0
8774242865 0
8774242873 0
8774271529 0
8774275105 0
8774275113 0
8774275617 0
8774275625 0
8774275633 0
8774279713 0
8774283809 0
8792145921 0
8792145923 0
8792146433 0
8792146435 0
8792146947 0
8792147203 0
8792147331 0
8792147459 0
8792147715 0
8792147843 0
8794243105 0
8794243107 0
8794243617 0
8794243619 0
8794244131 0
8794244387 0
8794244515 0
8794244643 0
8794244899 0
8794245027 0
8798883873 2
8799486497 0
8799486499 0
8799487523 0
8799487779 0
8799487907 0
8799490593 0
8799490595 0
8799491619 0
8799491875 0
8799492003 0
8833466889 0
8833483265 0
8833483273 0
8834088969 0
8834089481 0
8834091529 0
8834105345 0
8834105353 0
8834113537 0
8834113545 0
8835564065 0
8835564073 0
8835580449 0
8835580457 0
8835588649 0
8835645481 0
8835645993 0
8835653673 0
8835654185 0
8836186145 0
8836186153 0
8836186155 0
8836186665 0
8836187563 0
8836187947 0
8836188075 0
8836188201 0
8836202529 0
8836202537 0
8836203049 0
8836203939 2
8836204323 0
8836204459 0
8836210721 0
8836210729 0
8836211241 0
8836212003 0
8836212011 0
8836212139 0
8839283209 0
8839349259 0
8840806945 0
8840806953 0
8840811049 0
8840822825 0
8840823329 0
8840823337 0
8840827425 3
8840827433 0
8840831017 0
8840831521 0
8840831529 0
8840835113 0
8840835625 0
8840872489 0
8840876585 0
8840888353 0
8840888361 0
8840888873 0
8840892449 0
8840892457 0
8840892961 3
8840892969 0
8840896553 0
8840897065 0
8840900649 0
8840901153 0
8840901161 0
8841363497 0
8841364001 2
8841364009 0
8841367593 0
8841368105 0
8841379873 0
8841379881 0
8841380385 0
8841380393 0
8841384481 0
8841384489 0
8841388065 0
8841388073 0
8841388577 0
8841388585 0
8841417257 0
8841429033 0
8841429537 3
8841429545 0
8841429547 0
8841430443 0
8841430571 0
8841430827 0
8841430947 1
8841430955 0
8841431593 0
8841432491 0
8841433129 0
8841433641 0
8841433643 0
8841434411 0
8841434539 0
8841434923 0
8841435043 1
8841435051 0
8841445409 0
8841445417 0
8841445433 0
8841445929 0
8841446443 0
8841446819 3
8841446827 0
8841449505 0
8841449513 0
8841449515 0
8841449529 0
8841450017 0
8841450025 0
8841450041 0
8841450923 0
8841451067 0
8841451307 0
8841451427 0
8841451435 0
8841451451 0
8841453601 0
8841453609 0
8841454121 0
8841455019 0
8841457697 0
8841457705 0
8841458217 0
8841459107 0
8841459619 0
8841459627 0
8841459635 0
9185525768 0
9185526280 0
9185530376 0
9185542152 0
9185542664 0
9185546760 0
9185550344 0
9185550856 0
9185788425 0
9186082824 0
9186099208 3
9186099720 0
9186107400 0
9186361352 0
9190768648 0
9190769160 0
9190772744 0
9190773256 0
9190785032 0
9190785544 0
9190789128 0
9190789640 0
9190793224 0
9190793736 0
9190797320 0
9190797832 0
9191030792 0
9191030793 0
9191031304 0
9191031305 0
9191034888 0
9191035400 0
9191035401 0
9191047176 0
9191047177 0
9191047688 0
9191047689 0
9191051272 0
9191051784 0
9191051785 0
9191055368 0
9191055369 0
9191055880 0
9191059976 0
9191309832 3
9191313416 0
9191325704 0
9191329800 0
9191330312 0
9191342088 0
9191342600 0
9191346184 0
9191346696 0
9191350792 0
9191354376 0
9191587848 0
9191591944 0
9191591945 0
9191592456 0
9191604232 0
9191604744 0
9191608328 0
9191608329 0
9191608840 0
9192886824 0
9193127977 0
9193128488 0
9193128489 0
9193132073 0
9193132584 0
9193132585 0
9193144360 0
9193144361 0
9193144872 0
9193144873 0
9193148457 0
9193148968 0
9193148969 0
9193152553 0
9193157161 0
9193443880 0
9193689129 0
9193689640 0
9193689641 0
9193705513 0
9193706024 0
9193706025 0
9252635144 0
9252651528 0
9252700168 0
9252700680 0
9252702728 0
9252704264 0
9252716552 0
9252719112 0
9252720648 0
9252724744 0
9252725256 0
9252726792 0
9252727304 0
9253159432 0
9253192200 0
9253208072 3
9253208584 0
9253216776 0
9253257224 0
9253257736 0
9253259272 0
9253261320 0
9253273608 0
9253275018 0
9253275656 0
9253277704 0
9253281800 0
9253283848 0
9253519368 0
9253519369 0
9253519880 0
9253535752 0
9253535753 0
9257877512 0
9257878024 0
9257881608 0
9257882120 0
9257893896 0
9257894408 0
9257897992 0
9257898504 0
9257902088 0
9257943048 0
9257943560 0
9257945096 0
9257945608 0
9257947144 0
9257947656 0
9257949192 0
9257949704 0
9257959432 0
9257959944 0
9257961480 0
9257961992 0
9257963528 0
9257964040 0
9257965576 0
9257966088 0
9257967624 0
9257968136 0
9257969672 0
9257970184 0
9257971720 0
9257972232 0
9257973768 0
9258143752 0
9258156040 0
9258156552 0
9258160136 0
9258205192 0
9258205193 0
9258205704 0
9258209288 0
9258209289 0
9258209800 0
9258221576 0
9258221577 0
9258222088 0
9258223624 0
9258225672 0
9258226184 0
9258229768 0
9258233864 0
9258402312 0
9258434568 0
9258435080 0
9258438664 0
9258439176 0
9258450952 0
9258451464 0
9258455048 0
9258455560 0
9258459144 0
9258459656 0
9258463752 0
9258500104 0
9258500616 0
9258502152 0
9258504200 0
9258504712 0
9258505610 0
9258506248 0
9258506760 0
9258516488 0
9258517000 0
9258518536 0
9258519048 0
9258520584 0
9258521096 0
9258521610 0
9258521994 0
9258522506 0
9258522632 0
9258523144 0
9258524680 0
9258526728 0
9258527240 0
9258528776 0
9258529288 0
9258529802 0
9258530824 0
9258531336 0
9258696712 0
9258696713 0
9258697224 0
9258700808 0
9258713096 0
9258713097 0
9258713608 0
9258713609 0
9258717192 0
9258717193 0
9258717704 0
9258721288 0
9258721289 0
9258762248 0
9258762249 0
9258766344 0
9258766856 0
9258778632 0
9258778633 0
9258779144 0
9258779145 0
9258780680 0
9258782728 0
9258782729 0
9258783240 0
9258784776 0
9258786824 0
9258786825 0
9258788872 0
9260044328 0
9260044840 0
9260046888 0
9260060712 0
9260061224 0
9260062760 0
9260063272 0
9260069416 0
9260237352 0
9260237353 0
9260241448 0
9260241449 0
9260257320 0
9260302376 0
9260302377 0
9260302889 0
9260306472 0
9260306473 0
9260306984 0
9260306985 0
9260308520 0
9260318760 0
9260318761 0
9260319272 0
9260319273 0
9260322856 0
9260322857 0
9260323368 0
9260323369 0
9260324904 0
9260325416 0
9260325417 0
9260326953 0
9260331048 0
9260331049 0
9260552232 0
9260601384 0
9260601896 0
9260603944 0
9260617768 0
9260618280 0
9260619816 0
9260620328 0
9260626472 0
9260628008 0
9260793897 0
9260794408 0
9260794409 0
9260797993 0
9260798504 0
9260798505 0
9260810280 0
9260810281 0
9260810792 0
9260810793 0
9260814376 0
9260814377 0
9260814888 0
9260814889 0
9260818473 0
9260859432 0
9260859433 0
9260859944 0
9260859945 0
9260863528 0
9260863529 0
9260864040 0
9260864041 0
9260865323 0
9260865576 0
9260866088 0
9260875816 0
9260875817 0
9260876328 0
9260876329 0
9260877227 0
9260877865 0
9260879912 0
9260879913 0
9260879915 0
9260880424 0
9260880425 0
9260881960 0
9260881961 0
9260882472 0
9260882473 0
9260884008 0
9260884009 0
9260886057 0
9260888104 0
9260888105 0
9260888616 0
9260888617 0
9260890153 0
9320022537 0
9320579081 0
9322103337 0
9322119209 0
9322119721 0
9322127913 0
9322659881 0
9322676265 0
9327345705 0
9327346217 0
9327349801 0
9327350313 0
9327362089 0
9327362601 0
9327366185 0
9327366697 0
9327366713 0
9327370281 0
9327370793 0
9327374889 0
9327903273 0
9327906857 0
9327907369 0
9327919145 0
9327919657 0
9327923241 0
9327923753 1
9387196425 0
9387737097 0
9387737609 0
9387753481 0
9389212201 0
9389228585 0
9389834281 0
9389834283 0
9389834793 0
9389835307 0
9389835563 0
9389835691 0
9389836203 0
9389850665 0
9389851177 0
9389851691 0
9389851947 0
9389858857 0
9389859369 0
9394455081 0
9394459177 0
9394471465 0
9394475049 0
9394475561 0
9394479657 0
9394520105 0
9394520617 0
9394524201 0
9394524713 0
9394536489 0
9394537001 0
9394539049 0
9394540585 0
9394541097 0
9394542633 0
9394543145 0
9394544681 0
9394545193 0
9394548777 0
9394549289 0
9395011625 0
9395012137 0
9395015721 0
9395016233 0
9395028009 0
9395028521 0
9395032105 0
9395032617 0
9395036201 0
9395036713 0
9395040297 0
9395040809 0
9395077161 0
9395077673 0
9395078571 0
9395079083 0
9395081257 0
9395081769 0
9395082539 0
9395083305 0
9395093545 0
9395094057 0
9395095593 0
9395097641 0
9395097643 0
9395098153 0
9395098667 0
9395098923 0
9395099051 0
9395099563 0
9395099689 0
9395100201 0
9395101737 0
9395102249 0
9395105833 0
9395105835 0
9395106345 0
9395106859 0
9395107115 0
9395107881 0
9395108393 0
9526384648 0
9526396936 0
9526401032 0
9526958088 0
9526958600 0
9527220232 0
9528739881 0
9529301033 0
9529317416 0
9529317417 0
9529317929 0
9663535145 0
10737992192 0
10743239168 3
10743243264 0
10745598496 2
10779902472 0
10785145352 0
10785149448 0
10785157640 0
10785407496 0
10785407497 0
10785415688 0
10785415689 0
10785419784 0
10787504681 0
10787508777 0
10810343936 0
10810348032 3
10810393088 0
10810393090 0
10810397184 0
10810397186 0
10810398210 0
10810398466 0
10810409472 0
10810413568 0
10810421760 0
10810546050 0
10810655232 0
10810655233 0
10810655234 0
10810655235 0
10810656258 0
10810656259 0
10810656514 0
10810656515 0
10810656643 0
10810659328 0
10810659329 0
10810659330 0
10810659331 0
10810660354 0
10810660355 0
10810660610 0
10810660611 0
10812494368 0
10812494370 0
10812495650 0
10812495778 0
10812510752 0
10812512034 0
10812518944 0
10812643106 0
10812752417 0
10812752418 0
10812752419 0
10812753442 0
10812753443 0
10812753698 0
10812753699 0
10812756512 0
10812756513 0
10812756514 0
10812756515 0
10812757538 0
10812757539 0
10812757794 0
10812757795 0
10812757922 0
10812757923 0
10812772896 0
10812772897 0
10812773154 0
10812774178 0
10812774179 0
10812781088 0
10812905250 0
10812905378 0
10847027720 0
10847093256 0
10847094538 0
10847109640 0
10852237824 3
10852237832 0
10852241920 3
10852241928 0
10852254208 0
10852254216 0
10852262400 0
10852262408 0
10852266504 0
10852270600 0
10852286984 0
10852295176 0
10852299272 0
10852323840 0
10852323848 0
10852332040 0
10852336136 0
10852336386 0
10852336392 0
10852336394 0
10852337418 0
10852340232 0
10852340488 0
10852340490 0
10852341642 0
10852343682 0
10852343690 0
10852352520 0
10852353794 3
10852353922 0
10852354568 0
10852355970 3
10852356608 0
10852356616 0
10852356864 0
10852356866 0
10852356872 0
10852356874 0
10852357890 0
10852357898 0
10852358018 0
10852358026 0
10852360074 0
10852360712 0
10852364800 0
10852364808 0
10852364810 0
10852365056 0
10852365058 0
10852365064 0
10852365066 0
10852366082 0
10852366090 0
10852366218 0
10852368258 0
10852368266 0
10852468618 0
10852470658 0
10852470666 0
10852472586 0
10852472714 0
10852474754 0
10852474762 0
10852484994 3
10852485002 0
10852487042 3
10852488962 0
10852488970 0
10852489090 0
10852489098 0
10852491138 3
10852491146 0
10852493186 0
10852497154 0
10852497162 0
10852497282 0
10852497290 0
10852499330 0
10852499338 0
10852499968 3
10852499976 0
10852516352 0
10852516353 0
10852516360 0
10852516361 0
10852532744 0
10852549128 0
10852553224 0
10852585984 0
10852585992 0
10852594184 0
10852598280 0
10852598536 0
10852599562 0
10852614664 0
10852615946 0
10852618752 0
10852618753 0
10852618760 0
10852618761 0
10852619008 0
10852619009 0
10852619010 0
10852619011 0
10852619016 0
10852619018 0
10852620034 0
10852620035 0
10852620042 0
10852620043 0
10852620162 0
10852620163 0
10852622856 0
10852626944 0
10852626952 0
10852627200 0
10852627202 0
10852627208 0
10852627210 0
10852628226 0
10852628227 0
10852628234 0
10852628354 0
10852730762 0
10852732810 0
10852734730 0
10852734858 0
10852736906 0
10852747138 3
10852747139 3
10852749186 2
10852751106 0
10852751114 0
10852751234 0
10852751235 0
10852751242 0
10852751243 0
10852753282 3
10852753290 0
10852759298 0
10852759306 0
10852759426 0
10852759434 0
10852761474 0
10854437416 0
10854440874 0
10854454048 0
10854454050 0
10854454056 0
10854454058 0
10854455074 0
10854455082 0
10854455202 0
10854455210 0
10854457250 0
10854457258 0
10854461994 0
10854462248 0
10854462250 0
10854463274 0
10854463402 0
10854464296 0
10854464298 0
10854465442 0
10854465450 0
10854569770 0
10854569898 0
10854571938 0
10854571946 0
10854584226 2
10854586274 0
10854586282 0
10854588322 2
10854588330 0
10854593322 0
10854594346 0
10854594466 0
10854594474 0
10854596514 0
10854596522 0
10854597152 3
10854597153 3
10854613537 0
10854613544 0
10854613545 0
10854617632 3
10854617633 3
10854625832 0
10854629928 0
10854629929 0
10854646312 0
10854646313 0
10854650409 0
10854654505 0
10854683168 0
10854683169 0
10854683176 0
10854683177 0
10854691368 0
10854691369 0
10854695464 0
10854695465 0
10854696747 0
10854699816 0
10854700843 0
10854700971 0
10854703019 0
10854711848 0
10854711849 0
10854712104 0
10854713897 0
10854715936 0
10854715937 0
10854715944 0
10854715945 0
10854716192 0
10854716193 0
10854716194 0
10854716195 0
10854716200 0
10854716201 0
10854716202 0
10854716203 0
10854717218 0
10854717219 0
10854717226 0
10854717227 0
10854717346 0
10854717347 0
10854717354 0
10854717355 0
10854718240 0
10854718242 0
10854718250 0
10854719266 0
10854719394 0
10854719395 0
10854719402 0
10854719403 0
10854720041 0
10854724128 0
10854724129 0
10854724136 0
10854724138 0
10854724384 0
10854724385 0
10854724386 0
10854724387 0
10854724392 0
10854724393 0
10854724394 0
10854724395 0
10854725410 0
10854725411 0
10854725418 0
10854725419 0
10854725538 0
10854725539 0
10854725546 0
10854727586 0
10854727594 0
10854727595 0
10854827946 0
10854829986 0
10854829994 0
10854831914 0
10854831915 0
10854832035 3
10854832042 0
10854832043 0
10854834090 0
10854834091 0
10854844323 3
10854844330 0
10854846370 3
10854846371 3
10854848290 0
10854848291 0
10854848298 0
10854848299 0
10854848418 0
10854848419 0
10854848426 0
10854848427 0
10854850466 3
10854850467 2
10854850474 0
10854850475 0
10854852522 0
10854856482 0
10854856483 0
10854856490 0
10854856491 0
10854856610 0
10854856611 0
10854856618 0
10854856619 0
10854858658 0
10854858659 0
10854858666 0
10854858667 0
10921722401 0
10921722409 0
10921726497 0
10921726505 0
10921726513 0
10921726521 0
10921734697 0
10946925089 3
10946970145 0
10946970147 0
10946970403 0
10946971171 0
10946971427 0
10946971555 0
10946974241 0
10946974243 0
10946974499 0
10946975267 0
10946975523 0
10946975651 0
10946990625 3
10946990881 3
10946990883 3
10946991907 3
10988814881 3
10988814889 0
10988818977 3
10988831265 0
10988831273 0
10988835369 0
10988839465 0
10988847657 0
10988851753 0
10988864041 0
10988868137 0
10988872233 0
10988896809 0
10988900897 0
10988900905 0
10988905001 0
10988909089 0
10988909097 0
10988913193 0
10988913443 0
10988913451 0
10988914475 0
10988917289 0
10988917547 0
10988918571 0
10988929577 0
10988929827 0
10988929833 0
10988929835 0
10988930851 2
10988930859 0
10988933665 0
10988933673 0
10988933675 0
10988933681 0
10988933689 0
10988933921 0
10988933923 0
10988933929 0
10988933931 0
10988933937 0
10988933939 0
10988933945 0
10988933947 0
10988934947 0
10988934955 0
10988934963 0
10988934971 0
10988935075 0
10988935083 0
10988935099 0
10988936995 0
10988937003 0
10988937019 0
10988937123 1
10988937131 0
10988937769 0
10988941857 0
10988941865 0
10988941873 0
10988941881 0
10988942113 0
10988942115 0
10988942121 0
10988942123 0
10988942129 0
10988942131 0
10988942137 0
10988942139 0
10988943139 0
10988943147 0
10988943155 0
10988943163 0
10988943267 0
10988943275 0
10988943283 0
10988945315 0
10988945323 0
10988945331 0
10988945339 0
10989045667 3
10989049643 0
10989049763 3
10989049771 0
10989051819 0
10989062051 3
10989062059 0
10989064099 3
10989064107 0
10989066019 0
10989066027 0
10989066035 0
10989066043 0
10989066147 0
10989066155 0
10989066163 0
10989066171 0
10989068067 0
10989068075 0
10989068091 0
10989068195 3
10989068203 0
10989068211 0
10989068219 0
10989070251 0
10989074211 0
10989074219 0
10989074227 0
10989074235 0
10989074339 0
10989074347 0
10989074355 0
10989074363 0
10989076387 0
10989076395 0
10989076403 0
10989076411 0
11120792064 0
11120922498 3
11120926594 3
11120926602 0
11120932746 0
11120934794 0
11121054208 0
11121184642 3
11121188738 3
11121188739 0
11123019682 3
11123023778 3
11123023786 0
11123031970 0
11123031978 0
11123120673 0
11123153704 0
11123153705 0
11123154731 0
11123281826 3
11123281827 3
11123285803 0
11123285922 3
11123285923 3
11123285930 0
11123285931 0
11123294114 0
11123294122 0
11123294123 0
11257371425 0
11257371427 0
11257371433 0
11257371435 0
11257372451 0
11257372459 0
11257372467 0
11257499555 3
11257501603 3
11257503531 0
11257503547 0
11257503651 3
11257503659 0
11257503675 0
11257509795 0
11333550600 0
11338793480 0
11338805768 0
11338809864 0
11341152808 0
11341156905 0
11400757768 0
11405890056 0
11405902344 0
11405906440 0
11405935112 0
11405951496 0
11405955592 0
11405957640 0
11405967880 0
11405971976 0
11405974024 0
11405982216 0
11405984264 0
11406000648 0
11406004744 0
11406005000 0
11406006026 0
11406006792 0
11406008074 0
11406013192 0
11406013194 0
11406014218 0
11406133130 0
11406135178 0
11406137226 0
11406139274 0
11406145418 0
11406213640 0
11406230024 0
11406262792 0
11406407562 0
11408071208 0
11408101928 3
11408103210 0
11408103338 0
11408103976 0
11408104234 0
11408111402 0
11408234410 0
11408249384 0
11408265768 0
11408265769 0
11408310825 0
11408314920 0
11408314921 0
11408327208 0
11408327209 0
11408331304 0
11408331305 0
11408333352 0
11408333353 0
11408359976 0
11408359977 0
11408364072 3
11408364073 3
11408364328 0
11408364329 0
11408364330 0
11408364331 0
11408365354 0
11408365355 0
11408366120 0
11408366121 0
11408366378 0
11408367402 0
11408367403 0
11408372265 0
11408372520 0
11408372521 0
11408372522 0
11408372523 0
11408375723 0
11408496554 0
11408496555 0
11408506795 0
11475370537 0
11475374633 0
11542463017 0
11542479401 0
11542483497 0
11542516265 0
11542528553 0
11542532649 0
11542544937 0
11542549033 0
11542551081 0
11542561321 0
11542561579 0
11542562603 0
11542565417 0
11542565673 0
11542565675 0
11542577705 0
11542577963 0
11542578987 0
11542579115 0
11542580009 0
11542581801 1
11542581819 0
11542582057 0
11542582059 0
11542583083 0
11542583099 0
11542583211 0
11542583227 0
11542583849 0
11542584105 0
11542584107 0
11542585131 0
11542585259 0
11542589993 0
11542590249 0
11542590251 0
11542591275 0
11542693803 0
11542714155 0
11542714283 0
11542714299 0
11542722347 0
11542722475 0
11542722491 0
11542724523 0
11674442248 0
11674442506 0
11674443530 0
11674704392 0
11676539432 0
11676539690 0
11676540714 0
11676801576 0
11676801577 0
11676801834 0
11676801835 0
11676802858 0
11676802859 0
11676802987 0
11676934059 3
11811019305 0
11811019561 0
11811019563 0
11811020587 0
11811020715 0
14100468261 0
14100484645 0
14101004837 0
14101041765 3
14137188453 0
14137188461 0
14137745445 0
14137745509 0
14137745517 0
14142411309 0
14142411365 0
14142411373 0
14142411381 3
14142423589 0
14142423597 0
14142423605 0
14142423653 0
14142423661 0
14142423669 0
14142423677 0
14142427181 0
14142427197 0
14142427685 0
14142427693 0
14142427701 0
14142427709 0
14142427749 0
14142427757 0
14142427765 2
14142427773 0
14142431781 0
14142431789 0
14142431845 0
14142431853 0
14142431861 0
14142431869 0
14142435877 0
14142435885 0
14142435893 0
14142435901 0
14142435941 0
14142435949 0
14142435957 0
14142435965 0
14142947877 0
14142947885 0
14142951973 0
14142952053 0
14142984229 0
14142984237 0
14142984245 0
14142984253 0
14142984749 0
14142984765 0
14142984813 3
14142992429 0
14142992493 0
14162952229 0
14162952231 0
14162952293 0
14162952741 0
14162953255 0
14162953511 0
14162953767 0
14168195173 0
14168195175 0
14168195621 0
14168195623 0
14168195685 0
14168195687 0
14168196199 0
14168196455 0
14168196647 0
14168196711 0
14168196903 0
14168196967 0
14168197095 0
14168199271 0
14168199717 0
14168199719 0
14168199733 0
14168199735 0
14168199781 0
14168199783 0
14168199797 0
14168199799 0
14168200295 0
14168200551 0
14168200743 0
14168200759 0
14168200807 0
14168200823 0
14168200999 0
14168201015 0
14168201063 0
14168201079 0
14168201127 0
14168201143 0
14168201191 0
14168201207 0
14204355173 3
14204911725 0
14204919845 0
14204919853 0
14204919909 0
14204919917 0
14209520245 3
14209531949 0
14209531965 0
14209532029 0
14209532461 0
14209532477 0
14209532533 0
14209532541 0
14209536557 0
14209536573 0
14209536613 3
14209536637 0
14209544749 0
14209544765 0
14209544829 0
14209597485 0
14209597997 0
14209598013 0
14209598061 0
14209602085 2
14209602093 0
14209602101 3
14209602109 0
14209602149 0
14209602157 0
14209602165 3
14209602173 0
14209604157 0
14209605693 0
14209606205 0
14209610301 0
14209610365 0
14210089061 0
14210089069 0
14210089085 0
14210089509 0
14210089573 0
14210089581 0
14210089589 0
14210093101 0
14210093605 0
14210093613 0
14210093629 0
14210093669 0
14210093677 0
14210093685 0
14210093693 0
14210097197 0
14210097205 0
14210097261 0
14210097277 0
14210097701 0
14210097717 0
14210097725 0
14210097765 0
14210097773 0
14210097781 0
14210097789 0
14210101797 0
14210101805 0
14210101813 0
14210101821 0
14210101861 0
14210101869 0
14210101877 0
14210101885 0
14210126381 0
14210126397 0
14210138221 0
14210138237 0
14210138685 0
14210138733 0
14210138749 0
14210142333 0
14210142765 0
14210142781 0
14210142829 0
14210142845 0
14210143871 0
14210154541 0
14210154557 0
14210154621 0
14210155117 0
14210155133 0
14210155583 0
14210155967 0
14210156031 0
14210158637 0
14210158653 0
14210158693 3
14210158717 0
14210159149 0
14210159157 0
14210159165 0
14210159213 0
14210159221 0
14210159229 0
14210160039 2
14210160127 0
14210160175 0
14210160255 0
14210160447 0
14210160551 0
14210160559 0
14210160575 0
14210160623 0
14210160639 0
14210162749 0
14210162813 0
14210164023 0
14210164159 0
14210166829 0
14210166845 0
14210166909 0
14210167341 0
14210167357 0
14210167421 0
14210168639 0
14210168767 0
14478039613 0
14629589549 3
14629589613 2
14696075901 0
14696596013 0
14696600125 0
14696603693 0
14696603757 0
14696632365 0
14696632877 0
14696632941 3
14696632957 0
14696641133 0
14763249709 0
14763249789 0
14763250237 0
14763737133 0
14763737645 0
14763737709 0
14763741245 0
14763741757 0
14763745325 0
14763745389 0
14763749437 0
14763790397 0
14763790893 0
14763790909 0
14763790957 0
14763790973 0
14763802685 0
14763803181 0
14763806781 0
14763807277 0
14763807293 0
14763807341 3
14763807357 0
14763808703 0
14763808767 0
14763815549 0
16223150062 0
16223297446 0
16223297454 0
16223297510 0
16223297518 0
16223305646 0
16223305710 0
16223412142 0
16223425324 0
16223425327 0
16223425389 0
16223428519 0
16223428526 0
16223428527 0
16223428583 0
16223428590 0
16223428591 0
16223436783 0
16223543279 0
16223557550 0
16223557551 0
16223559590 0
16223559591 0
16223559598 0
16223559599 0
16223559654 0
16223559655 0
16223559662 0
16223559663 0
16223567783 0
16223567790 0
16223567791 0
16223567846 0
16223567847 0
16223567854 0
16223567855 0
16290419245 0
16290431525 0
16290431533 0
16290431589 0
16290431597 0
16290435621 0
16290435629 0
16290435637 0
16290435645 0
16290435685 0
16290435693 0
16290435709 0
16290439725 0
16290443821 0
16290443837 0
16290443885 0
16290464301 0
16290464365 0
16290468397 0
16290468413 0
16290468461 0
16290468477 0
16290476589 0
16315634213 0
16315634229 0
16315679269 0
16315679271 0
16315679285 0
16315679287 0
16315679333 0
16315679335 0
16315679349 0
16315679351 0
16315679527 0
16315679543 0
16315679591 0
16315679607 0
16315680295 0
16315680311 0
16315680359 0
16315680375 0
16315680551 0
16315680567 0
16315680615 0
16315680631 0
16315680679 0
16315680743 0
16315683365 0
16315683367 0
16315683381 0
16315683383 0
16315683429 0
16315683431 0
16315683445 0
16315683447 0
16315683623 0
16315683639 0
16315683687 0
16315683703 0
16315684391 0
16315684407 0
16315684455 0
16315684471 0
16315684647 0
16315684663 0
16315684711 0
16315684727 0
16315684775 0
16315684791 0
16315684839 0
16315684855 0
16315699749 0
16315701031 0
16315701095 0
16315701111 0
16315832311 0
16357540461 0
16357544493 0
16357544501 3
16357544509 0
16357544557 0
16357544565 3
16357544573 0
16357573165 0
16357573181 0
16357573229 0
16357573245 0
16357577261 0
16357577277 0
16357577325 0
16357577341 0
16357581357 0
16357581373 0
16357585453 0
16357585469 0
16357585533 0
16357593661 0
16357610021 0
16357610029 0
16357610037 3
16357610045 0
16357610085 0
16357610093 0
16357610101 0
16357610109 0
16357622381 0
16357622397 0
16357623679 0
16357626413 0
16357626429 0
16357626493 0
16357626663 0
16357626685 0
16357626687 0
16357626735 0
16357626749 0
16357626751 0
16357627695 0
16357627703 0
16357627711 0
16357627759 0
16357627775 0
16357627839 0
16357627903 0
16357629871 0
16357629935 0
16357629951 0
16357638701 0
16357638717 0
16357638719 0
16357638765 0
16357638781 0
16357639039 0
16357639999 0
16357640063 0
16357642111 0
16357642789 0
16357642797 0
16357642799 0
16357642805 0
16357642813 0
16357642815 0
16357642861 0
16357642869 0
16357642877 0
16357642879 0
16357643045 0
16357643047 0
16357643053 0
16357643055 0
16357643061 0
16357643063 0
16357643069 0
16357643071 0
16357643109 0
16357643111 0
16357643117 0
16357643119 0
16357643125 0
16357643127 0
16357643133 0
16357643135 0
16357643903 0
16357644071 0
16357644079 0
16357644087 0
16357644095 0
16357644135 0
16357644143 0
16357644151 0
16357644159 0
16357644199 0
16357644207 0
16357644215 0
16357644223 0
16357644263 0
16357644271 0
16357644279 0
16357644287 0
16357645117 0
16357645181 0
16357646119 0
16357646135 0
16357646143 0
16357646191 0
16357646207 0
16357646247 0
16357646255 0
16357646271 0
16357646311 0
16357646319 0
16357646327 0
16357646335 0
16357646893 0
16357646909 0
16357646957 0
16357646973 0
16357647159 0
16357647167 0
16357648239 0
16357650989 0
16357650997 0
16357651005 0
16357651069 0
16357651237 0
16357651239 0
16357651245 0
16357651247 0
16357651253 0
16357651255 0
16357651261 0
16357651263 0
16357651301 0
16357651303 0
16357651309 0
16357651311 0
16357651317 0
16357651319 0
16357651325 0
16357651327 0
16357652263 0
16357652271 0
16357652279 0
16357652287 0
16357652327 0
16357652335 0
16357652343 0
16357652351 0
16357652391 0
16357652399 0
16357652407 0
16357652415 0
16357652455 0
16357652463 0
16357652471 0
16357652479 0
16357653285 0
16357653287 0
16357653301 0
16357653303 0
16357653309 0
16357654311 0
16357654319 0
16357654383 0
16357654399 0
16357654439 0
16357654447 0
16357654463 0
16357654511 0
16357654527 0
16357758767 0
16357758783 0
16357758847 0
16357758895 0
16357758911 0
16357758959 0
16357758967 3
16357758975 0
16357760943 0
16357760959 0
16357761007 0
16357761015 3
16357761023 0
16357771135 0
16357771183 0
16357771263 0
16357774119 0
16357774135 0
16357774143 0
16357774199 0
16357774207 0
16357775143 0
16357775151 0
16357775159 0
16357775167 0
16357775207 0
16357775215 0
16357775223 0
16357775231 0
16357775271 3
16357775279 0
16357775287 0
16357775295 0
16357775335 1
16357775343 0
16357775351 1
16357775359 0
16357777191 0
16357777215 0
16357777279 0
16357777319 3
16357777327 0
16357777335 3
16357777343 0
16357777383 0
16357777391 0
16357777399 3
16357777407 0
16357783343 0
16357783351 0
16357783359 0
16357783407 0
16357783423 0
16357783463 0
16357783471 0
16357783479 0
16357783487 0
16357783527 0
16357783535 0
16357783543 0
16357783551 0
16357785399 0
16357785511 0
16357785519 0
16357785527 0
16357785535 0
16357785575 0
16357785583 0
16357785591 0
16357785599 0
16491732966 0
16491732974 0
16491741158 0
16491860780 0
16491995046 0
16491995054 0
16491995055 0
16491995118 0
16626078527 0
16626078573 0
16626079551 0
16626079615 0
16626080551 0
16626080557 0
16626080559 0
16626080573 0
16626080575 0
16626081575 0
16626081599 0
16626081663 0
16626088749 0
16626088765 0
16626194423 3
16626196471 3
16626210687 0
16626210727 3
16626210743 3
16626210791 3
16626210807 3
16626210815 0
16626212655 0
16626212671 0
16626212719 0
16626212735 0
16626212775 3
16626212783 0
16626212791 3
16626212799 0
16626212839 3
16626212847 0
16626212855 3
16626212863 0
16626221055 0
16777073452 2
16844079661 0
16844079725 0
16844083757 0
16844083821 0
16844083837 0
16844087917 0
16844091965 0
16844092029 0
16911192621 0
16911254061 0
16911254125 0
16911260221 0
16911270703 0
16911275951 0
16911275967 0
16911290925 0
16911290941 0
16911290989 0
16911290991 0
16911291005 0
16911291007 0
16911291181 0
16911291183 0
16911291197 0
16911291199 0
16911291247 0
16911291261 0
16911291263 0
16911292015 0
16911292207 0
16911292223 0
16911292271 0
16911292287 0
16911292335 0
16911292351 0
16911292399 0
16911292415 0
16911292973 0
16911292989 0
16911293053 0
16911293229 0
16911293231 0
16911293245 0
16911293309 0
16911293311 0
16911294335 0
16911295021 0
16911299197 0
16911299437 0
16911300479 0
16911300527 0
16911300543 0
16911423279 0
16911423295 0
16911423343 0
16911423359 0
16911423407 0
16911423423 0
16911423471 0
16911423487 0
16911431599 0
16911431615 0
16911431663 0
16911431679 0
17045643183 2
17179726381 0
17179726397 0
17179726461 0
17179726717 0
17179727679 0
17179727743 0
17179727807 0
17179728429 0
17179728445 0
17179728509 0
17179728685 0
17179728687 0
17179728701 0
17179728703 0
17179728765 0
17179728767 0
17179729711 0
17179729791 0
17179729839 0
17179860911 0

# Neuron 9: 3383 entries
# Connections: [257, 74, 335, 60, 142, 70, 10, 285, 252, 272, 317, 4, 340, 308, 301, 75, 351, 212, 246, 135, 21, 143, 66, 26, 289, 79, 149, 22, 224, 48, 52, 270, 191, 63]
33562692 0
33563716 0
33563844 0
33628228 0
33629252 0
34079236 3
34079364 3
34087492 3
34087620 3
34088516 0
34088644 0
34104900 0
34104902 0
34105028 0
34105046 0
34144772 0
34153028 0
34154052 0
34154180 0
34170438 0
34170564 0
34170582 0
34210308 0
34219588 0
34219716 0
34275844 0
34285124 0
34603524 0
34603652 2
34611780 0
34611908 3
34612804 0
34612932 0
34629334 0
34669060 0
34677316 0
34678340 0
34678468 0
34694870 0
34742852 0
34743876 0
34809412 0
35127812 3
35127940 3
35136068 3
35136196 3
35137092 0
35137220 0
35153604 0
35153622 0
35193348 0
35201604 0
35202628 0
35202756 0
35268164 0
42992132 0
43000388 0
43000516 0
43001412 0
43001540 0
43017942 0
43049206 3
43065924 0
43066948 0
43067076 0
43083478 0
43098212 0
43099236 0
43198020 0
50856452 0
50856580 2
50864708 2
50865732 0
50865860 0
50882260 0
50882262 0
50921988 0
50930244 0
50931268 0
50931396 0
50987524 0
50995780 0
50996804 0
50996932 0
51053060 0
51061316 0
51062340 0
51078870 0
51388996 0
51390020 0
51390148 0
51406548 0
51454532 0
51455556 0
51455684 0
51511812 0
51520068 0
51520196 3
51521092 0
51521220 0
51521236 0
51537622 0
51585604 0
51586628 0
51905028 0
51914308 0
51914436 0
51970564 0
51979844 0
52036100 0
52045380 0
52045508 0
52061910 0
52109892 0
52110916 0
59777604 0
59778628 0
59778756 0
59843140 0
59844164 0
59844292 0
59908676 0
59909700 0
59909828 0
59941476 0
59942500 0
59974212 0
59975236 0
59975364 0
126910500 0
127017028 0
127017540 0
127018052 0
127051364 0
127083588 0
570975958 0
570979038 3
570980054 0
570980062 0
571045590 0
571045598 0
571503326 2
571504342 0
571565782 0
572027614 3
572028630 0
572094166 0
588281558 0
588408534 0
596797142 0
2181562884 0
2181571140 3
2181572164 0
2181572292 0
2181572308 0
2181588548 0
2181588550 0
2181588694 0
2181628420 0
2181637700 0
2198340100 0
2198348356 3
2198349380 0
2198349508 0
2198349524 0
2198365766 0
2198365910 0
2198414916 0
2198471172 0
2198480452 0
2198545988 0
2198873668 0
2198939204 0
2200446532 0
2200462918 0
2200463046 0
2274535012 0
2718463702 0
2735236822 0
2735240918 0
4328792132 0
4328793156 0
4328857668 0
4328858692 0
4329308676 2
4329316932 0
4329317956 3
4329318084 0
4329333462 3
4329334468 0
4329334486 0
4329374212 0
4329374340 3
4329382468 0
4329382596 3
4329383492 0
4329383620 3
4329400004 0
4329400022 0
4329449028 0
4329832964 0
4329841220 0
4329841348 0
4329842244 0
4329842372 0
4329857750 3
4329858756 0
4329858774 0
4329898500 0
4329898628 3
4329906756 0
4329906884 2
4329907780 0
4329907908 3
4329924294 0
4329924310 0
4330357252 3
4330365508 3
4330366532 1
4330366660 0
4330382038 3
4330383044 0
4330383062 0
4330422788 0
4330422916 3
4330431044 0
4330431172 3
4330432068 0
4330432196 3
4330448580 0
4330448598 0
4338229316 0
4338229828 0
4338229956 0
4338230852 0
4338230980 0
4338263140 0
4338295364 0
4338295492 0
4338296388 0
4338296516 0
4338327652 0
4338327780 0
4338328676 0
4338328804 0
4338345206 0
4346085892 0
4346094148 0
4346095172 0
4346095300 0
4346111684 0
4346111702 0
4346151428 0
4346151556 0
4346159684 0
4346160708 0
4346160836 0
4346216964 0
4346225220 0
4346226244 0
4346242774 0
4346291780 0
4346610180 0
4346618436 1
4346619460 0
4346619588 0
4346635990 0
4346683972 0
4346684996 0
4346741252 0
4346750532 0
4346750660 0
4346767060 0
4346767062 0
4346816068 0
4346816196 0
4346832598 0
4347134468 0
4347142724 0
4347143748 0
4347143876 0
4347200004 0
4347208260 0
4347208388 0
4347209284 0
4347274820 0
4347274948 0
4347331076 0
4347340356 0
4355007044 0
4355008068 0
4355008196 0
4355072580 0
4355073604 0
4355073732 0
4355138116 0
4355139140 0
4355155670 0
4355171940 0
4355204676 0
4355204804 0
4355221206 0
4422115396 0
4422180932 0
4422214756 0
4422271524 0
4422279780 0
4422280292 0
4422280804 0
4422297334 0
4467861060 0
4484638276 0
4484638404 0
4485161540 0
4485162564 0
4485162692 0
4485179094 0
4485227076 0
4485228100 0
4485686852 0
4485686980 0
4493550148 0
4493551172 0
4493551300 0
4493567702 0
4493582948 0
4493600502 0
4493615684 0
4493616708 0
4493616836 0
4493649508 0
4560658500 0
4560659012 0
4560659524 0
4560692324 0
4560692452 0
4560692836 0
4560708854 0
4560709366 0
4560724036 0
4560725572 0
4560757860 0
4560758372 0
4866209494 0
4866275038 0
4866729686 0
4866733782 0
4866733790 0
4866799326 0
4867258070 0
4883510998 0
4883576534 0
5402553815 0
5403050884 0
5403058756 2
5403058884 3
5403059908 0
5403060164 0
5403069191 0
5403076292 0
5403076310 0
5403076420 0
5403077589 0
5403077591 3
5403125444 0
5403181956 0
5403198341 0
5403198343 0
5403574788 0
5403575044 0
5403575172 0
5403583044 3
5403583429 0
5403584196 0
5403584324 0
5403584452 0
5403591428 0
5403591556 0
5403591557 0
5403591558 0
5403591559 0
5403593607 0
5403593623 0
5403601877 0
5403601879 3
5403602903 0
5403668439 0
5403705860 0
5403706244 0
5403715396 0
5403722628 0
5403722629 0
5403722630 0
5403722631 0
5403724679 0
5403724695 0
5404115719 0
5404126167 3
5411963396 0
5411963524 0
5411963652 0
5411963780 0
5411972292 0
5411972676 0
5411972804 0
5411972932 0
5411973060 0
5411973077 0
5411980036 0
5411980038 0
5411980039 0
5411980164 0
5411980165 0
5411980166 0
5411980167 0
5411982215 0
5411982229 0
5411982231 0
5411990485 0
5411990487 2
5411990999 0
5411991509 0
5411991511 0
5412012324 0
5412012455 0
5412012836 0
5412012839 0
5412012965 0
5412015031 0
5412038212 0
5412038340 0
5412038596 0
5412056021 0
5412056023 0
5412057045 0
5412057047 0
5412094468 0
5412094724 0
5412094852 0
5412104004 0
5412111108 0
5412111111 0
5412111236 0
5412111237 0
5412111238 0
5412111239 0
5412113287 0
5412113303 0
5419827716 0
5419827844 0
5419828100 0
5419828101 0
5419837124 0
5419837252 0
5419844484 0
5419844485 0
5419844487 0
5419846535 0
5419846551 0
5419853508 0
5419853510 0
5419853764 0
5419854807 3
5419855815 0
5419855831 0
5419958788 0
5419958916 0
5419959172 0
5419959173 0
5419968324 0
5419975556 0
5419975557 0
5419975559 0
5419977607 0
5419977623 0
5419984708 0
5419984836 0
5419986759 0
5419986887 0
5419986903 0
5420352004 0
5420352132 0
5420352260 0
5420352388 0
5420352389 0
5420360260 2
5420361540 0
5420368772 0
5420368773 0
5420368775 0
5420368791 0
5420370823 0
5420370839 0
5420378052 0
5420378055 0
5420379975 0
5420380103 0
5420380119 0
5420483076 0
5420483204 0
5420483332 0
5420483460 0
5420483461 0
5420492612 0
5420499719 0
5420499844 0
5420499845 0
5420499847 0
5420499863 0
5420501895 0
5420501911 0
5420509124 0
5420509127 0
5420511047 0
5420511175 0
5420511191 0
5420876292 0
5420876420 0
5420876676 0
5420876677 0
5420885828 0
5420893060 0
5420893061 0
5420893063 0
5420895111 0
5420895127 0
5420902340 0
5420902343 0
5420904263 0
5420904391 0
5420904407 0
5421007364 0
5421007492 0
5421007748 0
5421007749 0
5421016900 0
5421024132 0
5421024133 0
5421024135 0
5421026183 0
5421026199 0
5421033412 0
5421035463 0
5421035479 0
5428740612 0
5428740740 0
5428740996 0
5428740997 0
5428750020 0
5428752341 0
5428757380 0
5428757381 0
5428757383 0
5428759431 0
5428759447 0
5428815556 0
5428871684 0
5428871812 0
5428872068 0
5428872069 0
5428880964 0
5428881092 0
5428888327 0
5428888452 0
5428888453 0
5428888455 0
5428888471 0
5428890503 0
5428890519 0
5495882276 0
5496013348 0
5541471940 0
5541490645 0
5541528196 0
5541603012 0
5558239876 0
5558249156 0
5558250453 0
5558267861 0
5558267863 0
5558267871 0
5558314692 0
5558370948 0
5558380228 0
5558382549 0
5558398933 0
5558398935 0
5558436484 0
5558445764 0
5558464471 0
5558773444 0
5558773701 0
5558792149 0
5558838980 0
5558895236 0
5558903492 3
5558904388 0
5558904516 0
5558904517 0
5558906821 0
5558906837 0
5558920918 0
5558922199 3
5558922207 3
5558923221 0
5558923223 0
5558970052 0
5558986454 0
5559297732 0
5559297989 0
5559316439 0
5559428804 0
5559446487 3
5567162052 0
5567163349 0
5567164373 0
5567180759 0
5567227588 0
5567260133 0
5567293124 0
5567310807 3
5567311829 0
5567311831 0
5567325924 0
5567358660 0
5567375062 0
5567377367 0
5634305525 0
5634368740 0
5634418390 0
5634434276 0
5634434788 0
5634469333 0
5634485717 0
5634485719 0
5634499812 0
5948864470 0
5957251031 0
5957255127 0
5957382103 0
5957386199 0
6095269855 0
6095272919 3
6095791830 0
6095793111 3
6095794143 0
6095795934 0
6095797207 3
6095798231 0
6095798239 0
6104186839 0
6364232663 0
6364232671 0
6364233687 0
6364233695 0
6476801604 0
6493577796 2
6493578820 0
6493578948 0
6494103108 0
6494103236 0
6708176484 0
7567311492 0
7567311748 0
7567328133 0
7567328135 0
7567330183 0
7567442564 0
7567442820 0
7567442821 0
7567451972 0
7567459205 0
7567459207 0
7567461271 0
7567468484 0
7567835652 0
7567835780 0
7567836036 0
7567836037 0
7567852420 0
7567852421 0
7567852423 0
7567854471 0
7567854487 0
7567966724 0
7567966852 0
7567967108 0
7567967109 0
7567983367 0
7567983492 0
7567983493 0
7567983495 0
7567985543 0
7567985559 0
7567994695 0
7567994839 0
7568360324 0
7568360325 0
7568376709 0
7568376711 0
7568491012 0
7568491140 0
7568491396 0
7568491397 0
7568507780 0
7568507781 0
7568507783 0
7568509831 0
7568509847 0
7568519127 0
7576224260 0
7576224388 0
7576224644 0
7576224645 0
7576241029 0
7576241031 0
7576243079 0
7576243095 0
7576355332 0
7576355460 0
7576355716 0
7576355717 0
7576372100 0
7576372101 0
7576372103 0
7576374151 0
7576374167 0
7643365924 0
8104865751 0
8624013828 0
8624013956 3
8624022084 3
8624023108 0
8624023236 0
8624039492 0
8624039494 0
8624039620 0
8624039622 0
8624039636 0
8624039638 0
8624087620 0
8624088644 0
8624088772 0
8624105028 0
8624105156 0
8624105174 0
8624538116 3
8624538244 3
8624546372 2
8624547396 0
8624547524 0
8624563780 0
8624563908 0
8624563924 0
8624563926 0
8624603652 0
8624611908 0
8624612932 0
8624613060 0
8624629446 0
8624629460 0
8625062404 0
8625062532 3
8625070660 0
8625070788 2
8625071684 0
8625071812 0
8625088068 0
8625088070 0
8625088196 0
8625088212 0
8625088214 0
8625136196 0
8625137220 0
8625137348 0
8625153732 0
8625153750 0
8632926724 0
8632934468 0
8632934980 0
8632935108 0
8632935492 0
8632936004 0
8632936132 0
8632950854 3
8632951366 3
8632951508 3
8632951510 3
8632951876 0
8632951878 0
8632952020 0
8632952022 0
8632952388 0
8632952390 0
8632952518 0
8632952532 0
8632952534 0
8632959012 0
8632967268 3
8632967396 3
8632967780 3
8632968292 0
8632968804 0
8632984804 0
8632984822 0
8633000004 0
8633000516 0
8633001028 0
8633001540 0
8633001668 0
8633017412 0
8633017414 0
8633017926 0
8633018068 0
8633018070 0
8633032804 0
8633032932 0
8633033828 0
8633033956 0
8640791044 0
8640791172 3
8640799300 3
8640800324 0
8640800452 0
8640800468 0
8640816710 0
8640816852 0
8640816854 0
8640856580 0
8640864836 0
8640865860 0
8640865988 0
8640882372 0
8640882388 0
8640882390 0
8640931396 0
8640931524 0
8640987652 0
8640996932 0
8641315332 0
8641315460 3
8641323588 3
8641324612 0
8641324740 0
8641324756 0
8641340998 0
8641341140 0
8641341142 0
8641380868 0
8641389124 0
8641390148 0
8641390276 0
8641406676 0
8641406678 0
8641446404 2
8641454660 3
8641455684 0
8641455812 0
8641455828 0
8641472214 0
8641521220 0
8641839620 0
8641839748 3
8641847876 1
8641848900 0
8641849028 0
8641865430 0
8641905156 0
8641913412 0
8641914436 0
8641914564 0
8641979972 0
8641980100 0
8649703940 1
8649704068 2
8649712196 0
8649713220 0
8649713348 0
8649713364 0
8649728726 0
8649729748 0
8649729750 0
8649736740 0
8649744996 0
8649746020 0
8649746148 0
8649762534 0
8649777732 0
8649778756 0
8649778884 0
8649778900 0
8649795286 0
8649811172 0
8649811684 0
8649843268 0
8649844292 0
8649844420 0
8649844436 0
8649860822 0
8649876068 0
8649908804 0
8649909828 0
8649909956 0
8716820548 1
8716820676 3
8716821060 0
8716821572 0
8716822084 0
8716822212 0
8716845092 0
8716845604 0
8716853348 3
8716853860 3
8716854372 0
8716854500 0
8716854884 0
8716855012 0
8716855028 0
8716870884 0
8716871414 0
8716886596 0
8716887108 0
8716919396 0
8716920036 0
8716920420 0
8716920548 0
8716953156 0
8716976676 0
8716984420 0
8716984548 3
8716984932 0
8716985444 0
8716985572 0
8716985956 0
8717017668 0
8717049956 0
8717050468 0
8717050980 0
8717051492 0
9160910550 0
9160914646 0
9160914654 0
9160980182 0
9160980190 0
9161434838 0
9161437918 2
9161438942 0
9161963230 0
9169822790 0
9169823302 0
9169823446 0
9169826886 0
9169827398 0
9169827542 0
9169827550 0
9169888838 0
9169893078 0
9169893086 0
9177757406 0
9178212054 0
9178212062 0
9178216150 0
9178216158 0
9178277590 0
9178281694 0
10771497476 0
10771505732 3
10771506756 0
10771506884 0
10771523140 0
10771523142 0
10771563012 0
10771572292 0
10772030020 3
10772031044 0
10772095556 3
10772096580 0
10772554308 0
10772555332 0
10772555460 0
10772571716 0
10772571718 0
10772611588 0
10772620868 0
10780419652 0
10780419780 0
10780484164 2
10780485188 0
10788274692 0
10788274820 0
10788282948 3
10788283972 0
10788284100 0
10788284116 0
10788300356 0
10788300358 0
10788300500 0
10788300502 0
10788340228 0
10788340356 0
10788348484 0
10788349508 0
10788349636 0
10788349652 0
10788366036 0
10788366038 0
10788405764 0
10788405892 0
10788415044 0
10788415172 0
10788415188 0
10788431572 0
10788471300 0
10788480580 0
10788798980 0
10788799108 3
10788807236 3
10788807380 0
10788808260 0
10788808388 0
10788808404 0
10788823766 0
10788823774 0
10788824646 0
10788824788 0
10788824790 0
10788824798 0
10788864516 3
10788872772 0
10788872916 0
10788873796 0
10788873924 0
10788873940 0
10788889300 0
10788889302 0
10788890326 0
10788930052 0
10788930180 0
10788938308 1
10788939332 0
10788939460 0
10788939476 0
10788954838 0
10788955860 0
10788955862 0
10788955870 0
10788995588 1
10788995716 0
10789003988 3
10789004868 0
10789004996 0
10789005012 0
10789020374 0
10789021396 0
10789021398 0
10789323268 0
10789331524 3
10789332548 0
10789332676 0
10789332692 0
10789349078 0
10789397060 0
10789398084 0
10789398212 0
10789454340 0
10789519876 0
10790371844 0
10790381124 0
10790397510 0
10790397638 0
10790905412 0
10790905540 0
10790921798 0
10790921926 0
10791053014 0
10791118550 0
10797195332 0
10797195844 2
10797195988 0
10797196356 0
10797196868 0
10797196996 0
10797197012 0
10797212372 0
10797212374 0
10797213254 0
10797213398 0
10797213406 0
10797228644 3
10797228788 0
10797229156 0
10797229668 0
10797229796 0
10797229812 0
10797245542 0
10797246198 0
10797261380 0
10797261508 3
10797261524 0
10797262404 0
10797262532 0
10797262548 0
10797277908 0
10797277910 2
10797277918 0
10797278932 0
10797278934 0
10797294180 0
10797294836 0
10797295204 0
10797295332 0
10797311732 0
10797311734 0
10797326916 0
10797327060 0
10797327940 0
10797328068 0
10797328084 0
10797343444 0
10797343446 0
10797359716 0
10797360740 0
10797360868 0
10797360884 0
10797392452 0
10797392596 3
10797393476 0
10797393604 0
10797393620 0
10797408980 0
10797408982 0
10797410004 0
10797410006 0
10797426404 3
10799284740 0
10799294020 0
10799294164 0
10799310406 0
10799310534 0
10799310550 0
10799326820 0
10799326948 0
10799343206 0
10799343334 0
10799343350 0
10799350276 0
10799359556 0
10799375062 3
10799391332 0
10799407862 3
10799425220 0
10799425236 0
10799458036 0
10799506134 0
10799522548 0
10799538934 1
10799539958 0
10864304196 0
10864304708 0
10864305220 0
10864305348 0
10864305732 0
10864321750 0
10864336996 3
10864337124 3
10864337508 3
10864338020 0
10864338148 0
10864338532 0
10864338660 0
10864338676 0
10864353526 3
10864354404 0
10864354550 0
10864354918 0
10864355062 0
10864355070 0
10864369732 0
10864370244 0
10864370756 0
10864371268 0
10864402532 3
10864403044 0
10864403172 0
10864403556 0
10864403684 0
10864404196 0
10864419062 0
10864419574 0
10864420086 0
10864420596 0
10864420598 0
10864435780 0
10864436292 0
10864436804 0
10864460324 0
10864468068 0
10864468212 0
10864468580 0
10864469092 0
10864469220 0
10864469236 0
10864469604 0
10864469732 0
10864484598 0
10864485110 0
10864485622 0
10864486132 0
10864486134 0
10864533604 0
10864533732 3
10864533748 3
10864534116 0
10864534260 3
10864534628 0
10864534756 0
10864535140 0
10864535268 0
10864550132 3
10864550134 3
10864550646 3
10866434148 3
10866435172 0
10866435300 0
10866435684 0
10866435812 0
10866435814 0
10866451558 0
10866451686 0
10866452070 0
10866452198 0
10866452214 0
10866499684 0
10866500708 0
10866516726 3
10866517238 0
10866565220 0
10866565364 0
10866566244 0
10866566372 0
10866566388 0
10866566884 0
10866582774 0
10866630756 0
10866631780 0
10866631908 0
10866647286 3
10866647798 3
11325175510 0
11325695702 0
11325695710 0
11325699798 0
11325699806 0
11325761238 0
11325765334 0
11325826774 0
11325826782 0
11325830870 0
11325830878 0
11326224086 0
11327796950 0
11327796958 0
11327923926 0
11327923934 0
11327928030 0
11327989462 0
11327989470 0
11327993566 0
11334084310 0
11334084318 0
11334088406 0
11334117110 2
11336312542 0
11336345342 0
11336378078 0
11401229414 0
11401229558 0
12919252548 0
12919252676 0
12919318212 0
12919776836 0
12919776964 0
12920301252 0
12936020484 0
12936028740 0
12936029764 0
12936029892 0
12936029908 0
12936046294 0
12936095300 0
12936095428 0
12936111830 0
12936151556 0
12936160836 0
12936160964 0
12936160980 0
12936226372 0
12936544772 2
12936553028 3
12936554052 0
12936554180 0
12936554196 0
12936570580 0
12936570582 0
12936570590 0
12936610308 0
12936618564 0
12936619588 0
12936619716 0
12936636116 0
12936636118 0
12936685124 0
12936685252 0
12936685268 0
12936701654 0
12936750660 0
12937069060 0
12937077316 2
12937078340 0
12937078468 0
12937094870 0
12937134596 0
12937142852 0
12937143876 0
12937144004 0
12937209412 0
12944941636 0
12944942660 0
12944942788 0
12944942804 0
12944958166 0
12944959188 0
12944959190 0
12944959198 0
12944975588 0
12945007172 0
12945008196 0
12945008324 0
12945008340 0
12945023702 0
12945024724 0
12945024726 0
12945024734 0
12945041124 0
12945073732 0
12945073860 0
12945073876 0
12945090262 0
12945090270 0
12945106532 0
12945139268 0
12945139396 0
12945139412 0
12945155798 0
13012049988 0
13012051012 0
13012051652 0
13012082788 0
13012083300 0
13012083812 2
13012083940 0
13012084452 0
13012099316 3
13012099318 3
13012100854 0
13012115524 0
13012116036 0
13012116548 0
13012148324 0
13012148836 0
13012149348 0
13012149860 0
13012149988 0
13012166390 0
13012206116 0
13012213860 0
13012214372 0
13012214884 0
13012215396 0
13012231926 0
13012279396 0
13012279908 0
13012280420 0
13074966084 0
13075097156 0
13075097284 0
13075097300 0
13075113686 0
13075162692 0
13083484740 0
13083485764 0
13083485892 0
13083485908 0
13083502294 0
13083517540 0
13083535094 0
13083550276 0
13083551300 0
13150593092 0
13150593604 0
13150594628 0
13150625892 0
13150626404 0
13150626916 0
13150627428 0
13150643958 0
13150691428 0
13150691940 0
13472921310 0
13472986838 0
13473441494 0
13473441502 0
13473445590 0
13473445598 0
13473507030 0
13473511126 0
13473511134 0
13481834206 0
13481899734 0
14009762308 0
14009762436 0
14009762692 0
14009762693 0
14009771716 0
14009771844 0
14009779076 0
14009779077 0
14009779078 0
14009779079 0
14009788100 0
14009788102 0
14009788356 0
14009788358 0
14009789399 3
14009790279 0
14009790407 0
14009790423 0
14009893380 0
14009893508 0
14009893764 0
14009893765 0
14009902788 0
14009902916 0
14009903044 0
14009910148 0
14009910149 0
14009910150 0
14009910151 0
14009919172 0
14009919174 0
14009919428 0
14009921351 0
14009921479 0
14009921495 0
14010286596 0
14010286724 0
14010286852 0
14010286980 0
14010286981 0
14010294852 3
14010295237 0
14010296004 0
14010296132 0
14010296260 0
14010303239 0
14010303364 0
14010303365 0
14010303366 0
14010303367 0
14010303383 0
14010305415 0
14010305431 0
14010312388 0
14010312390 0
14010312644 0
14010312646 0
14010312647 0
14010313685 0
14010313687 3
14010314567 0
14010314695 0
14010314709 0
14010314711 0
14010361540 0
14010377942 0
14010379223 0
14010380247 0
14010417668 0
14010417796 0
14010417924 0
14010418052 0
14010418053 0
14010427204 0
14010434311 0
14010434436 0
14010434437 0
14010434438 0
14010434439 0
14010434455 0
14010436487 0
14010436503 0
14010443716 0
14010443718 0
14010443719 0
14010445639 0
14010445767 0
14010445783 0
14010810884 0
14010811012 0
14010811268 0
14010811269 0
14010820292 0
14010820420 0
14010827652 0
14010827653 0
14010827654 0
14010827655 0
14010827671 0
14010829703 0
14010829719 0
14010836932 0
14010838855 0
14010838983 0
14010838999 0
14010941956 0
14010942084 0
14010942340 0
14010942341 0
14010951492 0
14010958724 0
14010958725 0
14010958726 0
14010958727 0
14010958743 0
14010960775 0
14010960791 0
14010968004 0
14010969927 0
14010970055 0
14010970071 0
14018675204 0
14018675332 0
14018675460 0
14018675588 0
14018675589 0
14018683460 3
14018684484 0
14018684612 0
14018684740 0
14018684868 0
14018684869 0
14018685909 0
14018686933 0
14018691844 0
14018691972 0
14018691973 0
14018691975 0
14018694023 0
14018694039 0
14018701255 0
14018702295 1
14018703317 0
14018703319 0
14018708388 0
14018717412 0
14018724773 0
14018724775 0
14018750148 0
14018750404 0
14018752469 0
14018768855 0
14018801655 0
14018806276 0
14018806404 0
14018806532 0
14018806660 0
14018806661 0
14018815684 0
14018815812 0
14018815940 0
14018815941 0
14018822918 0
14018823044 0
14018823045 0
14018823047 0
14018823063 0
14018825095 0
14018825111 0
14018834391 0
14018839460 0
14018848612 0
14018855847 0
14018857911 0
14085792964 0
14085793476 0
14085793732 0
14085816356 0
14085816740 0
14085816741 0
14085816868 0
14085817252 0
14085825764 0
14085825892 0
14085826020 0
14085826276 0
14085826404 0
14085833124 0
14085833125 0
14085833127 0
14085833636 0
14085833637 0
14085835175 0
14085835191 0
14085835703 0
14085844471 0
14085891300 0
14085891556 0
14085893109 0
14085908455 0
14085910519 0
14085947428 0
14085947812 0
14085947813 0
14085947940 0
14085948324 0
14085956964 0
14085964196 0
14085964197 0
14085964199 0
14085964709 0
14085964711 0
14085966247 0
14085966263 0
14085966775 0
14148183748 0
14148202455 0
14148314820 0
14148314821 0
14148317141 0
14148380356 0
14148699012 0
14148699013 0
14148708036 0
14148715397 0
14148715399 0
14148717447 0
14148717463 0
14148725719 0
14148726741 0
14148726743 0
14148773572 0
14148791255 0
14148830084 0
14148830085 0
14148838084 3
14148839108 0
14148839365 0
14148841429 0
14148846469 0
14148846471 0
14148848517 0
14148848519 0
14148848535 0
14148855510 0
14148857815 0
14148904644 0
14148922325 0
14148923351 0
14149232324 0
14149363396 0
14149428932 0
14157087620 0
14157087621 0
14157096644 0
14157104004 0
14157104005 0
14157104007 0
14157106053 0
14157106055 0
14157106071 0
14157113046 0
14157115335 0
14157120420 0
14157120421 0
14157136804 0
14157136805 0
14157136807 0
14157138855 0
14157138871 0
14157162180 0
14157180887 0
14157211639 0
14157212663 0
14157213687 0
14157218692 0
14157218693 0
14157226692 3
14157227716 0
14157227973 0
14157229013 0
14157230037 0
14157235076 0
14157235077 0
14157235079 0
14157237125 0
14157237127 0
14157237143 0
14157245399 3
14157246421 0
14157246423 0
14157251492 0
14157251493 0
14157260516 0
14157267876 0
14157267877 0
14157267879 0
14157269925 0
14157269927 0
14157269943 0
14157279223 0
14157293252 0
14157294549 0
14157311957 0
14157311959 0
14157326052 0
14224228516 0
14224228772 0
14224228773 0
14224229284 0
14224229285 0
14224237796 0
14224238308 0
14224245156 0
14224245157 0
14224245159 0
14224245668 0
14224245669 0
14224245671 0
14224247205 0
14224247207 0
14224247223 0
14224247717 0
14224247719 0
14224247735 0
14224256503 0
14224303332 0
14224303844 0
14224306165 0
14224335556 3
14224359588 0
14224359844 0
14224359845 0
14224360356 0
14224360357 0
14224368868 0
14224369380 0
14224369396 0
14224376228 0
14224376229 0
14224376231 0
14224376740 0
14224376741 0
14224376743 0
14224378277 0
14224378279 0
14224378293 0
14224378295 0
14224378789 0
14224378791 0
14224378807 0
14224387575 0
14224388087 0
14224434404 0
14224434916 0
14224453111 0
14224453623 0
14546665431 0
14547185623 0
14547187670 0
14547187671 0
14547188695 2
14547189703 0
14547189719 0
14547316695 0
14547318742 0
14547318743 0
14547320647 0
14547320775 0
14547320791 0
14555578327 0
14555707350 0
14685728735 0
14685732823 0
14693986263 0
14761131519 0
14761328639 0
14954167263 3
14962555871 3
15066736324 0
15083504132 0
15083513412 0
15083513540 0
15083513556 0
15083529942 0
15083569668 0
15083578948 0
15083644612 0
15083644628 0
15083661012 0
15083661014 0
15084036676 0
15084037700 0
15084037828 0
15084037844 0
15084053204 0
15084054214 0
15084054228 0
15084054230 0
15084054238 0
15084103236 0
15084103364 0
15084103380 0
15084119766 0
15084168772 0
15084168900 0
15084168916 0
15084185300 0
15084185302 0
15084185310 0
15084234436 0
15084234452 0
15084250836 0
15084250838 0
15084561988 0
15084562116 0
15084562132 0
15084578518 0
15084644054 0
15084693188 0
15086134980 0
15086266052 0
15086266068 0
15086282454 0
15086315254 3
15086347990 0
15092425284 0
15092426308 0
15092426436 0
15092426452 0
15092442836 0
15092442838 0
15092458084 0
15092458596 0
15092459108 0
15092490820 0
15092491844 0
15092491972 0
15092491988 0
15092508374 0
15092523620 0
15092524644 0
15092524772 0
15092556356 0
15092556500 0
15092557380 1
15092557508 0
15092557524 0
15092573910 0
15092589156 0
15092613636 0
15092621892 0
15092622036 0
15094523604 0
15094556404 0
15094654532 2
15094671062 0
15094703862 3
15159533636 0
15159534148 0
15159534660 0
15159535172 0
15159567604 0
15159567972 0
15159568100 0
15159583990 0
15159584502 0
15159599684 0
15159623716 3
15159631972 0
15159632996 3
15159633124 0
15159633508 0
15159633636 0
15159649526 0
15159682262 2
15159697508 0
15159698532 0
15159698660 0
15159698676 0
15159699044 0
15159699172 0
15159763044 0
15159763556 0
15159764068 0
15159764196 0
15159764580 0
15159764708 0
15159780598 0
15161795684 0
15161795812 0
15161796324 0
15161812214 3
15161812726 3
15161861220 0
15161861860 0
15222056516 0
15222056644 0
15222122052 0
15222579908 3
15222579924 0
15222580804 0
15222580932 0
15222580948 0
15222597334 0
15222597342 0
15222645460 0
15222646340 0
15222646468 0
15222646484 0
15222661844 0
15222661846 0
15222662870 0
15223105220 0
15223170628 0
15224694486 0
15224694494 0
15230968388 0
15230968532 0
15230969412 0
15230969540 0
15230969556 0
15230984916 0
15230984918 0
15230985942 0
15231002212 0
15231002340 0
15231002356 0
15231018740 0
15231018742 0
15231034068 0
15231034948 0
15231035076 0
15231035092 0
15231050452 0
15231050454 0
15231051478 0
15231066724 0
15231066868 0
15231084278 0
15233115894 0
15233147606 0
15233148630 0
15233180406 0
15233181430 0
15298109540 0
15298109668 3
15298109684 0
15298110196 0
15298110564 0
15298110708 0
15298111076 0
15298111204 0
15298126070 0
15298126582 0
15298175076 0
15298176100 0
15298176740 0
15298192630 0
15300272228 0
15300288758 3
15300290294 0
15620597462 0
15620925142 0
15620925150 0
15620929238 0
15620929246 0
15620990678 0
15620994774 0
15620994782 0
15621056214 0
15621056222 0
15621060310 0
15621060318 0
15621121750 0
15621125846 0
15621449430 0
15621646038 0
15623026390 0
15623026398 0
15623091926 0
15623153366 0
15623153374 0
15623157470 0
15623218902 0
15623223006 0
15629313750 0
15629313758 0
15629317854 0
15629379286 0
15629383382 0
15629383390 0
15629448926 0
15631611614 0
15759468246 0
15759468254 0
15759472342 0
15759472350 0
15761565398 0
15761565406 0
15761568478 0
15761569494 0
15761569502 0
15761635038 0
15767856862 0
15767889662 0
15769954014 0
16157246084 0
16157246340 0
16157254340 2
16157255364 0
16157255492 0
16157262727 0
16157273047 3
16157321157 0
16157377028 0
16157377156 0
16157377412 0
16157377413 0
16157386436 0
16157386564 0
16157386692 0
16157393796 0
16157393797 0
16157393799 0
16157403076 0
16157770244 0
16157770372 0
16157770500 0
16157770628 0
16157770629 0
16157772677 0
16157779652 0
16157779908 0
16157781957 0
16157781973 0
16157786887 0
16157787012 0
16157787013 0
16157787014 0
16157787015 0
16157789061 0
16157789063 0
16157789077 0
16157789079 0
16157796036 0
16157796038 0
16157796294 0
16157797335 0
16157798357 0
16157798359 0
16157845444 0
16157845445 0
16157846485 0
16157847509 0
16157862871 0
16157863895 0
16157901316 0
16157901444 0
16157901572 0
16157901700 0
16157901701 0
16157903749 0
16157910724 0
16157910852 0
16157910980 0
16157917959 0
16157918084 0
16157918085 0
16157918087 0
16157918103 0
16157920133 0
16157920135 0
16157920149 0
16157920151 0
16157927110 0
16157927364 0
16157927382 0
16157929287 0
16157929415 0
16157929431 0
16157994967 0
16158294660 0
16158294916 0
16158294917 0
16158303812 0
16158311301 0
16158320324 0
16158369476 0
16158425604 0
16158425732 0
16158425988 0
16158425989 0
16158435140 0
16158442372 0
16158442373 0
16158442375 0
16158444423 0
16158444439 0
16158451652 0
16158453575 0
16158453703 0
16159483716 0
16160008004 0
16160025559 0
16166158852 0
16166158980 0
16166159108 0
16166159236 0
16166159237 0
16166161285 0
16166168260 0
16166168516 0
16166168517 0
16166170565 0
16166170581 0
16166175621 0
16166175623 0
16166177669 0
16166177671 0
16166177685 0
16166177687 0
16166184662 0
16166185941 0
16166185943 2
16166186965 0
16166186967 0
16166191652 0
16166201060 0
16166218743 2
16166233796 0
16166234053 0
16166234069 0
16166236117 0
16166251479 0
16166252503 0
16166266596 0
16166289924 0
16166290052 0
16166290180 0
16166290308 0
16166290309 0
16166292357 0
16166292373 0
16166299332 0
16166299460 0
16166299588 0
16166306692 0
16166306693 0
16166306695 0
16166308741 0
16166308743 0
16166308757 0
16166308759 0
16166315990 0
16166317015 0
16166318039 0
16166322724 0
16166323108 0
16166323109 0
16166332132 0
16166332260 0
16166339366 0
16166339493 0
16166341543 0
16166341559 0
16166348790 0
16166350839 0
16166364868 0
16166382551 0
16168256004 0
16168288804 0
16168387076 0
16168415191 0
16168419876 0
16168429284 0
16168445942 0
16168445943 0
16168446967 0
16168447991 0
16168511479 0
16168512503 0
16233276612 0
16233277124 0
16233293253 0
16233295319 0
16233300389 0
16233300516 0
16233309412 0
16233309540 0
16233309668 0
16233309669 0
16233309924 0
16233316772 0
16233316773 0
16233317284 0
16233326070 0
16233328119 0
16233328631 0
16233342148 0
16233343445 0
16233374948 0
16233431460 0
16233431461 0
16233431588 0
16233431972 0
16233431973 0
16233439988 0
16233440356 0
16233440484 0
16233440612 0
16233440740 0
16233440741 0
16233441124 0
16233447845 0
16233447847 0
16233448357 0
16233448359 0
16233449895 0
16233449911 0
16233450407 0
16233450423 0
16233456118 0
16233456630 0
16233457125 0
16233457127 0
16233457142 0
16233457654 0
16233459191 0
16233459703 0
16233506020 0
16233524727 0
16235537508 0
16235537636 0
16235537764 0
16235537892 0
16235538276 0
16235538404 0
16235553270 0
16235554279 0
16235554294 0
16235554806 0
16235556343 0
16235556855 0
16235621879 0
16295667396 0
16295798468 0
16295798469 0
16295798725 0
16295800789 0
16295814871 0
16295817175 0
16295864004 0
16296199045 0
16296207319 0
16296210391 0
16296313476 0
16296313732 0
16296313733 0
16296315781 0
16296321604 3
16296321748 0
16296321749 0
16296322756 0
16296322757 3
16296322772 0
16296322773 3
16296323012 0
16296323013 0
16296323028 0
16296323029 0
16296323781 0
16296324053 0
16296325061 0
16296325077 0
16296330116 0
16296330117 0
16296330119 0
16296332167 0
16296332181 0
16296332183 0
16296338134 0
16296338135 0
16296338391 0
16296339157 0
16296339159 0
16296339413 0
16296339415 0
16296340183 0
16296340437 0
16296340439 0
16296340447 0
16296341207 0
16296341215 0
16296341461 0
16296341463 0
16296341471 0
16296379012 3
16296387284 0
16296387285 0
16296387541 0
16296388292 0
16296388293 3
16296388309 0
16296388549 0
16296388565 0
16296389333 0
16296389589 0
16296390357 0
16296390613 0
16296403669 0
16296403670 0
16296403671 0
16296403679 0
16296403927 0
16296404695 0
16296404949 0
16296404951 0
16296405719 0
16296405727 0
16296405973 0
16296405975 0
16296405983 0
16296406741 0
16296406743 0
16296406997 0
16296406999 0
16296407007 0
16296847044 0
16296865751 0
16297963461 0
16298410628 0
16298422229 0
16298422231 0
16298429335 0
16298436311 0
16298437591 0
16298438359 0
16298438599 0
16298438615 0
16298438623 0
16298471159 1
16298471415 0
16298471423 0
16298476164 0
16298485445 0
16298485461 0
16298485701 0
16298485717 0
16298487509 0
16298487749 0
16298487765 0
16298487767 0
16298494871 0
16298501847 0
16298502101 0
16298502103 0
16298503127 0
16298503135 0
16298503895 0
16298504149 0
16298504151 0
16298504159 0
16298536951 0
16299012037 0
16304571268 0
16304580292 0
16304587653 0
16304587655 0
16304589701 0
16304589703 0
16304589719 0
16304613092 0
16304620455 0
16304645828 0
16304664535 0
16304678628 0
16304696311 0
16304697335 0
16304702084 0
16304702340 0
16304702341 0
16304704389 0
16304704405 0
16304710212 3
16304710356 0
16304710357 0
16304711364 0
16304711365 0
16304711380 0
16304711381 0
16304711620 0
16304711621 0
16304711637 0
16304712405 0
16304712661 0
16304713429 0
16304713669 0
16304713685 0
16304718724 0
16304718725 0
16304718727 0
16304720773 0
16304720775 0
16304720789 0
16304720791 0
16304726741 0
16304726742 0
16304726743 0
16304726999 0
16304727765 0
16304727766 0
16304727767 0
16304728021 0
16304728022 0
16304728023 0
16304728789 0
16304728791 0
16304729045 0
16304729047 0
16304729055 0
16304729813 0
16304729815 0
16304729823 0
16304730069 0
16304730071 0
16304730079 0
16304734884 0
16304735140 0
16304735141 0
16304737189 0
16304743157 0
16304744164 0
16304744165 0
16304744180 0
16304744181 0
16304744420 0
16304744437 0
16304745205 0
16304745461 0
16304746229 0
16304746485 0
16304751525 0
16304751527 0
16304753573 0
16304753575 0
16304753589 0
16304753591 0
16304759543 0
16304759797 0
16304759799 0
16304760565 0
16304760566 0
16304760567 0
16304760574 0
16304760821 0
16304760823 0
16304761591 0
16304761599 0
16304761845 0
16304761847 0
16304761855 0
16304762613 0
16304762615 0
16304762623 0
16304762869 0
16304762871 0
16304762879 0
16304767620 3
16304775893 0
16304776900 0
16304776901 0
16304776916 0
16304776917 0
16304777157 0
16304777173 0
16304777941 0
16304778197 0
16304778965 0
16304779221 0
16304792278 0
16304792279 0
16304792535 0
16304793301 0
16304793303 0
16304793557 0
16304793559 0
16304794325 0
16304794327 0
16304794335 0
16304794581 0
16304794583 0
16304794591 0
16304795349 0
16304795351 0
16304795605 0
16304795607 0
16304795615 0
16304809700 0
16304809701 0
16304809717 0
16304809957 0
16304809973 0
16304810741 0
16304810997 0
16304811749 0
16304811765 0
16304812005 0
16304812021 0
16304825079 0
16304826103 0
16304826357 0
16304827125 0
16304827127 0
16304827381 0
16304827383 0
16304827391 0
16304828149 0
16304828151 0
16304828159 0
16304828405 0
16304828407 0
16304828415 0
16306799236 0
16306799492 0
16306799493 0
16306801541 0
16306808516 0
16306808532 0
16306808533 0
16306808789 0
16306810581 0
16306810837 0
16306817943 0
16306824918 0
16306824919 0
16306825175 0
16306826199 0
16306826967 0
16306827223 0
16306827231 0
16306841316 0
16306841317 0
16306841332 0
16306841572 0
16306841573 0
16306841589 0
16306842357 0
16306843365 0
16306843381 0
16306843383 0
16306843621 0
16306843637 0
16306843639 0
16306850743 0
16306857718 0
16306857719 0
16306857959 0
16306857974 0
16306857975 0
16306858751 0
16306858999 0
16306859007 0
16306859767 0
16306859775 0
16306860023 0
16306860031 0
16306864772 3
16306866821 0
16306867093 3
16306867095 3
16306874052 0
16306874053 0
16306874069 0
16306874325 0
16306876101 0
16306876117 0
16306876357 0
16306876373 0
16306883479 3
16306890453 0
16306890455 0
16306890711 0
16306891735 0
16306891743 0
16306892503 0
16306892757 0
16306892759 0
16306892767 0
16306897572 0
16306906853 0
16306906869 0
16306907109 0
16306907125 0
16306908901 0
16306908917 0
16306909173 0
16306909175 0
16306916279 0
16306922239 0
16306923255 0
16306923511 0
16306924535 0
16306924543 0
16306925303 0
16306925311 0
16306925557 0
16306925559 0
16306925567 0
16371707351 0
16371712420 0
16371712421 0
16371721444 0
16371724261 0
16371728804 0
16371728805 0
16371728807 0
16371729317 0
16371730853 0
16371730855 0
16371730871 0
16371740151 0
16371786980 0
16371819220 0
16371819221 0
16371819716 0
16371819733 0
16371819972 0
16371819973 0
16371820228 0
16371820229 0
16371820245 0
16371820484 0
16371820485 0
16371820501 0
16371821013 0
16371821525 0
16371822037 0
16371822293 0
16371822549 0
16371835095 0
16371835606 0
16371835607 0
16371835863 0
16371836117 0
16371836375 0
16371836629 0
16371836630 0
16371836631 0
16371836885 0
16371836887 0
16371837399 0
16371837909 0
16371837911 0
16371837919 0
16371838423 0
16371838431 0
16371838935 0
16371838943 0
16371843236 0
16371843492 0
16371843493 0
16371843748 0
16371844004 0
16371844005 0
16371845541 0
16371845557 0
16371846053 0
16371851493 0
16371851508 0
16371851509 0
16371852021 0
16371852516 0
16371852517 0
16371852532 0
16371852533 0
16371852772 0
16371852773 0
16371852789 0
16371853028 0
16371853029 0
16371853044 0
16371853045 0
16371853541 0
16371853557 0
16371853813 0
16371853815 0
16371854053 0
16371854069 0
16371854325 0
16371854565 0
16371854581 0
16371854821 0
16371854837 0
16371854839 0
16371855093 0
16371855333 0
16371855349 0
16371859876 0
16371859877 0
16371859879 0
16371860388 0
16371860389 0
16371860391 0
16371861925 0
16371861927 0
16371861941 0
16371861943 0
16371862437 0
16371862439 0
16371862453 0
16371862455 0
16371867894 0
16371868150 0
16371868151 0
16371868406 0
16371868407 0
16371868663 0
16371868916 0
16371868917 0
16371868918 0
16371868919 0
16371868926 0
16371869156 0
16371869157 0
16371869159 0
16371869175 0
16371869429 0
16371869430 0
16371869431 0
16371869439 0
16371869684 0
16371869943 0
16371870197 0
16371870199 0
16371870207 3
16371870455 0
16371870463 0
16371870709 0
16371870711 0
16371870719 0
16371870967 0
16371870975 0
16371871221 0
16371871223 0
16371871231 0
16371871479 0
16371871487 0
16371871733 0
16371871735 0
16371871743 0
16371884245 0
16371884501 0
16371885269 0
16371885781 0
16371886549 0
16371887061 0
16371888069 0
16371888085 0
16371900630 0
16371901142 0
16371902933 0
16371902935 0
16371903191 0
16371903447 0
16371903455 0
16371903959 0
16371904471 0
16371917044 0
16371917045 0
16371917556 0
16371917557 0
16371917924 0
16371918052 0
16371918068 0
16371918069 0
16371918308 0
16371918309 0
16371918324 0
16371918564 0
16371918820 0
16371918821 0
16371919077 0
16371919093 0
16371919349 0
16371919605 0
16371919861 0
16371920101 0
16371920117 0
16371920357 0
16371920373 0
16371920629 0
16371920885 0
16371933430 0
16371933941 0
16371933943 0
16371933951 0
16371934454 0
16371934455 0
16371934692 0
16371934711 0
16371934966 0
16371934967 0
16371935479 0
16371935733 0
16371935735 0
16371935989 0
16371935991 0
16371936245 0
16371936247 0
16371936255 0
16371936503 0
16371936511 0
16371936757 0
16371936759 0
16371936767 0
16371937015 0
16371937271 0
16371937279 0
16373933782 0
16373934551 0
16373935063 0
16373935575 0
16373935583 0
16373936087 0
16373942693 0
16373948645 0
16373948660 0
16373948661 0
16373949173 0
16373949668 0
16373949669 0
16373949684 0
16373949685 0
16373949925 0
16373949940 0
16373950180 0
16373950181 0
16373950196 0
16373950197 0
16373950436 0
16373950437 0
16373950693 0
16373950709 0
16373950711 0
16373950965 0
16373950967 0
16373951221 0
16373951477 0
16373951479 0
16373951733 0
16373951973 0
16373951989 0
16373951991 0
16373952229 0
16373952245 0
16373952247 0
16373952485 0
16373952501 0
16373952503 0
16373959591 0
16373959605 0
16373965046 0
16373965047 0
16373965302 0
16373965558 0
16373965559 0
16373965567 0
16373965814 0
16373965815 0
16373966070 0
16373966071 0
16373966078 0
16373966326 0
16373966582 0
16373966583 0
16373966590 0
16373966591 0
16373966823 0
16373966838 0
16373966839 0
16373967095 0
16373967351 0
16373967359 3
16373967607 0
16373967615 0
16373967863 0
16373967871 0
16373968119 0
16373968127 0
16373968373 0
16373968375 0
16373968383 0
16373968631 0
16373968639 0
16373968887 0
16373968895 0
16373982421 0
16373982933 0
16373985237 0
16373991831 3
16373999319 0
16374000087 0
16374000599 0
16374000607 0
16374001111 0
16374001623 0
16374001631 0
16374014181 0
16374014196 0
16374014197 0
16374014708 0
16374014709 0
16374015205 0
16374015221 0
16374015477 0
16374015716 0
16374015717 0
16374015732 0
16374015733 0
16374016229 0
16374016245 0
16374016247 0
16374016501 0
16374016503 0
16374016741 0
16374016757 0
16374016759 0
16374017013 0
16374017015 0
16374017253 0
16374017269 0
16374017271 0
16374017525 0
16374017527 0
16374017765 0
16374017781 0
16374017783 0
16374018037 0
16374018039 0
16374030582 0
16374030583 0
16374031094 0
16374031351 0
16374031605 0
16374031607 0
16374032118 0
16374032119 0
16374032375 0
16374032629 0
16374032631 0
16374032885 0
16374032887 0
16374033141 0
16374033143 0
16374033151 0
16374033397 0
16374033399 0
16374033407 0
16374033655 0
16374033663 0
16374033911 0
16374033919 0
16374034167 0
16374034175 0
16374034421 0
16374034423 0
16374034431 0
16564775895 0
16564775903 0
16564776919 0
16564776927 0
16564841431 0
16564841439 0
16564842455 0
16564842463 0
16566873047 0
16566874071 0
16566874079 0
16566906871 0
16566938583 0
16566938591 0
16566939607 0
16566939615 0
16566972407 0
16573164503 0
16573164511 0
16573165527 0
16573165535 0
16573197303 0
16573197311 0
16573198327 0
16573198335 0
16573230039 0
16573230047 3
16573231063 0
16573231071 0
16573262839 3
16573262847 3
16573263863 0
16573263871 0
16575261655 0
16575261663 0
16575262679 0
16575262687 0
16575294455 0
16575294463 0
16575295479 0
16575295487 0
16575327191 1
16575327199 2
16575328215 0
16575328223 0
16575359991 0
16575359999 2
16575361015 0
16575361023 0
16640272855 0
16640272863 0
16640273367 0
16640273879 0
16640273887 0
16640274391 0
16640274399 0
16640305655 0
16640305663 3
16640306167 0
16640306175 0
16640306679 0
16640306687 0
16640307191 0
16640307199 0
16640338903 0
16640338911 0
16640339415 0
16640339927 0
16640371703 0
16640371711 3
16640372215 0
16640372727 0
16642370519 0
16642371031 0
16642371543 0
16642402807 0
16642402815 3
16642403319 0
16642403327 0
16642403831 0
16642403839 0
16642404343 0
16642404351 0
16642436055 0
16642436063 0
16642437079 0
16642437087 0
16642468343 1
16642468351 3
16642468855 0
16642468863 0
16642469367 0
16642469375 0
16642469879 0
16642469887 0
16694671070 0
16694673367 0
16694799319 0
16694800343 0
16694804439 0
16703059678 0
16833083102 0
16833211103 0
16833211351 0
16833211359 0
16833212375 0
16833212383 0
16833214174 0
16833215455 0
16833216479 0
16833276887 0
16833276895 0
16833277911 0
16833277919 0
16833279710 0
16833280991 3
16833282015 0
16835308503 0
16835309527 0
16835309535 0
16835311327 3
16835313631 0
16835342327 0
16835346423 0
16835374039 0
16835374047 0
16835374807 0
16835375063 0
16835375071 0
16835378135 0
16835378143 0
16835379159 0
16835379167 0
16835407863 0
16835410943 0
16835411959 0
16841471710 0
16841599959 0
16841599967 0
16841600983 0
16841600991 0
16841602782 0
16841604055 0
16841604063 0
16841605087 0
16841631486 0
16841632759 0
16841632767 0
16841633783 0
16841633791 0
16841635582 0
16841637887 0
16841665495 0
16841665503 0
16841666271 0
16841666519 0
16841666527 0
16841668318 0
16841669599 3
16841670623 0
16841698303 0
16841699071 0
16841699327 0
16841702399 0
16841703167 0
16841703423 0
16843697111 0
16843697119 0
16843698135 0
16843698143 0
16843701215 0
16843702239 0
16843729911 0
16843729919 0
16843730935 0
16843730943 0
16843734015 0
16843734783 0
16843735031 0
16843735039 0
16843762647 0
16843762655 0
16843763671 0
16843763679 0
16843766743 0
16843766751 0
16843767767 0
16843767775 0
16843795447 0
16843795455 0
16843796223 0
16843796471 0
16843796479 0
16843799543 0
16843799551 0
16843800319 0
16843800567 0
16843800575 0
16908708311 0
16908708823 0
16908709343 0
16908712415 0
16908713951 0
16908739838 0
16908741119 3
16908741631 3
16908741887 0
16908742135 0
16908742143 0
16908742399 0
16908742647 0
16908742655 0
16908743934 0
16908745215 3
16908745983 0
16908746239 0
16908746751 0
16908774359 0
16908774367 0
16908778463 0
16908807671 0
16908807935 0
16908808191 0
16908811263 3
16908812287 0
16910807007 0
16910810591 0
16910811103 0
16910838271 3
16910838775 0
16910839039 0
16910839295 0
16910839551 0
16910839799 0
16910839807 0
16910843895 0
16910843903 0
16910870999 0
16910871511 0
16910871519 0
16910872535 0
16910872543 0
16910875607 0
16910875615 0
16910876631 0
16910876639 0
16910904311 0
16910904319 0
16910905335 0
16910905343 0
16910909431 0
16910909439 0
17101585375 2
17101646807 0
17101646815 0
17101647831 0
17101647839 0
17101650903 0
17101650911 3
17101651927 0
17101651935 0
17101712343 0
17101712351 0
17101713367 0
17101713375 0
17101716447 3
17103743959 0
17103743967 0
17103744983 0
17103744991 0
17103748055 0
17103748063 0
17103749079 0
17103749087 0
17103776759 0
17103777783 0
17103777791 0
17103780855 0
17103780863 0
17103781879 0
17103781887 0
17103809495 0
17103809503 0
17103810519 0
17103810527 0
17103813591 0
17103813599 0
17103814615 0
17103814623 0
17103843319 0
17103843327 0
17103846391 0
17103846399 0
17103847415 0
17103847423 0
17110035415 0
17110035423 0
17110036439 0
17110036447 0
17110039511 0
17110039519 3
17110040543 0
17110068215 0
17110068223 3
17110069239 0
17110069247 0
17110072319 3
17110073343 0
17110100951 0
17110100959 3
17110101975 0
17110101983 0
17110105055 3
17110133759 3
17110137855 3
17112132567 0
17112132575 0
17112133591 0
17112133599 0
17112136663 0
17112136671 0
17112137687 0
17112137695 0
17112165367 0
17112165375 0
17112166391 0
17112166399 0
17112169463 0
17112169471 0
17112170487 0
17112170495 0
17112198103 0
17112198111 1
17112199127 0
17112199135 0
17112202199 0
17112202207 0
17112203223 0
17112203231 0
17112230903 0
17112230911 3
17112231927 0
17112231935 0
17112234999 0
17112235007 0
17112236023 0
17112236031 0
17177143767 0
17177144279 0
17177144287 0
17177145303 0
17177176575 3
17177177087 3
17177177599 0
17177178103 0
17177180671 3
17177181183 3
17177181695 0
17177209815 0
17177209823 0
17177242623 3
17177246207 3
17177246719 3
17179241431 0
17179241439 0
17179242455 0
17179242463 0
17179245527 0
17179245535 0
17179246551 0
17179246559 0
17179273727 3
17179274231 0
17179274239 3
17179274751 0
17179275255 0
17179275263 0
17179277823 3
17179278327 0
17179278335 0
17179279351 0
17179279359 0
17179306455 0
17179306967 0
17179306975 0
17179307991 0
17179307999 0
17179311063 0
17179311071 0
17179312087 0
17179312095 0
17179339775 3
17179340791 0
17179340799 0
17179344887 0
17179344895 0

# Neuron 10: 3472 entries
# Connections: [339, 12, 71, 319, 144, 332, 60, 213, 176, 66, 354, 26, 11, 62, 78, 180, 290, 76, 213, 183, 246, 278, 22, 167, 101, 170, 114, 210, 69, 78, 172, 350, 53, 166]
537135104 0
537135168 0
537217024 0
537217088 0
537264128 3
537264129 0
537264132 0
537264192 0
537264193 0
537264196 0
537264256 0
537264260 0
537264320 0
537265153 0
537265217 0
537265281 0
537265417 0
537266176 0
537266177 0
537266180 0
537266181 0
537266240 0
537266241 0
537266304 0
537266305 0
537266368 0
537267201 0
537267205 0
537267265 0
537267457 0
537267465 0
537267521 0
537267529 0
537268225 0
537268289 0
537269249 0
537269253 0
537269313 2
537269377 0
537269633 0
537269641 0
537271297 0
537271301 0
537271361 3
537271365 0
537271425 0
537271429 0
537271489 0
537271553 0
537271557 0
537271561 0
537271565 0
537271621 0
537271629 0
537271689 0
537277833 0
537280512 0
537280576 0
537280640 0
537280641 0
537280644 0
537280645 0
537280704 0
537281537 1
537281601 0
537282560 0
537282561 0
537282624 0
537282625 0
537282688 0
537282689 0
537282752 0
537283585 0
537283649 0
537283713 0
537283841 0
537283849 0
537283905 0
537283913 0
537285761 0
537285765 0
537286785 0
537287681 3
537287685 3
537287809 3
537287813 3
537287873 0
537287937 2
537287945 1
537288009 0
537288065 3
537288073 0
537288137 0
537329728 3
537329729 3
537330753 2
537331776 3
537332737 0
537346048 0
537346049 0
537346052 0
537346053 0
537346112 0
537346113 0
537346116 0
537346117 0
537346176 0
537346177 0
537346180 0
537346244 0
537347073 0
537347137 0
537348096 0
537348097 1
537348100 0
537348101 0
537348160 0
537348164 0
537348224 3
537349121 0
537349185 0
537349377 0
537349385 0
537349441 0
537349449 0
537350145 0
537350209 0
537351169 0
537351173 0
537351233 0
537352193 2
537352197 0
537353217 0
537353221 0
537353281 0
537353285 0
537353345 2
537353473 0
537353477 0
537353481 0
537353485 0
537353537 0
537353541 0
537353549 0
541329408 0
541329472 0
541345792 0
541345796 0
541411328 0
541411392 0
541460480 0
541460481 0
541460484 0
541460485 0
541460544 0
541460545 0
541460548 0
541460549 0
541460608 0
541460609 0
541460612 0
541460613 0
541460672 0
541460676 0
541461505 0
541461509 0
541461569 0
541461573 0
541461633 0
541461637 0
541461697 0
541461761 0
541461765 0
541461769 0
541461825 0
541461833 0
541464577 0
541464581 0
541465601 0
541465605 0
541465665 3
541465669 0
541465729 0
541465733 0
541465793 0
541465857 0
541465861 0
541465865 0
541465869 0
541465921 0
541465929 0
541465933 0
541465985 0
541465989 0
541465993 0
541465997 0
541466049 0
541466057 0
541476864 0
541476865 0
541476866 0
541476868 0
541476869 0
541476928 0
541476929 0
541476992 0
541476993 0
541476996 0
541476997 0
541477056 0
541477057 0
541477889 0
541477953 0
541478017 0
541478081 0
541478145 0
541478153 0
541478209 0
541478217 0
541480961 0
541481089 0
541481153 0
541481985 0
541481989 0
541482049 0
541482113 0
541482115 0
541482117 0
541482177 0
541482181 0
541482241 0
541482245 0
541482249 0
541482251 0
541482253 0
541482305 0
541482309 0
541482313 0
541482317 0
541482369 0
541482373 0
541482377 0
541482381 0
541482433 0
541482441 0
541526016 0
541526017 0
541526020 0
541526021 0
541526080 3
541526081 3
541526084 0
541527041 0
541527105 3
541527297 0
541527305 0
541527369 0
541531137 0
541531141 0
541531205 0
541531393 0
541531405 0
541542400 0
541542401 0
541542404 0
541542405 0
541542464 0
541542465 0
541542468 0
541542469 0
541542528 0
541542529 0
541542532 0
541542533 0
541542592 0
541542593 0
541542596 0
541543425 0
541543429 0
541543489 0
541543493 0
541543553 0
541543557 0
541543617 0
541543621 0
541543681 0
541543689 0
541543745 0
541543753 0
541546497 0
541546501 0
541546565 0
541547521 0
541547525 0
541547585 0
541547589 0
541547649 0
541547653 0
541547713 0
541547777 0
541547781 0
541547785 0
541547789 0
541547841 0
541547845 0
541547849 0
541547853 0
541547905 0
541547909 0
541547913 0
541547917 0
541547969 0
541547977 0
541547981 0
545652740 0
545659909 0
545736708 0
549849092 0
549849093 0
549849156 0
549849284 0
549850117 0
549850181 0
549854213 0
549854341 0
549854469 0
549854477 0
549865476 0
549865477 0
549865540 0
549865541 0
549866501 0
549866565 0
549870597 0
549870661 0
549870725 0
549870853 0
549870861 0
549870917 0
549870925 0
549870981 0
549870989 0
549931012 0
549931013 0
549931076 0
549931140 0
549931204 0
549932037 0
549932101 0
549936133 0
549936197 0
549936389 0
549936397 0
549936461 0
570832265 0
575045001 0
604358720 0
604405824 0
604405828 0
604407872 0
604407873 0
604407876 0
604408000 0
604408897 0
604409153 0
604409161 0
604410945 0
604412993 0
604412997 0
604413121 0
604413249 0
604413253 0
604413257 0
604413261 0
604413385 0
604424256 0
604424257 0
604424384 0
604424385 0
604425281 0
604425409 0
604425537 0
604425545 0
604429505 0
604429641 0
604429761 0
604429769 0
604471360 3
604471361 3
604471364 0
604472385 3
604473408 3
604473412 0
604474433 0
604474689 0
604474697 0
604478797 0
604487745 0
604487748 0
604488769 0
604489792 0
604489793 0
604489796 0
604490817 0
604491073 0
604491081 0
604491841 0
604492865 0
604493893 0
604494913 0
604494917 0
604495169 0
604495173 0
604495177 0
604495181 0
608471104 0
608553024 0
608602176 0
608602177 0
608602180 0
608602181 0
608602304 0
608602305 0
608602308 0
608603201 0
608603205 0
608603457 0
608603461 0
608603465 0
608603469 0
608606401 0
608607297 0
608607301 0
608607425 0
608607553 0
608607557 0
608607561 0
608607565 0
608607681 0
608607689 0
608618560 0
608618561 0
608618688 0
608618689 0
608619585 0
608619713 0
608619717 0
608619841 0
608619849 0
608622785 0
608623681 0
608623809 0
608623813 0
608623937 0
608623945 0
608623949 0
608624065 0
608624073 0
608667712 3
608667713 3
608667716 0
608668737 0
608668993 0
608669001 0
608684096 0
608684097 0
608684100 0
608684101 0
608684224 0
608684225 0
608684228 0
608685121 0
608685125 0
608685249 0
608685377 0
608685385 0
608688193 0
608689217 0
608689221 0
608689345 0
608689473 0
608689477 0
608689481 0
608689485 0
608689601 0
608689609 0
608689613 0
612794436 0
612801869 0
616990788 0
616990789 0
616991813 0
616995909 0
616996165 0
616996173 0
617012557 0
617072708 0
617072709 0
617073733 0
617077829 0
617078093 0
672088080 0
672088081 0
672088084 0
672088085 0
672088208 0
672089105 0
672089109 0
672089361 0
672089365 0
672089369 0
672089373 0
672090128 3
672091153 3
672093201 0
672093205 0
672093461 0
672093469 0
672095249 3
672095377 3
672095505 2
672095641 2
673136656 0
673136657 0
673136660 0
673136661 0
673136784 0
673137168 0
673137169 0
673137172 0
673137173 0
673137681 0
673137685 0
673137937 0
673137941 0
673137945 0
673137949 0
673138193 0
673138197 0
673138449 0
673138453 0
673138457 0
673138461 0
673139345 0
673139729 0
673141777 0
673141781 0
673142037 0
673142045 0
673142289 0
673142293 0
673142549 0
673142553 0
673142557 0
676284432 0
676284433 0
676284436 0
676284437 0
676284496 0
676284560 0
676284561 0
676284624 0
676285457 0
676285461 0
676285585 0
676285713 0
676285717 0
676285721 0
676285725 0
676289553 0
676289557 0
676289681 0
676289809 0
676289817 0
676289821 0
676289881 0
676289937 0
676289945 0
676289949 0
676290009 0
677333008 0
677333012 0
677333013 0
677334037 0
677338133 0
677338397 0
677338521 0
677338645 0
677338897 0
677338905 0
680476692 0
680476693 0
680477717 0
680481813 0
680482069 0
680482077 0
681525268 0
681525269 0
681525780 0
681525781 0
681526293 0
681526805 0
681530389 0
681530645 0
681530653 0
681530901 0
681531157 0
681531165 0
684678165 0
684678429 0
689914384 0
689914388 0
689914389 0
689915409 0
689915413 0
689915665 0
689915669 0
689915673 0
689915677 0
689916432 3
689916560 3
689917585 0
689917721 2
689919509 0
689919765 0
689919773 0
689920529 2
689921553 3
689921681 2
689921817 2
689921945 0
693979664 0
694110736 0
694110740 0
694110741 0
694111761 0
694111765 0
694112017 0
694112025 0
694115857 0
694115861 0
694115893 0
694115985 0
694116121 0
694116153 0
694116249 0
694116253 0
698302996 0
698302997 0
698304021 0
698308117 0
698308373 0
698308381 0
702504469 0
743427417 0
743431249 0
743431505 0
743431513 0
757063377 0
761253457 0
761257585 0
761257817 0
805699584 0
805699585 3
805699588 0
805699712 1
805699713 0
805699716 0
805700609 3
805700865 3
805701632 3
805701633 0
805701696 0
805701760 3
805701761 3
805702657 3
805702721 2
805702785 3
805702849 0
805702913 0
805702921 0
805702977 0
805702985 0
805703041 0
805703681 0
805704705 2
805704709 2
805704833 0
805705857 3
805706753 3
805706817 0
805706881 3
805706945 0
805707009 0
805707017 0
805707137 0
805707145 1
805707201 0
805707209 0
805715968 3
805715969 3
805715972 3
805715973 2
805716096 0
805716993 3
805716997 3
805718144 0
805719305 3
805720065 2
805721089 3
805721093 3
805721217 3
805721221 3
805721353 2
805721473 0
805721481 0
805723265 3
805723269 2
805723329 0
805723333 0
805723405 0
805723521 3
805723529 3
805723585 0
805723593 0
805723597 0
805765188 0
805772553 0
805772617 0
805772749 0
805783552 2
805788937 0
809895936 0
809895937 0
809895940 0
809896000 0
809896001 0
809896004 0
809896005 0
809896064 0
809896065 0
809896068 0
809896128 0
809896132 0
809896961 0
809897025 0
809897029 0
809897089 0
809897153 0
809897217 0
809897225 0
809897281 0
809897289 0
809897345 0
809900033 0
809900097 0
809900161 0
809901057 0
809901061 0
809901121 0
809901125 0
809901185 0
809901189 0
809901249 0
809901253 0
809901313 0
809901317 0
809901321 0
809901325 0
809901377 0
809901385 0
809901389 0
809901441 0
809901445 0
809901449 0
809901453 0
809901505 0
809901513 0
809901517 0
809912320 0
809912321 0
809912324 0
809912384 0
809912385 0
809912388 0
809912448 0
809912449 0
809912452 0
809912453 0
809912512 0
809912513 0
809912516 0
809913345 0
809913347 0
809913349 0
809913409 0
809913473 0
809913477 0
809913537 0
809913541 0
809913601 0
809913609 0
809913611 0
809913673 0
809916417 0
809916545 0
809916609 0
809917441 0
809917445 0
809917505 0
809917569 0
809917571 0
809917573 0
809917633 0
809917635 0
809917637 0
809917697 0
809917701 0
809917705 0
809917709 0
809917761 0
809917773 0
809917825 0
809917827 0
809917829 0
809917833 0
809917837 0
809917889 0
809917893 0
809917897 0
809917901 0
809961472 0
809961473 0
809961476 0
809961536 0
809961540 0
809961668 0
809962561 0
809966593 0
809966597 0
809966657 0
809966661 0
809966721 0
809966785 0
809966849 0
809966853 0
809966857 0
809966861 0
809966921 0
809966925 0
809966977 0
809966985 0
809966989 0
809967053 1
809977856 0
809977857 0
809977860 0
809977861 0
809977920 0
809977921 0
809977924 0
809977984 0
809977985 0
809977988 0
809977989 0
809978048 0
809978049 0
809978052 0
809978881 0
809978885 0
809978945 0
809978949 0
809979009 0
809979013 0
809979073 0
809979077 0
809981953 0
809982017 0
809982977 0
809982981 0
809983041 0
809983105 0
809983107 0
809983109 0
809983169 0
809983173 0
809983233 0
809983237 0
809983241 0
809983245 0
809983297 0
809983305 0
809983309 0
809983361 0
809983365 0
809983369 0
809983371 0
809983373 0
809983425 0
809983427 0
809983429 0
809983433 0
809983437 0
814088388 0
814088389 0
814089413 0
814093509 0
814095821 0
814104708 0
814105797 0
814112133 0
814112205 0
814177741 0
818284676 0
818284740 0
818289669 0
818289733 0
818289797 0
818289925 0
818289933 0
818290053 0
818290061 0
818301060 0
818302085 0
818306053 0
818306181 0
818306245 0
818306317 0
818306381 0
818306437 0
818306445 0
818306501 0
818306509 0
818355205 0
818355269 0
818355461 0
818355469 0
818355589 0
818355597 0
818355661 0
818366596 0
818366597 0
818367621 0
818367685 0
818371589 0
818371717 0
818371781 0
818371853 0
818371917 0
818371973 0
818371975 0
818371981 0
818371983 0
818372037 0
818372045 0
872841280 0
872841408 0
872841409 0
872843328 0
872843329 0
872843456 0
872843457 0
872844353 0
872844481 0
872844609 0
872844617 0
872846529 0
872846533 3
872847553 0
872848577 0
872848581 3
872848709 0
872848713 0
872848717 0
872848833 0
872848837 0
872848841 0
872848845 0
872857792 0
872857793 0
872864961 0
872864965 0
872865221 0
872865225 0
872865229 0
872906820 0
872914381 0
877037632 0
877037633 0
877037636 0
877037760 0
877037761 0
877038657 0
877038785 0
877038913 0
877038921 0
877041729 0
877041857 0
877042753 0
877042757 0
877042881 0
877042885 1
877043009 0
877043013 0
877043017 0
877043021 0
877043137 0
877043141 0
877043145 0
877043149 0
877054016 0
877054017 0
877054020 0
877054144 0
877054145 0
877055041 0
877055169 0
877055305 0
877059137 0
877059265 0
877059269 0
877059401 0
877059521 0
877059525 0
877059529 0
877059533 0
877103168 0
877108417 0
877119553 0
877119556 0
877119557 0
877119680 0
877119681 0
877119684 0
877119685 0
877120705 0
877120709 0
877124673 0
877124801 0
877124805 0
877124929 0
877124937 0
877125057 0
877125061 0
877125065 0
877125069 0
881230020 0
881231045 0
881235013 3
881235141 0
881237453 0
881251525 2
881253573 3
881253829 0
881253837 3
881300941 0
881319373 0
885426244 0
885426245 0
885426372 0
885431365 0
885431493 0
885431629 0
885431749 0
885431757 0
885443781 0
885447877 0
885448133 0
885448141 0
885513413 0
885513669 0
885513677 0
940509328 2
940523540 0
940523541 0
940523664 0
940524565 0
940528661 0
940528789 0
940528917 0
940528925 0
940529045 0
940529053 0
941572116 0
941572117 0
941572628 0
941572629 0
941572752 0
941573141 0
941573653 0
941577237 0
941577365 0
941577493 0
941577501 0
941577621 0
941577629 0
941577749 0
941577877 0
941578005 0
941578013 0
941578133 0
941578141 0
944719888 0
944719892 0
944719893 0
944720016 0
944720017 0
944720021 0
944720080 0
944720081 0
944720917 0
944721041 0
944721105 0
944725013 0
944725137 0
944725141 0
944725201 0
944725203 0
944725265 0
944725273 0
944725277 0
944725393 0
944725401 0
944725405 0
944725457 0
944725459 0
944725465 0
944725467 0
944725469 0
945768468 0
945768469 0
945769168 0
945769493 0
945769617 0
945769621 0
945773589 0
945773717 0
945773849 0
945773853 0
945773977 0
945774041 0
945774101 0
945774553 0
948912148 0
948912149 0
948912276 0
948912277 0
948913173 0
948913301 0
948917269 0
948917397 0
948917525 0
948917533 0
948917653 0
948917661 0
949960724 0
949960725 0
949961236 0
949961237 0
949961749 0
949962261 0
949965845 0
949965973 0
949966101 0
949966109 0
949966229 0
949966237 0
949966357 0
949966485 0
949966613 0
949966621 0
949966741 0
949966749 0
953108500 0
953108501 0
953108628 0
953108629 0
953109653 0
953113749 0
953114005 0
953114013 0
954157076 0
954157077 0
954157204 0
954162197 0
958349844 0
958349845 0
958350869 0
958352016 3
958352049 0
958352053 0
958354965 0
958355093 0
958355221 0
958355229 0
958355349 0
958355357 0
958357169 0
958357173 0
958357401 1
962546192 0
962546193 0
962546196 0
962546197 0
962547221 0
962547345 0
962547349 0
962547413 0
962547441 0
962551317 0
962551349 0
962551441 0
962551445 0
962551473 0
962551505 0
962551509 0
962551537 0
962551577 0
962551641 0
962551697 0
962551705 0
962551741 0
962551769 0
966738452 0
966738453 0
966739477 0
966743573 0
966743701 0
966743829 0
966743837 0
966743957 0
966743965 0
970934804 0
970934805 0
970935829 0
970939925 0
970940053 0
970940317 0
1011867097 0
1012915545 0
1012915921 0
1012916185 0
1025493745 0
1025494737 0
1025498833 0
1025499089 0
1025499097 0
1025499129 0
1025499133 0
1029693137 0
1029693169 0
1029693273 0
1029693401 0
1029693429 0
1610876169 0
1610878217 0
1610878281 0
1610882313 0
1610882317 0
1610894601 0
1610894665 0
1610898697 0
1610898761 0
1610898825 0
1610907017 0
1610960137 0
1611007241 0
1611009289 0
1611009353 0
1611011337 0
1611011465 1
1611013385 0
1611013389 0
1611013453 0
1611019657 0
1611025673 0
1611025737 0
1611029769 0
1611029833 0
1611029897 0
1611029961 0
1611074825 0
1611091209 0
1611091273 0
1611095305 0
1611095309 0
1611095369 0
1615072521 0
1615072585 0
1615088905 0
1615088969 0
1615093001 0
1615093129 0
1615101193 0
1615101321 0
1615138057 0
1615154441 0
1615158537 0
1615203593 0
1615203657 0
1615207689 0
1615207693 0
1615207753 0
1615207757 0
1615207817 0
1615207881 0
1615219977 0
1615220041 0
1615220105 0
1615224073 0
1615224077 0
1615224137 0
1615224201 0
1615224205 0
1615224265 0
1615232393 0
1615232457 0
1615269129 0
1615269193 0
1615273289 0
1615285513 0
1615285577 0
1615289609 0
1615289613 0
1615289673 0
1615289677 0
1615289737 0
1615289801 0
1615297929 0
1619270989 0
1619401997 0
1619402061 0
1623465293 0
1623596301 0
1623596365 0
1623612749 0
1623612813 0
1623678221 0
1623678349 0
1623686413 0
1644432649 0
1644432713 0
1644436745 0
1644436749 0
1644436809 0
1644438793 0
1644440841 1
1644442889 0
1644443017 0
1644445005 0
1644445069 0
1644445133 0
1644449033 0
1644449097 0
1644453129 0
1644453193 0
1644453257 0
1644457225 3
1644457229 3
1644461449 3
1644461453 0
1644461517 0
1644514569 0
1644518665 0
1644518669 0
1644518729 0
1644526857 0
1644526921 0
1644526989 0
1644567885 0
1644574089 0
1644576077 0
1648626953 0
1648627017 0
1648631113 0
1648631117 0
1648635209 0
1648639241 0
1648639245 0
1648639309 0
1648639373 0
1648643337 0
1648643401 0
1648647433 0
1648647497 0
1648647561 0
1648651529 0
1648655625 0
1648655689 0
1648655753 0
1648655757 0
1648655817 0
1648655821 0
1648712969 0
1648713033 0
1648717065 0
1648721161 0
1648721225 0
1648721289 0
1648721293 0
1648786825 0
1648786889 0
1652825357 0
1652831565 0
1652833549 0
1652833613 0
1652833677 0
1652833741 0
1652915597 0
1652915661 0
1657019661 0
1657027917 0
1657027981 0
1657028045 0
1657109773 0
1657158989 0
1657240845 0
1678019913 0
1678024009 0
1678024137 0
1678036297 0
1678040393 0
1678105929 0
1678105933 0
1678150985 0
1678155081 0
1678155085 0
1678155209 0
1678167369 0
1678216521 0
1678232905 0
1678237001 0
1678237005 0
1682214217 0
1682230601 0
1682234825 0
1682300233 0
1682345289 0
1682345293 0
1682349385 0
1682349389 0
1682349513 0
1682361673 0
1682365769 0
1682365773 0
1682365897 0
1682374089 0
1682410825 0
1682427209 0
1682431305 0
1682431309 0
1682431433 0
1682431437 0
1682439625 0
1686543693 0
1690737997 0
1690819917 0
1711574345 0
1711578441 0
1711578445 0
1711582537 0
1711586637 0
1711586765 0
1711590729 0
1711594825 0
1711598921 0
1711603149 0
1711648073 0
1711660361 0
1711660365 0
1711664457 0
1711668557 0
1711668681 0
1711668685 0
1715768649 0
1715772749 0
1715776841 0
1715780937 0
1715780941 0
1715785033 0
1715789129 0
1715789257 0
1715793225 0
1715797321 0
1715797449 0
1715797453 0
1715842377 0
1715854665 0
1715858761 0
1715862857 0
1715862985 0
1715862989 0
1715928521 0
1719975373 0
1720057293 0
1724169549 0
1724169677 0
1724292429 0
1745700121 0
1745831193 0
1745831197 0
1745835293 0
1745837337 3
1746748697 0
1746749209 0
1746756889 0
1746879769 0
1746879773 0
1746880281 0
1746880285 0
1746883869 0
1746884381 0
1746892061 0
1749896473 0
1750027545 0
1750027609 0
1750031641 0
1750031645 0
1750031769 0
1750031773 0
1751076121 0
1751076185 0
1751076633 0
1751076697 0
1751080345 0
1754223901 0
1755272477 0
1755272989 0
1758289309 0
1758420381 0
1763526425 0
1763657497 0
1763657501 0
1763659545 0
1763661597 0
1763663641 0
1763663769 0
1767722777 0
1767853849 0
1767857945 0
1767858073 0
1772050205 0
1779262745 0
1779266841 0
1779266845 0
1780311833 0
1780315417 0
1780315421 0
1780315929 0
1780315933 0
1780446493 0
1783450905 0
1783455129 0
1783455193 0
1783463193 0
1783463197 0
1783463321 0
1783463325 0
1783463385 0
1784512473 0
1787655453 0
1788704029 0
1788704541 0
1791851805 0
1791851933 0
1797089049 0
1797093145 0
1797093149 0
1801277209 0
1801289625 0
1801420761 0
1805481757 0
1817169241 0
1817173337 0
1817173465 0
1830801241 0
1834995545 0
1834999769 0
1850605017 0
1864237017 0
1868431321 0
1879313673 3
1879313737 0
1879317769 0
1879317833 0
1879317961 0
1879321865 3
1879330057 3
1879334281 0
1879444745 0
1879444809 0
1879448841 0
1879448905 0
1879448969 0
1879448973 0
1879449033 0
1879449037 0
1879457225 0
1879457229 0
1879461129 3
1879461257 0
1879465289 0
1879465353 3
1879465417 0
1879465421 0
1879473545 3
1879514569 0
1879514573 0
1879530761 0
1883507977 0
1883508041 0
1883512265 0
1883520457 0
1883524361 0
1883524489 0
1883528457 0
1883528585 0
1883536777 0
1883585993 0
1883585997 0
1883593993 0
1883639049 0
1883639113 0
1883643145 0
1883643209 0
1883643273 0
1883643337 0
1883643341 0
1883655433 0
1883655497 0
1883655561 0
1883659529 0
1883659533 0
1883659657 0
1883659661 0
1883659721 0
1883659725 0
1883667849 0
1883667913 0
1883708681 0
1883708685 0
1883708873 0
1883708877 0
1883725065 0
1883725069 0
1883725133 0
1883725193 0
1883725197 0
1887837645 0
1887854029 0
1887919565 0
1892048141 0
1892048269 0
1912868105 0
1912872201 3
1912872265 0
1912872329 0
1912872393 0
1912872397 0
1912876297 3
1912880521 3
1912880525 1
1912880585 0
1912880589 0
1912884489 3
1912888585 3
1912896781 3
1912896905 3
1912896909 2
1912946121 0
1912962313 3
1912962445 0
1913003465 0
1913003469 0
1913011657 0
1913027977 3
1913028041 0
1913085389 0
1917062409 0
1917062473 0
1917066505 0
1917066569 0
1917066633 0
1917066697 0
1917066701 0
1917074825 0
1917074829 0
1917074889 0
1917074893 0
1917078793 0
1917078857 0
1917083017 0
1917083081 0
1917086985 0
1917091209 0
1917091213 0
1917091273 0
1917091277 0
1917140301 3
1917140425 0
1917148425 0
1917156745 0
1917156749 0
1917156809 0
1917156813 0
1917197769 0
1917205965 0
1917214089 0
1917222281 0
1917222345 0
1917222349 0
1917263181 0
1917271501 0
1917279501 0
1921266957 0
1921269005 0
1921269133 0
1921269197 0
1921285517 0
1921285581 0
1921351053 0
1921351117 0
1921400269 0
1921416653 0
1925455309 0
1925463309 0
1925463437 0
1925463501 0
1925479821 0
1925479885 0
1925537165 2
1925545357 0
1925545421 0
1946455369 0
1946459593 0
1946475977 0
1946525129 0
1946541385 0
1946586441 0
1946590665 1
1946590669 0
1946607049 0
1946607053 0
1946672457 0
1946672589 0
1950649673 0
1950653897 0
1950662089 0
1950670281 0
1950727625 0
1950780745 0
1950784841 0
1950784845 0
1950784969 0
1950784973 0
1950797129 0
1950801225 0
1950801229 0
1950801353 0
1950801357 0
1950809545 0
1950850377 0
1950850505 0
1950866761 0
1950866765 0
1950866889 0
1954979149 0
1954979277 0
1954995661 0
1955061197 0
1959173453 0
1959173581 0
1959189965 0
1980009801 0
1980014025 0
1980014029 0
1980022217 0
1980022221 0
1980038601 0
1980085581 3
1980087753 0
1980104141 0
1980145097 0
1980145101 0
1980153289 0
1980227021 0
1984204105 0
1984208205 0
1984208329 0
1984216521 0
1984216525 0
1984220489 0
1984232905 0
1984232909 0
1984281929 0
1984281933 3
1984282057 0
1984298441 0
1984298445 0
1984339277 0
1984363977 0
1988410701 3
1988410829 0
1988427213 3
1988492749 0
1988533581 0
1988533709 0
1992605133 0
1992621517 0
1992687053 0
1992736205 2
2014147997 0
2014270749 0
2014270877 0
2014279069 0
2015319325 0
2015319453 0
2015319837 0
2015319965 0
2015327645 0
2018467225 0
2018467229 0
2018467289 0
2018467291 0
2018467293 0
2018475417 0
2018475421 0
2018475481 0
2018475485 0
2019384601 0
2019515673 0
2019515801 0
2022536605 0
2022659357 0
2022659485 0
2022667677 0
2023707933 0
2023708061 0
2023708445 0
2023708573 0
2023716253 0
2026855837 0
2026864029 0
2032097053 0
2032097181 0
2032099097 0
2032107449 2
2036293401 0
2036293529 0
2040485661 0
2040485789 0
2047702301 0
2047702429 0
2048750873 0
2048750877 0
2048751005 0
2048751385 0
2048751389 0
2048753053 0
2051890585 0
2051890649 0
2051898649 0
2051898653 0
2051898777 0
2051898781 0
2051898841 0
2051898845 0
2052021657 0
2052029849 0
2052029853 0
2052029913 0
2052029917 0
2052939097 0
2052939673 0
2052947225 0
2052947353 0
2052947357 0
2052947869 0
2056091037 0
2056093149 0
2056222109 0
2057139613 0
2057139997 0
2057140125 0
2057141661 0
2057270685 0
2060287261 0
2060287389 0
2060287453 0
2060418461 0
2061336477 0
2065528601 0
2065528605 0
2069716953 0
2069725081 0
2069725149 0
2073917213 0
2073917341 0
2074048413 0
2085608793 0
2085608921 0
2085608925 0
2085617113 0
2085617117 0
2086657369 0
2099240957 0
2119040473 0
2119040477 0
2119171545 0
2119171549 0
2127429085 0
2132664281 0
4834352133 0
4834352389 0
4834352397 0
4838524996 0
4838530117 0
4838530309 0
4838530317 0
4838530381 0
4838530509 0
4838546437 0
4838546501 0
4838546565 0
4838546693 0
4838546701 0
4838546757 0
4838546765 0
4838546821 0
4838546829 0
4842724621 0
4846913540 0
4846913541 0
4846913604 0
4846913605 0
4846914565 0
4846918661 0
4846929924 0
4846935045 0
4846935109 0
4846935301 0
4846935309 0
4901493829 0
4901494085 0
4905672005 0
4905688133 0
4905688389 0
4905688397 0
4909866317 0
4914060613 0
4968569861 3
4968569989 3
4968570117 3
4968570125 3
4968570245 3
4968570253 3
4969136212 0
4969152532 0
4969152596 0
4969157909 0
4969157917 0
4970206229 0
4970206485 0
4970206493 0
4970206741 0
4970206997 0
4970207005 0
4972742660 0
4972742724 0
4973332500 0
4973348884 0
4973348885 0
4973348948 0
4973349012 0
4973349013 0
4973349909 0
4973350037 0
4973352981 0
4973354005 0
4973354069 0
4973354133 0
4973354261 0
4973354269 0
4973354325 0
4973354333 0
4973354389 0
4973354397 0
4974397460 0
4974397461 0
4974397524 0
4974402581 0
4974402845 0
4974402909 0
4977541140 0
4978595093 0
4978595101 0
4978595229 0
4978595605 0
4978595613 0
4981737492 0
4981737493 0
4981737557 0
4981737620 0
4981738517 0
4981738581 0
4981742613 0
4981742677 0
4981742741 0
4981742869 0
4981742877 0
4981742933 0
4981742941 0
4981743069 0
4982786068 0
4982787093 0
4982791189 0
4982791445 0
4986980372 0
4986980884 3
4986983709 0
4986983957 0
4986984213 0
4986984221 0
4986984349 0
4986984981 2
4986986005 3
4986986037 3
4986986133 0
4986986293 3
4986986301 3
4986986397 3
4991174676 0
4991175188 0
4991175220 0
4991176245 0
4991179797 0
4991180061 0
4991180189 0
4991180309 0
4991180565 0
4991180573 0
4991180605 0
4991180637 0
4991180701 0
4995372317 0
4995372829 0
4995372957 0
4995374613 3
4995374645 0
4995374709 3
4995374711 3
4995374869 3
4995374877 3
4995374901 3
4995374909 3
4995374965 3
4995374967 3
4995374973 3
4995374975 3
4999563284 0
4999563412 0
4999563796 0
4999563828 0
4999563860 0
4999564309 0
4999564853 0
4999568405 0
4999568533 0
4999568661 0
4999568669 0
4999568917 0
4999568949 0
4999569045 0
4999569077 0
4999569181 0
4999569213 0
4999569301 0
4999569309 0
5036277844 0
5040495701 0
5040495957 0
5040495965 0
5048879188 0
5048879189 0
5048884309 0
5048884437 0
5048884565 0
5048884573 0
5048884693 0
5054127861 0
5066710877 0
5066710909 0
5102771661 0
5102788045 1
5106960516 0
5106960580 0
5106965773 0
5106976773 0
5106976964 0
5106982021 0
5106982085 0
5106982157 0
5106982277 0
5106982285 0
5106982341 0
5106982349 0
5111176645 0
5111176653 0
5115349124 0
5115349188 0
5115354509 0
5115354573 0
5115365572 0
5115365573 0
5115366597 0
5115370629 0
5115370693 0
5115370885 0
5115370893 0
5115370949 0
5115370957 0
5169929413 0
5169929669 0
5169929677 0
5174107461 0
5174123717 0
5174123973 0
5174123981 0
5178318285 0
5182490820 0
5182491845 0
5182496205 0
5182512581 0
5182512589 0
5237005445 3
5237593109 0
5237593373 0
5238641685 0
5238641941 0
5238641949 0
5238642077 0
5238642197 0
5238642453 0
5238642461 0
5238642589 0
5238643925 0
5238644181 0
5238644189 0
5241784468 0
5241789653 0
5241789655 0
5241789853 0
5241789909 0
5241789911 0
5241789917 0
5241789919 0
5242838229 0
5242838429 0
5242838485 0
5242838493 0
5245981845 0
5245981909 0
5245982101 0
5245982109 0
5245982173 0
5247026709 0
5247030421 0
5247030549 0
5247030557 0
5247030677 0
5247030685 0
5247030805 0
5247030933 0
5247031061 0
5247031069 0
5247031189 0
5247031197 0
5247032533 0
5247032789 0
5247032797 0
5249588421 0
5249588677 0
5249588685 0
5250173140 0
5250173141 0
5250174165 0
5250178069 0
5250178197 0
5250178261 0
5250178325 0
5250178333 0
5250178453 0
5250178461 0
5250178517 0
5251221652 0
5251221653 0
5251226773 0
5251226837 0
5251227037 0
5251227093 0
5251227101 3
5255419413 0
5255419669 0
5255419677 0
5255419805 0
5255421141 0
5255421397 0
5255421405 0
5255421621 0
5255421653 0
5255421685 0
5255421853 3
5255421909 0
5255421917 0
5255421941 0
5255421949 0
5259615645 0
5259615709 0
5259615893 0
5259615925 0
5259615957 0
5259616157 0
5259616253 0
5263804053 0
5263807901 0
5263808021 0
5263808149 0
5263808213 0
5263808277 0
5263808285 0
5263808405 0
5263808413 0
5263808477 0
5263809749 0
5263810005 0
5263810013 0
5263810229 0
5263810261 0
5263810293 3
5263810295 3
5263810461 0
5263810493 0
5263810517 0
5263810525 0
5263810549 0
5263810551 3
5263810557 2
5263810559 3
5267999252 0
5267999957 0
5268000437 0
5268000469 0
5268003989 0
5268004053 0
5268004253 0
5268004309 0
5268004317 0
5268004405 0
5268004501 0
5268004565 0
5268004597 0
5268004629 0
5268004757 0
5268004765 0
5268004797 0
5268004821 0
5268004829 0
5268004853 0
5268004861 0
5305785557 0
5305785813 0
5305785821 0
5308341709 0
5308926036 0
5308931285 0
5308931551 0
5309980117 0
5309980125 0
5313107157 3
5313107421 2
5313123541 3
5314174165 0
5314174421 0
5314174423 0
5314174429 0
5316730053 0
5316730309 0
5316730317 0
5317314772 0
5317319893 0
5317319895 0
5317320149 0
5317320151 0
5317320157 0
5317320159 0
5318368469 3
5318368725 0
5318368733 0
5322563029 0
5322563037 0
5322563285 0
5322563541 0
5322563549 0
5322563573 0
5322563581 0
5326757591 0
5326757847 0
5326757855 0
5326757877 0
5326757885 0
5330951381 0
5330951509 0
5330951637 0
5330951645 0
5330951893 0
5330951925 2
5330951927 3
5330952149 0
5330952157 0
5330952181 0
5330952183 3
5330952189 3
5330952191 3
5335145685 0
5335145687 0
5335145941 0
5335145943 0
5335145949 0
5335145951 0
5335146197 0
5335146199 0
5335146229 0
5335146333 0
5335146453 0
5335146461 0
5335146463 0
5335146485 0
5335146493 0
5907946829 0
5908077901 0
5908094221 0
5912272205 0
5912288525 0
5916466445 0
5916482829 0
5920529741 0
5920677133 0
5920685325 0
5941501261 0
5941517581 0
5941632333 0
5941640525 0
5945695565 0
5945703757 0
5945711885 0
5949898061 0
5949914381 0
5949914445 0
5949914509 0
5949914573 0
5954092301 0
5954092365 0
5954108685 0
5954239757 0
5975104845 0
5979430221 0
5983608141 0
5983624525 0
5987818829 0
6008659277 0
6008773965 0
6012845389 0
6017056077 0
6021233997 0
6021242189 0
6021373261 0
6042311949 3
6042312077 3
6042899741 0
6042907933 0
6043825437 0
6043948317 0
6043948445 0
6043948829 0
6043956509 0
6043957021 0
6047096093 0
6047096157 0
6047096221 0
6047096285 0
6047104285 0
6047104413 0
6048144669 0
6048144797 0
6051288349 0
6052336925 0
6052337053 0
6052337437 0
6052337565 0
6052345117 0
6055484701 0
6055484765 0
6055484829 0
6055484893 0
6055492893 0
6055492957 0
6055493021 0
6060596573 0
6060725533 0
6060726045 0
6060726173 0
6060727581 0
6060727645 0
6060728093 0
6060734237 0
6064921885 0
6064922013 0
6064922397 0
6064922461 0
6064922557 0
6069114653 0
6069114781 0
6069116797 3
6069116799 3
6073310493 0
6073311005 0
6073311069 0
6075735309 3
6075866381 3
6075866509 3
6076331293 0
6076462365 0
6077379869 0
6077379997 0
6077380381 0
6077380509 0
6077510941 0
6077511069 0
6077511453 0
6080527645 0
6080527709 0
6080527773 0
6080527837 0
6080658845 0
6081568093 0
6081707485 0
6084719901 0
6085768477 0
6085768605 0
6085768989 0
6085769117 0
6085899549 0
6085899677 0
6085900061 0
6088326541 0
6088916253 0
6088916317 0
6088916381 0
6088916445 0
6089047325 0
6089047389 0
6089047453 0
6089047517 0
6094157085 0
6094157213 0
6094157597 0
6094157725 0
6094288157 0
6094288669 0
6098353437 0
6098353565 0
6098353949 0
6098354077 0
6098354141 0
6098485213 0
6102545693 0
6102545821 0
6102546205 0
6102546333 0
6102677277 0
6102677405 0
6106742685 0
6114237789 0
6114237917 0
6114246109 0
6122626397 0
6122634589 0
6127869277 0
6132064221 0
6147669341 0
6147669469 0
6148717917 0
6156057949 0
6156058077 0
6157106525 0
6161432029 0
6165486941 0
6165487453 0
6165495645 0
6165626333 0
6176513485 0
6176529869 0
6180707789 0
6180723981 0
6180724173 0
6184902093 0
6184918477 0
6189096397 0
6189112781 0
6209961357 3
6210067917 0
6214131149 0
6214139341 0
6214155725 0
6214286797 0
6218333581 0
6218333645 0
6218349965 0
6218350029 0
6218481101 0
6222527757 0
6222527885 0
6222527949 0
6222544333 0
6222650829 0
6222659021 0
6222667149 0
6222675341 0
6222675405 0
6243663181 0
6243671501 0
6247849421 0
6247865805 0
6277217613 0
6281297357 0
6285475277 0
6285491661 0
6289669581 0
6289817037 0
6310747533 2
6311335197 0
6312260893 0
6312383773 0
6312383901 0
6312384285 0
6312384413 0
6312386013 0
6312391965 0
6312392477 0
6315531677 0
6315531741 0
6315531743 0
6315539869 0
6315539933 0
6316580253 0
6316580317 0
6316588509 0
6319723805 0
6319723933 0
6319723997 0
6319732125 0
6320772381 0
6320772509 0
6320772893 0
6320773021 0
6320774621 0
6320780573 0
6320780701 0
6320781085 0
6320781213 0
6323920157 0
6323920221 0
6323920285 0
6323920349 0
6323928349 0
6323928477 0
6323928541 0
6324968861 0
6324968925 0
6324977117 0
6329030429 0
6329160989 0
6329161501 0
6329161629 0
6329163229 0
6329163677 0
6329163741 0
6329169693 0
6329171965 0
6333357469 0
6333357533 0
6333357981 0
6333366269 0
6337549597 0
6337549725 0
6337550109 0
6337550237 0
6337551837 0
6337552285 0
6337552349 0
6337552381 0
6337552383 3
6337557917 0
6337558301 0
6337558429 0
6337560029 0
6337560541 0
6337560573 0
6341746077 0
6341746141 0
6341746589 0
6341746621 0
6341746653 0
6341746685 0
6341754333 0
6341754845 0
6341754877 0
6344301965 2
6344766749 0
6344766877 0
6345815325 0
6345815453 0
6345815837 0
6345815965 0
6345946397 0
6345946525 0
6345946909 0
6345948637 0
6348955037 0
6348955101 0
6348963229 0
6348963293 0
6349086109 0
6349094301 0
6349094365 0
6350011805 0
6350011869 0
6350142941 0
6353155357 0
6353155485 0
6353286557 0
6353286621 0
6354197981 0
6354203933 0
6354204061 0
6354204445 0
6354204573 0
6354206173 0
6354329053 0
6354335005 0
6354335133 0
6354335517 0
6354335645 0
6354337245 0
6356745613 0
6356745677 0
6356761997 0
6356762061 0
6357335453 0
6357335517 0
6357351709 0
6357351773 0
6357351837 0
6357351839 0
6357351901 0
6357482909 0
6357482911 0
6357482973 0
6358392221 0
6358392285 0
6358400413 0
6358400477 0
6358400925 0
6358523357 0
6358531485 0
6358531549 0
6362592541 0
6362592669 0
6362593053 0
6362593181 0
6362594781 0
6362717661 0
6362718173 0
6362718205 0
6362723613 0
6362724125 0
6362724253 0
6362725853 0
6362726365 0
6362726397 0
6366781341 0
6366789021 0
6366789085 0
6366789533 0
6366789565 0
6366789597 0
6366912413 0
6366920093 0
6370975197 0
6370975709 0
6370975741 0
6370981149 0
6370981277 0
6370981661 0
6370981789 0
6370983325 0
6370983389 0
6370983837 0
6370983869 3
6370983871 3
6370983901 0
6370983933 0
6371106269 0
6371106781 0
6371106813 0
6371112349 0
6371112733 0
6371112861 0
6371114461 0
6371114909 0
6371114941 3
6371114943 3
6371114973 0
6371115005 0
6375169501 0
6375169949 0
6375170013 0
6375170045 0
6375177629 0
6375177631 0
6375177693 0
6375178141 0
6375178143 0
6375178173 0
6375178205 0
6375178237 0
6375300573 0
6375301021 0
6375301085 0
6375301117 0
6375308701 0
6375308765 0
6375309213 0
6375309245 0
6375309277 0
6375309309 0
6379527645 0
6382673373 0
6382673375 0
6382681565 0
6383721949 0
6386865629 3
6387916253 0
6391061981 0
6391061983 0
6391070173 0
6392110557 0
6392118749 0
6396304861 0
6396305373 0
6396305405 0
6400499677 0
6404693341 0
6404693469 0
6404693981 0
6404694013 2
6404694015 3
6404702173 0
6404702205 3
6408887773 0
6408887775 0
6408888285 0
6408888317 0
6408895965 0
6408895967 0
6408896477 0
6408896479 0
6408896509 0
6416104925 0
6416235997 0
6417153501 0
6421339613 0
6421347805 0
6421478877 0
6423887309 0
6423903693 0
6424477149 0
6424493533 0
6424624605 0
6425542109 0
6425673181 0
6429728733 0
6429728765 0
6429736413 0
6429736925 0
6429859805 0
6429868029 0
6433931229 0
6434062301 0
6438116829 0
6438117341 0
6438117373 0
6438125021 0
6438125533 0
6438125565 0
6438125567 3
6438247901 0
6438248413 0
6438248415 0
6438248445 0
6438256093 0
6438256605 0
6438256637 3
6442311133 0
6442311677 0
6442319325 0
6442319327 0
6442319709 0
6442319837 0
6442319839 0
6442319869 0
6442442205 0
6442442717 0
6442442749 0
6442450397 0
6442450399 0
6442450909 0
6442450911 0
6442450941 0
7142858359 3
7142858615 3
7142858623 3
7411293943 3
7411294197 3
7411294199 3
7411294205 3
7411294207 3
7415488501 0
7415488509 0
7470046967 3
7470047223 3
7470047231 3
7478435573 3
7478435575 3
7478435829 3
7478435831 3
7478435837 3
7478435839 3
7482630141 0
8216600447 3
8485036031 3
8489230333 0
8489238525 0
8518467517 3
8518467519 3
8518598589 3
8518598591 3
8518598653 0
8522784765 0
8522792957 0
8543789055 3
8552177661 3
8552177663 3
8585609213 2
8585609215 3
8585740285 3
8585740287 3
9395636352 3
9395637377 2
9395639689 0
9395641473 3
9395641729 3
9395641737 3
9395650688 0
9399830656 0
9399836041 0
9399836105 0
9399847040 0
9399847041 0
9399848065 0
9399848129 0
9399852161 0
9399852163 0
9399852165 0
9399852225 0
9399852417 0
9399852425 0
9399852481 0
9399852489 0
9399852493 0
9399913601 0
9399913665 0
9399917697 0
9399917701 0
9399917761 0
9399917765 0
9399917953 0
9399917957 0
9399917961 0
9399917965 0
9399918017 0
9399918025 0
9399918029 0
9408236741 0
9408240773 0
9408240837 0
9408241029 0
9408241037 0
9408241093 0
9408241101 0
9408290253 2
9408301188 0
9408302213 0
9408302277 0
9408306309 0
9408306311 0
9408306373 0
9408306565 0
9408306567 0
9408306573 0
9408306629 0
9408306637 0
9433415049 0
9441869197 3
9441869261 3
9462781385 0
9466977737 0
9466993857 0
9467055297 0
9467059393 0
9467059657 0
9475382469 0
9475382725 0
9475382733 0
9475448005 0
9475448269 0
9530463645 0
9535708573 0
9543043220 0
9543043221 0
9543044245 0
9543048341 0
9544097173 0
9556680661 0
9556680701 0
9560874901 0
9560874909 0
9619627997 0
10469383625 0
10469399945 0
10473463241 0
10473577865 0
10473577929 0
10473594249 0
10473594253 0
10473594313 0
10473602505 0
10473659785 0
10477772237 0
10477788621 0
10481982861 0
10481982925 0
10482048397 0
10482048461 0
10502815113 3
10502815117 3
10507025801 0
10507025869 0
10507156873 0
10507222409 0
10511203725 0
10511203789 0
10511220109 0
10511285645 0
10515398029 0
10515398093 0
10515414413 0
10515414477 0
10515463565 0
10515463629 0
10515479949 1
10515480013 0
10515545485 0
10515545487 0
10515611021 3
10536394189 0
10536525257 0
10536537545 0
10536541645 3
10540735949 0
10544913869 0
10544930253 0
10549124557 0
10569948621 1
10569956809 3
10569956813 0
10569973197 3
10570022345 0
10570096077 3
10570104269 3
10574151113 0
10574151117 0
10574167497 0
10574167501 0
10574216649 0
10578345421 0
10578361805 3
10578427341 0
10578492877 0
10582539725 0
10582556109 0
10582621645 0
10582687181 0
10604205469 0
10604213661 0
10609450397 0
10612594077 0
10612602269 0
10613642653 0
10613643165 0
10616790429 0
10630422429 0
10634616733 0
10634616797 0
10634624989 0
10637768093 0
10641833369 0
10641833373 0
10641833437 0
10642881949 0
10643013021 0
10646156701 0
10647074205 0
10647074717 0
10647076253 0
10650221981 0
10650353053 0
10651270557 0
10651271069 0
10651271133 0
10651401629 0
10651402141 0
10659790813 0
10663853981 0
10663854045 0
10668048285 0
10668048349 0
10668179357 0
10668179421 0
10683932125 0
10708975069 0
10717363677 0
10730995677 0
10735189981 0
13701111247 0
13705305221 0
13705305285 0
13705305485 0
13705305541 0
13705305549 0
13772442821 0
13772446917 0
13835916501 0
13835916757 0
13835916765 0
13836965269 0
13836965277 0
13836965789 0
13841161629 0
13841161693 0
13841161695 3
13853742557 0
13853743005 0
13853743069 0
13853744605 0
13853744885 0
13853745085 0
13853745117 0
13853745141 0
13853745149 0
13853753341 0
13857933972 0
13857934997 0
13857935029 0
13857938645 0
13857938845 0
13857938901 0
13857938909 0
13857938911 0
13857938941 0
13857938943 0
13857939093 0
13857939125 0
13857939157 0
13857939189 0
13857939349 0
13857939357 0
13857939381 0
13857939389 0
13857939413 0
13857939421 0
13857939423 0
13857939445 0
13857939453 0
13857939455 0
13857947101 0
13857947549 0
13857947613 0
13857947645 0
13857947647 0
13873675677 0
13874716125 0
13874724253 0
13874724317 0
13887299549 0
13887299581 0
13887299583 0
13887305693 0
13887307261 0
13887307677 0
13887307709 0
13887307741 0
13887307743 0
13887307773 0
13887307775 0
13891493341 0
13891493375 0
13891493821 0
13891493853 0
13891493885 0
13891493887 0
13891501469 0
13891501471 0
13891501533 0
13891501535 0
13891501565 0
13891501567 0
13891501981 0
13891502013 0
13891502045 0
13891502077 0
13891502079 0
13903058133 0
13903058389 0
13903058397 0
13904109021 0
13907254749 0
13908303061 0
13908303317 0
13908303325 0
13916692181 0
13916692183 0
13916692445 0
13916692447 0
13920884189 3
13920884701 0
13920885973 0
13920886229 0
13920886237 0
13920886485 0
13920886517 0
13920886741 0
13920886749 0
13920886773 0
13920886781 0
13925075156 0
13925075157 0
13925076181 0
13925076693 0
13925080277 0
13925080533 0
13925080541 0
13925080573 0
13925080789 0
13925080821 0
13925081045 0
13925081053 0
13925081055 0
13925081077 0
13925081085 0
13925081087 0
13925089245 0
13925089277 0
13936621021 0
13954441181 0
13954441213 0
13954441215 0
13954447325 0
13954448893 0
13954449373 0
13954449405 0
13954449407 0
13958635485 0
13958635517 0
13958643165 0
13958643677 0
13958643709 0
14804090317 0
14808268173 0
14808268237 0
14808284621 0
14812462477 0
14812462541 0
14812478861 0
14812609933 0
14812609997 0
14833606093 0
14841994701 0
14846189005 0
14867021261 0
14871231949 0
14875426253 3
14875557325 0
14879620557 0
14879751629 0
14910707101 0
14913854877 0
14913863069 0
14914903453 0
14914903517 0
14914911709 0
14927484317 0
14927484829 0
14927486429 0
14927486877 0
14927486941 0
14927486973 0
14927495069 0
14927495133 0
14927495165 0
14931680669 0
14931680733 0
14931680765 0
14931680767 0
14931681181 0
14931681245 0
14931681277 0
14931688861 0
14931688925 0
14931689373 0
14931689437 0
14931689469 0
14944132573 0
14944138653 0
14944139165 0
14944140701 0
14944140765 0
14944269725 0
14944270237 0
14944271837 0
14946680205 0
14946680269 0
14946696589 0
14946696653 0
14947270045 0
14947286429 0
14947286493 0
14947409309 0
14947417501 0
14947417565 0
14948326813 0
14948326877 0
14948335005 0
14948335069 0
14948335517 0
14948457885 0
14948457949 0
14948466077 0
14948466141 0
14948466589 0
14956724125 0
14960910301 0
14960910303 0
14960910333 0
14960915869 0
14960916381 0
14960917917 0
14960917981 0
14960918013 0
14960918429 0
14960918461 3
14960918463 3
14960918493 0
14960918525 0
14961040861 0
14961040863 0
14961041373 0
14961041375 0
14961041405 0
14961041407 0
14961047453 0
14961047517 0
14961049053 0
14961049055 0
14961049501 0
14961049533 0
14961049565 0
14961049567 0
14961049597 0
14961049599 0
14965104093 0
14965104541 0
14965104573 0
14965104605 0
14965104637 0
14965104639 0
14965112221 0
14965112223 0
14965112253 0
14965112285 0
14965112287 0
14965112317 0
14965112733 0
14965112735 0
14965112765 0
14965112797 0
14965112799 0
14965112829 0
14965112831 0
14965235165 0
14965235613 0
14965235645 0
14965235677 0
14965235709 0
14965243293 0
14965243295 0
14965243357 0
14965243359 0
14965243389 0
14965243391 0
14965243805 0
14965243807 0
14965243837 0
14965243869 0
14965243871 0
14965243901 0
14965243903 0
14976800221 3
14980996573 0
14982045149 0
14982053341 0
14994626013 3
14994626525 3
14994628061 0
14994628573 0
14994628605 3
14994636765 0
14994636797 3
14998822365 0
14998822367 0
14998822877 0
14998822879 0
14998822909 0
14998830557 0
14998830559 0
14998831069 0
14998831071 0
14998831101 0
15010692557 0
15011282397 0
15011405277 0
15011413469 0
15013821901 0
15013838285 0
15014428125 0
15015468509 0
15015476701 0
15015599581 0
15015607773 0
15028049885 3
15028051421 0
15028051933 0
15028051965 0
15028059613 0
15028059645 0
15028060125 0
15028060157 0
15028182493 0
15028182495 0
15028183005 0
15028183007 0
15028183037 0
15028189149 0
15028190685 0
15028190717 0
15028191197 0
15028191229 0
15032245725 0
15032246237 0
15032246269 0
15032253917 0
15032253919 0
15032253949 0
15032254429 0
15032254431 0
15032254461 0
15032376797 0
15032377309 0
15032377341 0
15032384989 0
15032384991 0
15032385021 0
15032385023 0
15032385501 0
15032385503 0
15032385533 0
15032385535 0
16001228533 0
16001228733 0
16001228797 0
16001228799 0
16001236989 0
16005422837 0
16005423037 0
16005423039 3
16005423093 0
16005423095 0
16005423101 0
16005423103 0
16005431293 0
16034783165 0
16034783229 0
16034783231 0
16034791357 0
16034791421 0
16034791423 0
16038985661 0
16038985725 0
16038985727 0
16068370429 2
16068370431 3
16072564469 0
16072564725 0
16072564727 0
16072564733 0
16072564735 0
16072572925 0
16072572927 2
16101924861 0
16101933053 0
16101933055 0
16106119165 0
16106127357 0
16106127359 0
17079164925 0
17079173117 0
17108402109 3
17108402111 3
17108402173 0
17108402175 0
17108525055 0
17108533245 0
17108533247 0
17112596477 0
17112596479 0
17112727485 0
17112727487 0
17112727549 0
17112727551 0
17142112253 3
17142112255 3
17142120445 3
17142120447 3
17146306557 0
17175543805 1
17175543807 3
17175674877 3
17175674879 3
17179738109 0
17179738111 0
17179869181 0
17179869183 0

